hora,nivel_m,chuva_mm,vazao_m3s
2024-09-26T00:00,1.649,0.0,64.71
2024-09-26T01:00,1.641,0.0,64.35
2024-09-26T02:00,1.636,0.0,64.12
2024-09-26T03:00,1.63,0.0,63.85
2024-09-26T04:00,1.624,0.0,63.58
2024-09-26T05:00,1.618,0.0,63.31
2024-09-26T06:00,1.614,0.0,63.13
2024-09-26T07:00,1.609,0.0,62.91
2024-09-26T08:00,1.605,0.0,62.73
2024-09-26T09:00,1.6,0.0,62.5
2024-09-26T10:00,1.597,0.0,62.37
2024-09-26T11:00,1.593,0.0,62.19
2024-09-26T12:00,1.591,0.0,62.1
2024-09-26T13:00,1.585,0.0,61.83
2024-09-26T14:00,1.576,0.0,61.42
2024-09-26T15:00,1.554,0.0,60.43
2024-09-26T16:00,1.559,0.0,60.66
2024-09-26T17:00,1.551,0.0,60.3
2024-09-26T18:00,1.541,0.0,59.85
2024-09-26T19:00,1.534,0.0,59.53
2024-09-26T20:00,1.524,0.0,59.08
2024-09-27T04:00,1.484,0.0,57.28
2024-09-27T07:00,1.479,0.0,57.06
2024-09-27T08:00,1.478,0.0,57.01
2024-09-27T09:00,1.474,0.0,56.83
2024-09-27T10:00,1.468,0.0,56.56
2024-09-27T11:00,1.469,0.0,56.61
2024-09-27T12:00,1.468,0.2,56.56
2024-09-27T13:00,1.467,0.0,56.52
2024-09-27T14:00,1.467,0.0,56.52
2024-09-27T15:00,1.469,0.0,56.61
2024-09-27T16:00,1.465,0.0,56.43
2024-09-27T17:00,1.467,0.0,56.52
2024-09-27T18:00,1.456,0.0,56.02
2024-09-27T19:00,1.452,0.0,55.84
2024-09-27T20:00,1.441,0.0,55.35
2024-09-27T21:00,1.439,0.0,55.26
2024-09-27T22:00,1.433,0.0,54.99
2024-09-27T23:00,1.428,0.0,54.76
2024-09-28T00:00,1.424,0.0,54.58
2024-09-28T01:00,1.414,0.0,54.13
2024-09-28T02:00,1.411,0.0,54.0
2024-09-28T03:00,1.416,0.0,54.22
2024-09-28T04:00,1.406,0.0,53.77
2024-09-28T05:00,1.406,0.0,53.77
2024-09-28T06:00,1.403,0.0,53.64
2024-09-28T07:00,1.396,0.0,53.32
2024-09-28T08:00,1.405,0.0,53.73
2024-09-28T09:00,1.407,0.0,53.82
2024-09-28T10:00,1.405,0.0,53.73
2024-09-28T11:00,1.404,0.0,53.68
2024-09-28T12:00,1.403,0.0,53.64
2024-09-28T13:00,1.412,0.0,54.04
2024-09-28T14:00,1.408,0.0,53.86
2024-09-28T15:00,1.403,0.0,53.64
2024-09-28T16:00,1.401,0.0,53.55
2024-09-28T17:00,1.395,0.0,53.28
2024-09-28T18:00,1.388,0.0,52.96
2024-09-28T19:00,1.382,0.0,52.69
2024-09-28T20:00,1.375,0.0,52.38
2024-09-28T21:00,1.374,0.0,52.33
2024-09-28T22:00,1.37,0.0,52.15
2024-09-28T23:00,1.367,0.0,52.02
2024-09-29T00:00,1.369,0.0,52.11
2024-09-29T01:00,1.365,0.0,51.93
2024-09-29T02:00,1.359,0.0,51.66
2024-09-29T03:00,1.362,0.0,51.79
2024-09-29T04:00,1.361,0.0,51.75
2024-09-29T05:00,1.359,0.0,51.66
2024-09-29T06:00,1.353,0.0,51.39
2024-09-29T07:00,1.36,0.0,51.7
2024-09-29T08:00,1.361,0.0,51.75
2024-09-29T09:00,1.361,0.0,51.75
2024-09-29T10:00,1.349,0.0,51.21
2024-09-29T11:00,1.361,0.0,51.75
2024-09-29T12:00,1.359,0.0,51.66
2024-09-29T13:00,1.365,0.0,51.93
2024-09-29T14:00,1.356,0.0,51.52
2024-09-29T15:00,1.365,0.0,51.93
2024-09-29T16:00,1.356,0.0,51.52
2024-09-29T17:00,1.351,0.0,51.3
2024-09-29T18:00,1.338,0.0,50.71
2024-09-29T19:00,1.329,0.0,50.31
2024-09-29T20:00,1.324,0.0,50.08
2024-09-29T21:00,1.321,0.0,49.95
2024-09-29T22:00,1.319,0.0,49.86
2024-09-29T23:00,1.316,0.0,49.72
2024-09-30T00:00,1.309,0.0,49.41
2024-09-30T01:00,1.306,0.0,49.27
2024-09-30T02:00,1.301,0.0,49.05
2024-09-30T03:00,1.299,0.0,48.96
2024-09-30T04:00,1.297,0.0,48.87
2024-09-30T05:00,1.293,0.0,48.69
2024-09-30T06:00,1.29,0.0,48.55
2024-09-30T07:00,1.289,0.0,48.51
2024-09-30T08:00,1.288,0.0,48.46
2024-09-30T09:00,1.286,0.0,48.37
2024-09-30T10:00,1.275,0.0,47.88
2024-09-30T11:00,1.285,0.0,48.33
2024-09-30T12:00,1.286,0.0,48.37
2024-09-30T13:00,1.286,0.0,48.37
2024-09-30T14:00,1.284,0.0,48.28
2024-09-30T15:00,1.282,0.0,48.19
2024-09-30T16:00,1.279,0.0,48.06
2024-09-30T17:00,1.273,0.0,47.79
2024-09-30T18:00,1.267,0.0,47.52
2024-09-30T19:00,1.259,0.0,47.16
2024-09-30T20:00,1.255,0.0,46.98
2024-09-30T21:00,1.253,0.0,46.89
2024-09-30T22:00,1.251,0.0,46.8
2024-09-30T23:00,1.25,0.0,46.75
2024-10-01T00:00,1.248,0.0,46.66
2024-10-01T01:00,1.245,0.0,46.53
2024-10-01T02:00,1.243,0.0,46.44
2024-10-01T03:00,1.242,0.0,46.39
2024-10-01T04:00,1.24,0.0,46.3
2024-10-01T07:00,1.233,0.0,45.99
2024-10-01T08:00,1.231,0.0,45.9
2024-10-01T09:00,1.231,0.0,45.9
2024-10-01T10:00,1.219,0.0,45.36
2024-10-01T11:00,1.211,0.0,45.0
2024-10-01T12:00,1.216,0.0,45.22
2024-10-01T13:00,1.204,0.0,44.68
2024-10-01T14:00,1.2,0.0,44.5
2024-10-01T15:00,1.193,0.0,44.2
2024-10-01T16:00,1.205,0.0,44.73
2024-10-01T17:00,1.207,0.0,44.82
2024-10-01T18:00,1.199,0.0,44.46
2024-10-01T19:00,1.19,0.0,44.08
2024-10-01T20:00,1.187,0.0,43.95
2024-10-01T21:00,1.183,0.0,43.78
2024-10-01T22:00,1.18,0.0,43.65
2024-10-01T23:00,1.178,0.0,43.57
2024-10-02T00:00,1.175,0.0,43.44
2024-10-02T01:00,1.174,0.0,43.4
2024-10-02T02:00,1.172,0.0,43.31
2024-10-02T03:00,1.171,0.0,43.27
2024-10-02T04:00,1.171,0.0,43.27
2024-10-02T05:00,1.17,0.0,43.23
2024-10-02T06:00,1.169,0.0,43.18
2024-10-02T07:00,1.166,0.0,43.06
2024-10-02T08:00,1.166,0.0,43.06
2024-10-02T09:00,1.165,0.0,43.01
2024-10-02T10:00,1.162,0.0,42.89
2024-10-02T11:00,1.162,0.0,42.89
2024-10-02T12:00,1.147,0.0,42.25
2024-10-02T13:00,1.151,0.0,42.42
2024-10-02T14:00,1.177,10.0,43.52
2024-10-02T15:00,1.245,10.0,46.53
2024-10-02T16:00,1.245,0.0,46.53
2024-10-02T17:00,1.251,3.0,46.8
2024-10-02T18:00,1.244,0.0,46.48
2024-10-02T19:00,1.236,0.0,46.12
2024-10-02T20:00,1.229,0.0,45.81
2024-10-02T21:00,1.226,0.0,45.67
2024-10-03T01:00,1.239,0.0,46.26
2024-10-03T02:00,1.243,0.0,46.44
2024-10-03T03:00,1.247,0.0,46.62
2024-10-03T04:00,1.252,0.0,46.84
2024-10-03T05:00,1.256,0.0,47.02
2024-10-03T06:00,1.263,0.0,47.34
2024-10-03T07:00,1.269,0.0,47.61
2024-10-03T08:00,1.279,0.0,48.06
2024-10-03T09:00,1.286,0.0,48.37
2024-10-03T10:00,1.297,0.0,48.87
2024-10-03T11:00,1.298,0.0,48.91
2024-10-03T12:00,1.319,0.0,49.86
2024-10-03T13:00,1.333,0.0,50.49
2024-10-03T14:00,1.341,0.0,50.85
2024-10-03T15:00,1.361,0.0,51.75
2024-10-03T16:00,1.379,0.0,52.56
2024-10-03T17:00,1.398,0.0,53.41
2024-10-03T18:00,1.416,0.0,54.22
2024-10-03T19:00,1.438,0.0,55.21
2024-10-03T20:00,1.448,0.0,55.66
2024-10-03T21:00,1.465,0.0,56.43
2024-10-03T22:00,1.482,0.0,57.19
2024-10-03T23:00,1.497,0.0,57.87
2024-10-04T00:00,1.511,0.0,58.5
2024-10-04T01:00,1.525,0.0,59.13
2024-10-04T02:00,1.539,0.0,59.76
2024-10-04T03:00,1.553,0.0,60.39
2024-10-04T04:00,1.564,0.0,60.88
2024-10-04T05:00,1.576,0.0,61.42
2024-10-04T06:00,1.586,0.0,61.87
2024-10-04T07:00,1.597,0.0,62.37
2024-10-04T08:00,1.607,0.0,62.82
2024-10-04T09:00,1.616,0.0,63.22
2024-10-04T10:00,1.625,0.0,63.63
2024-10-04T11:00,1.631,0.0,63.9
2024-10-04T12:00,1.637,0.0,64.17
2024-10-04T13:00,1.642,0.0,64.39
2024-10-04T14:00,1.646,0.0,64.57
2024-10-04T15:00,1.65,0.0,64.75
2024-10-04T16:00,1.65,0.0,64.75
2024-10-04T17:00,1.652,0.0,64.84
2024-10-04T18:00,1.651,0.0,64.8
2024-10-04T19:00,1.651,0.0,64.8
2024-10-04T20:00,1.647,0.0,64.62
2024-10-04T21:00,1.645,0.0,64.53
2024-10-04T22:00,1.641,0.0,64.35
2024-10-04T23:00,1.639,0.0,64.26
2024-10-05T00:00,1.635,0.0,64.08
2024-10-05T01:00,1.632,0.0,63.94
2024-10-05T02:00,1.629,0.0,63.81
2024-10-05T03:00,1.626,0.0,63.67
2024-10-05T04:00,1.622,0.0,63.49
2024-10-05T05:00,1.619,0.0,63.36
2024-10-05T06:00,1.616,0.0,63.22
2024-10-05T07:00,1.612,0.0,63.04
2024-10-05T08:00,1.604,0.0,62.68
2024-10-05T09:00,1.605,0.0,62.73
2024-10-05T10:00,1.6,0.0,62.5
2024-10-05T11:00,1.594,0.0,62.23
2024-10-05T12:00,1.59,0.0,62.05
2024-10-05T13:00,1.59,0.0,62.05
2024-10-05T14:00,1.582,0.0,61.69
2024-10-05T15:00,1.572,0.0,61.24
2024-10-05T16:00,1.571,0.0,61.2
2024-10-05T17:00,1.564,0.0,60.88
2024-10-05T18:00,1.549,0.0,60.21
2024-10-05T19:00,1.544,0.0,59.98
2024-10-05T20:00,1.538,0.0,59.71
2024-10-05T21:00,1.527,0.0,59.22
2024-10-05T22:00,1.521,0.0,58.95
2024-10-05T23:00,1.513,0.0,58.59
2024-10-06T00:00,1.507,0.0,58.32
2024-10-06T01:00,1.498,0.0,57.91
2024-10-06T02:00,1.492,0.0,57.64
2024-10-06T03:00,1.49,0.0,57.55
2024-10-06T04:00,1.485,0.0,57.33
2024-10-06T05:00,1.477,0.0,56.97
2024-10-06T06:00,1.475,0.0,56.88
2024-10-06T07:00,1.472,0.0,56.74
2024-10-06T08:00,1.468,0.0,56.56
2024-10-06T09:00,1.465,0.0,56.43
2024-10-06T10:00,1.455,0.0,55.98
2024-10-06T11:00,1.455,0.0,55.98
2024-10-06T12:00,1.453,0.0,55.89
2024-10-06T13:00,1.445,0.0,55.53
2024-10-06T14:00,1.442,0.0,55.39
2024-10-06T15:00,1.437,0.0,55.17
2024-10-06T16:00,1.423,0.0,54.54
2024-10-06T17:00,1.421,0.0,54.45
2024-10-06T18:00,1.401,0.0,53.55
2024-10-06T19:00,1.386,0.0,52.87
2024-10-06T20:00,1.386,0.0,52.87
2024-10-06T21:00,1.376,0.0,52.42
2024-10-06T22:00,1.362,0.0,51.79
2024-10-06T23:00,1.347,0.0,51.12
2024-10-07T00:00,1.34,0.0,50.8
2024-10-07T01:00,1.327,0.0,50.22
2024-10-07T02:00,1.325,0.0,50.13
2024-10-07T03:00,1.32,0.0,49.9
2024-10-07T04:00,1.308,0.0,49.36
2024-10-07T05:00,1.299,0.0,48.96
2024-10-07T06:00,1.292,0.0,48.64
2024-10-07T07:00,1.286,0.0,48.37
2024-10-07T08:00,1.278,0.0,48.01
2024-10-07T09:00,1.273,0.0,47.79
2024-10-07T10:00,1.266,0.0,47.47
2024-10-07T11:00,1.263,0.0,47.34
2024-10-07T12:00,1.261,0.0,47.25
2024-10-07T13:00,1.257,0.0,47.07
2024-10-07T14:00,1.255,0.0,46.98
2024-10-07T15:00,1.25,0.0,46.75
2024-10-07T16:00,1.244,0.0,46.48
2024-10-07T17:00,1.239,0.0,46.26
2024-10-07T18:00,1.234,0.0,46.03
2024-10-07T19:00,1.232,0.0,45.94
2024-10-07T20:00,1.23,0.0,45.85
2024-10-07T21:00,1.227,0.0,45.72
2024-10-07T22:00,1.224,0.0,45.58
2024-10-07T23:00,1.222,0.0,45.49
2024-10-08T00:00,1.219,0.0,45.36
2024-10-08T01:00,1.215,0.0,45.18
2024-10-08T02:00,1.212,0.0,45.04
2024-10-08T03:00,1.207,0.0,44.82
2024-10-08T04:00,1.203,0.0,44.64
2024-10-08T05:00,1.198,0.0,44.42
2024-10-08T06:00,1.195,0.0,44.29
2024-10-08T07:00,1.192,0.0,44.16
2024-10-08T08:00,1.191,0.0,44.12
2024-10-08T09:00,1.189,0.0,44.03
2024-10-08T10:00,1.187,0.0,43.95
2024-10-08T11:00,1.187,0.0,43.95
2024-10-08T12:00,1.188,0.0,43.99
2024-10-08T13:00,1.185,0.0,43.86
2024-10-08T14:00,1.185,0.0,43.86
2024-10-08T15:00,1.181,0.0,43.69
2024-10-08T16:00,1.178,0.0,43.57
2024-10-08T17:00,1.172,0.0,43.31
2024-10-08T18:00,1.149,0.0,42.33
2024-10-08T19:00,1.167,0.6,43.1
2024-10-09T02:00,1.142,0.0,42.04
2024-10-09T03:00,1.137,0.0,41.82
2024-10-09T04:00,1.133,0.0,41.65
2024-10-09T05:00,1.125,0.0,41.31
2024-10-09T08:00,1.146,4.4,42.21
2024-10-09T09:00,1.148,0.0,42.29
2024-10-09T10:00,1.145,1.2,42.16
2024-10-09T11:00,1.134,1.8,41.7
2024-10-09T12:00,1.149,1.4,42.33
2024-10-09T13:00,1.144,0.6,42.12
2024-10-09T14:00,1.14,1.8,41.95
2024-10-09T15:00,1.144,2.8,42.12
2024-10-09T16:00,1.158,1.6,42.72
2024-10-09T17:00,1.165,0.6,43.01
2024-10-09T18:00,1.165,0.2,43.01
2024-10-09T19:00,1.163,0.0,42.93
2024-10-09T20:00,1.162,0.0,42.89
2024-10-09T22:00,1.161,0.0,42.84
2024-10-09T23:00,1.162,0.0,42.89
2024-10-10T00:00,1.163,0.0,42.93
2024-10-10T01:00,1.166,0.0,43.06
2024-10-10T02:00,1.171,0.0,43.27
2024-10-10T04:00,1.183,0.2,43.78
2024-10-10T08:00,1.227,0.8,45.72
2024-10-10T09:00,1.239,0.0,46.26
2024-10-10T10:00,1.238,1.0,46.21
2024-10-10T11:00,1.266,0.2,47.47
2024-10-10T12:00,1.279,0.0,48.06
2024-10-10T13:00,1.294,0.0,48.73
2024-10-10T14:00,1.306,0.8,49.27
2024-10-10T15:00,1.321,0.0,49.95
2024-10-10T16:00,1.34,0.0,50.8
2024-10-10T17:00,1.354,0.0,51.43
2024-10-10T18:00,1.369,0.0,52.11
2024-10-10T19:00,1.395,0.0,53.28
2024-10-10T20:00,1.414,0.0,54.13
2024-10-10T21:00,1.443,0.0,55.44
2024-10-10T22:00,1.468,0.0,56.56
2024-10-10T23:00,1.494,0.0,57.73
2024-10-11T00:00,1.518,0.0,58.81
2024-10-11T01:00,1.544,0.0,59.98
2024-10-11T02:00,1.568,0.0,61.06
2024-10-11T03:00,1.591,0.0,62.1
2024-10-11T04:00,1.614,0.0,63.13
2024-10-11T05:00,1.633,0.0,63.99
2024-10-11T06:00,1.654,0.0,64.93
2024-10-11T07:00,1.67,0.0,65.65
2024-10-11T08:00,1.685,0.2,66.33
2024-10-11T09:00,1.699,0.0,66.96
2024-10-11T10:00,1.704,0.0,67.18
2024-10-11T11:00,1.72,1.4,67.9
2024-10-11T12:00,1.723,1.2,68.04
2024-10-11T13:00,1.732,1.4,68.44
2024-10-11T14:00,1.736,2.0,68.62
2024-10-11T15:00,1.766,5.2,69.97
2024-10-11T16:00,1.788,2.2,70.96
2024-10-11T17:00,1.79,6.0,71.05
2024-10-11T22:00,1.938,0.0,77.71
2024-10-11T23:00,1.942,0.0,77.89
2024-10-12T00:00,1.948,0.0,78.16
2024-10-12T01:00,1.953,0.2,78.39
2024-10-12T02:00,1.96,0.0,78.7
2024-10-12T03:00,1.966,0.0,78.97
2024-10-12T04:00,1.973,0.0,79.29
2024-10-12T05:00,1.982,0.0,79.69
2024-10-12T06:00,1.993,0.0,80.19
2024-10-12T07:00,2.004,0.0,80.68
2024-10-12T08:00,2.017,0.0,81.27
2024-10-12T09:00,2.035,0.0,82.08
2024-10-12T10:00,2.052,0.0,82.84
2024-10-12T11:00,2.072,0.0,83.74
2024-10-12T12:00,2.095,0.0,84.78
2024-10-12T13:00,2.12,0.0,85.9
2024-10-12T14:00,2.142,0.0,86.89
2024-10-12T15:00,2.171,0.0,88.2
2024-10-12T16:00,2.196,0.0,89.32
2024-10-12T17:00,2.222,0.0,90.49
2024-10-12T18:00,2.248,0.0,91.66
2024-10-12T19:00,2.269,0.0,92.61
2024-10-12T20:00,2.292,0.0,93.64
2024-10-12T21:00,2.317,0.0,94.77
2024-10-12T22:00,2.334,0.0,95.53
2024-10-12T23:00,2.363,0.0,96.84
2024-10-13T00:00,2.382,0.0,97.69
2024-10-13T01:00,2.401,0.0,98.55
2024-10-13T02:00,2.417,0.0,99.27
2024-10-13T03:00,2.434,0.0,100.03
2024-10-13T04:00,2.448,0.0,100.66
2024-10-13T05:00,2.459,0.0,101.16
2024-10-13T06:00,2.468,0.0,101.56
2024-10-13T07:00,2.478,0.0,102.01
2024-10-13T08:00,2.483,0.0,102.24
2024-10-13T09:00,2.487,0.0,102.42
2024-10-13T10:00,2.49,0.0,102.55
2024-10-13T11:00,2.493,0.0,102.69
2024-10-13T12:00,2.495,0.0,102.78
2024-10-13T13:00,2.491,0.0,102.6
2024-10-13T14:00,2.488,0.0,102.46
2024-10-13T15:00,2.477,0.0,101.97
2024-10-13T16:00,2.471,0.0,101.7
2024-10-13T17:00,2.461,0.0,101.25
2024-10-13T18:00,2.451,0.0,100.8
2024-10-13T19:00,2.441,0.0,100.35
2024-10-13T20:00,2.429,0.0,99.81
2024-10-13T21:00,2.417,0.0,99.27
2024-10-13T22:00,2.402,0.0,98.59
2024-10-13T23:00,2.388,0.0,97.96
2024-10-14T00:00,2.375,0.0,97.38
2024-10-14T01:00,2.36,0.0,96.7
2024-10-14T02:00,2.346,0.0,96.07
2024-10-14T03:00,2.332,0.0,95.44
2024-10-14T04:00,2.318,0.0,94.81
2024-10-14T05:00,2.304,0.0,94.18
2024-10-14T06:00,2.29,0.0,93.55
2024-10-14T07:00,2.274,0.0,92.83
2024-10-14T08:00,2.261,0.0,92.25
2024-10-14T09:00,2.249,0.0,91.71
2024-10-14T16:00,2.154,0.0,87.43
2024-10-14T17:00,2.14,0.0,86.8
2024-10-14T18:00,2.127,0.0,86.22
2024-10-14T19:00,2.113,0.0,85.59
2024-10-14T20:00,2.101,0.0,85.05
2024-10-14T21:00,2.088,0.0,84.46
2024-10-14T22:00,2.075,0.0,83.88
2024-10-14T23:00,2.064,0.0,83.38
2024-10-15T00:00,2.053,0.0,82.89
2024-10-15T01:00,2.042,0.0,82.39
2024-10-15T02:00,2.031,0.0,81.9
2024-10-15T06:00,1.992,0.0,80.14
2024-10-15T07:00,1.983,0.0,79.74
2024-10-15T08:00,1.976,0.0,79.42
2024-10-15T09:00,1.967,0.0,79.02
2024-10-15T10:00,1.959,0.0,78.66
2024-10-15T11:00,1.951,0.0,78.3
2024-10-15T12:00,1.942,0.0,77.89
2024-10-15T13:00,1.936,0.0,77.62
2024-10-15T14:00,1.93,0.0,77.35
2024-10-15T15:00,1.917,0.0,76.77
2024-10-15T16:00,1.907,0.0,76.32
2024-10-15T17:00,1.898,0.0,75.91
2024-10-15T18:00,1.888,0.0,75.46
2024-10-15T19:00,1.879,0.0,75.06
2024-10-15T20:00,1.87,0.0,74.65
2024-10-15T21:00,1.862,0.0,74.29
2024-10-15T22:00,1.855,0.0,73.98
2024-10-16T06:00,1.804,0.0,71.68
2024-10-16T07:00,1.798,0.0,71.41
2024-10-16T08:00,1.792,0.0,71.14
2024-10-16T09:00,1.785,0.0,70.83
2024-10-16T10:00,1.78,0.0,70.6
2024-10-16T11:00,1.774,0.0,70.33
2024-10-16T12:00,1.769,0.0,70.11
2024-10-16T13:00,1.762,0.0,69.79
2024-10-16T14:00,1.756,0.0,69.52
2024-10-16T15:00,1.747,0.0,69.12
2024-10-16T16:00,1.741,0.0,68.85
2024-10-16T17:00,1.735,0.0,68.58
2024-10-16T18:00,1.725,0.0,68.13
2024-10-16T19:00,1.713,0.0,67.59
2024-10-16T20:00,1.705,0.0,67.23
2024-10-16T21:00,1.697,0.0,66.87
2024-10-16T22:00,1.689,0.0,66.51
2024-10-16T23:00,1.675,0.0,65.88
2024-10-17T00:00,1.674,0.0,65.83
2024-10-17T01:00,1.667,0.0,65.52
2024-10-17T02:00,1.662,0.0,65.29
2024-10-17T03:00,1.657,0.0,65.07
2024-10-17T04:00,1.652,0.0,64.84
2024-10-17T05:00,1.646,0.0,64.57
2024-10-17T06:00,1.641,0.0,64.35
2024-10-17T07:00,1.637,0.0,64.17
2024-10-17T08:00,1.632,0.0,63.94
2024-10-17T09:00,1.623,0.0,63.54
2024-10-17T10:00,1.617,0.0,63.27
2024-10-17T11:00,1.61,0.0,62.95
2024-10-17T12:00,1.615,0.0,63.18
2024-10-17T13:00,1.611,0.0,63.0
2024-10-17T14:00,1.604,0.0,62.68
2024-10-17T15:00,1.599,0.0,62.46
2024-10-17T16:00,1.59,0.0,62.05
2024-10-17T17:00,1.589,0.0,62.01
2024-10-17T18:00,1.577,0.0,61.47
2024-10-17T19:00,1.566,0.0,60.97
2024-10-17T20:00,1.556,0.0,60.52
2024-10-17T21:00,1.549,0.0,60.21
2024-10-17T22:00,1.544,0.0,59.98
2024-10-17T23:00,1.537,0.0,59.67
2024-10-18T00:00,1.53,0.0,59.35
2024-10-18T01:00,1.525,0.0,59.13
2024-10-18T02:00,1.519,0.0,58.86
2024-10-18T03:00,1.514,0.0,58.63
2024-10-18T04:00,1.51,0.0,58.45
2024-10-18T05:00,1.504,0.0,58.18
2024-10-18T06:00,1.501,0.0,58.05
2024-10-18T07:00,1.497,0.0,57.87
2024-10-18T08:00,1.497,0.0,57.87
2024-10-18T09:00,1.492,0.0,57.64
2024-10-18T10:00,1.488,0.0,57.46
2024-10-18T11:00,1.485,0.0,57.33
2024-10-18T12:00,1.486,0.0,57.37
2024-10-18T13:00,1.481,0.0,57.15
2024-10-18T14:00,1.476,0.0,56.92
2024-10-18T15:00,1.471,0.0,56.7
2024-10-18T16:00,1.468,0.0,56.56
2024-10-18T17:00,1.462,0.0,56.29
2024-10-18T18:00,1.454,0.0,55.93
2024-10-18T19:00,1.449,0.0,55.71
2024-10-18T21:00,1.44,0.2,55.3
2024-10-18T23:00,1.427,0.0,54.72
2024-10-19T00:00,1.43,0.0,54.85
2024-10-19T01:00,1.426,0.0,54.67
2024-10-19T02:00,1.419,0.0,54.36
2024-10-19T03:00,1.416,0.0,54.22
2024-10-19T04:00,1.413,0.0,54.09
2024-10-19T05:00,1.416,0.0,54.22
2024-10-19T07:00,1.411,0.2,54.0
2024-10-19T08:00,1.408,0.2,53.86
2024-10-19T09:00,1.406,0.8,53.77
2024-10-19T10:00,1.411,1.0,54.0
2024-10-19T11:00,1.409,0.6,53.91
2024-10-19T12:00,1.399,2.0,53.46
2024-10-19T13:00,1.408,3.2,53.86
2024-10-19T14:00,1.432,1.0,54.94
2024-10-19T15:00,1.434,0.2,55.03
2024-10-19T16:00,1.433,0.0,54.99
2024-10-19T17:00,1.429,0.2,54.81
2024-10-20T00:00,1.405,0.0,53.73
2024-10-20T01:00,1.402,0.0,53.59
2024-10-20T02:00,1.403,0.0,53.64
2024-10-20T03:00,1.401,0.0,53.55
2024-10-20T04:00,1.405,0.0,53.73
2024-10-20T05:00,1.399,0.0,53.46
2024-10-20T06:00,1.401,0.0,53.55
2024-10-20T07:00,1.402,0.0,53.59
2024-10-20T08:00,1.399,0.0,53.46
2024-10-20T09:00,1.399,0.0,53.46
2024-10-20T10:00,1.401,0.0,53.55
2024-10-20T11:00,1.399,0.0,53.46
2024-10-20T12:00,1.4,0.0,53.5
2024-10-20T13:00,1.398,0.0,53.41
2024-10-20T14:00,1.401,0.0,53.55
2024-10-20T15:00,1.402,0.0,53.59
2024-10-20T16:00,1.398,0.0,53.41
2024-10-20T17:00,1.392,0.0,53.14
2024-10-20T18:00,1.4,0.0,53.5
2024-10-20T19:00,1.395,0.0,53.28
2024-10-20T20:00,1.391,0.0,53.1
2024-10-20T21:00,1.392,0.0,53.14
2024-10-20T22:00,1.391,0.0,53.1
2024-10-20T23:00,1.385,0.0,52.83
2024-10-21T00:00,1.389,0.0,53.01
2024-10-21T01:00,1.392,0.0,53.14
2024-10-21T02:00,1.388,0.0,52.96
2024-10-21T03:00,1.379,0.0,52.56
2024-10-21T04:00,1.385,0.0,52.83
2024-10-21T05:00,1.388,0.0,52.96
2024-10-21T06:00,1.392,0.0,53.14
2024-10-21T07:00,1.385,0.0,52.83
2024-10-21T08:00,1.39,0.0,53.05
2024-10-21T09:00,1.386,0.0,52.87
2024-10-21T10:00,1.38,0.0,52.6
2024-10-21T11:00,1.386,0.0,52.87
2024-10-21T12:00,1.379,0.0,52.56
2024-10-21T13:00,1.374,0.0,52.33
2024-10-21T14:00,1.378,0.0,52.51
2024-10-21T15:00,1.38,0.0,52.6
2024-10-21T16:00,1.365,0.0,51.93
2024-10-21T17:00,1.364,0.0,51.88
2024-10-21T18:00,1.355,0.0,51.48
2024-10-21T19:00,1.361,0.0,51.75
2024-10-21T20:00,1.35,0.0,51.25
2024-10-21T21:00,1.346,0.0,51.07
2024-10-21T22:00,1.345,0.0,51.03
2024-10-21T23:00,1.334,0.0,50.53
2024-10-22T00:00,1.332,0.0,50.44
2024-10-22T01:00,1.331,0.0,50.4
2024-10-22T02:00,1.324,0.0,50.08
2024-10-22T03:00,1.323,0.0,50.04
2024-10-22T04:00,1.322,0.0,49.99
2024-10-22T05:00,1.315,0.0,49.68
2024-10-22T06:00,1.311,0.0,49.5
2024-10-22T07:00,1.31,0.0,49.45
2024-10-22T08:00,1.31,0.0,49.45
2024-10-22T09:00,1.31,0.0,49.45
2024-10-22T10:00,1.308,0.0,49.36
2024-10-22T11:00,1.31,0.0,49.45
2024-10-22T12:00,1.31,0.0,49.45
2024-10-22T13:00,1.31,0.0,49.45
2024-10-22T14:00,1.306,0.0,49.27
2024-10-22T15:00,1.307,0.0,49.32
2024-10-22T16:00,1.3,0.0,49.0
2024-10-22T17:00,1.303,0.0,49.14
2024-10-22T18:00,1.299,0.0,48.96
2024-10-22T19:00,1.29,0.0,48.55
2024-10-22T20:00,1.286,0.0,48.37
2024-10-22T21:00,1.282,0.0,48.19
2024-10-22T22:00,1.281,0.0,48.15
2024-10-22T23:00,1.277,0.0,47.97
2024-10-23T00:00,1.274,0.0,47.83
2024-10-23T01:00,1.272,0.0,47.74
2024-10-23T02:00,1.269,0.0,47.61
2024-10-23T03:00,1.268,0.0,47.56
2024-10-23T04:00,1.268,0.0,47.56
2024-10-23T05:00,1.265,0.0,47.43
2024-10-23T06:00,1.264,0.0,47.38
2024-10-23T07:00,1.264,0.0,47.38
2024-10-23T08:00,1.264,0.0,47.38
2024-10-23T09:00,1.262,0.0,47.29
2024-10-23T10:00,1.26,0.6,47.2
2024-10-23T11:00,1.259,1.6,47.16
2024-10-23T12:00,1.256,1.8,47.02
2024-10-23T13:00,1.268,3.2,47.56
2024-10-23T14:00,1.258,2.4,47.11
2024-10-23T15:00,1.287,6.0,48.42
2024-10-23T16:00,1.319,2.4,49.86
2024-10-23T17:00,1.313,0.0,49.59
2024-10-23T18:00,1.311,0.0,49.5
2024-10-23T19:00,1.307,0.0,49.32
2024-10-23T20:00,1.302,0.0,49.09
2024-10-23T21:00,1.297,0.0,48.87
2024-10-23T22:00,1.29,0.0,48.55
2024-10-23T23:00,1.286,0.0,48.37
2024-10-24T00:00,1.285,0.0,48.33
2024-10-24T01:00,1.282,0.0,48.19
2024-10-24T02:00,1.28,0.0,48.1
2024-10-24T04:00,1.281,0.0,48.15
2024-10-24T05:00,1.282,0.0,48.19
2024-10-24T06:00,1.285,0.0,48.33
2024-10-24T07:00,1.291,0.0,48.6
2024-10-24T08:00,1.294,0.0,48.73
2024-10-24T09:00,1.29,0.0,48.55
2024-10-24T10:00,1.285,0.0,48.33
2024-10-24T11:00,1.292,0.2,48.64
2024-10-24T12:00,1.297,0.0,48.87
2024-10-24T13:00,1.292,0.0,48.64
2024-10-24T14:00,1.297,0.0,48.87
2024-10-24T15:00,1.303,0.0,49.14
2024-10-24T16:00,1.303,0.0,49.14
2024-10-24T17:00,1.313,0.0,49.59
2024-10-24T18:00,1.319,0.0,49.86
2024-10-25T00:00,1.388,0.0,52.96
2024-10-25T01:00,1.39,0.0,53.05
2024-10-25T02:00,1.401,0.0,53.55
2024-10-25T03:00,1.402,0.0,53.59
2024-10-25T04:00,1.406,0.0,53.77
2024-10-25T05:00,1.412,0.0,54.04
2024-10-25T06:00,1.417,0.0,54.27
2024-10-25T07:00,1.422,0.0,54.49
2024-10-25T08:00,1.413,0.0,54.09
2024-10-25T09:00,1.41,0.2,53.95
2024-10-25T10:00,1.418,0.0,54.31
2024-10-25T11:00,1.413,0.0,54.09
2024-10-25T12:00,1.422,0.0,54.49
2024-10-25T13:00,1.421,0.0,54.45
2024-10-25T14:00,1.428,0.0,54.76
2024-10-25T15:00,1.432,0.0,54.94
2024-10-25T16:00,1.439,0.0,55.26
2024-10-25T17:00,1.452,0.0,55.84
2024-10-25T18:00,1.455,0.0,55.98
2024-10-25T19:00,1.457,0.0,56.07
2024-10-25T20:00,1.459,0.0,56.16
2024-10-25T21:00,1.462,0.0,56.29
2024-10-25T22:00,1.465,0.0,56.43
2024-10-25T23:00,1.468,0.0,56.56
2024-10-26T00:00,1.47,0.0,56.65
2024-10-26T01:00,1.473,0.0,56.79
2024-10-26T02:00,1.476,0.0,56.92
2024-10-26T06:00,1.478,0.0,57.01
2024-10-26T07:00,1.477,0.0,56.97
2024-10-26T08:00,1.471,0.0,56.7
2024-10-26T09:00,1.466,0.0,56.47
2024-10-26T10:00,1.464,0.0,56.38
2024-10-26T11:00,1.462,0.0,56.29
2024-10-26T12:00,1.475,0.0,56.88
2024-10-26T13:00,1.468,0.0,56.56
2024-10-26T14:00,1.471,0.0,56.7
2024-10-26T15:00,1.464,0.0,56.38
2024-10-26T16:00,1.463,0.0,56.34
2024-10-26T17:00,1.459,0.0,56.16
2024-10-26T18:00,1.449,0.0,55.71
2024-10-26T19:00,1.442,0.0,55.39
2024-10-26T20:00,1.436,0.0,55.12
2024-10-26T21:00,1.431,0.0,54.9
2024-10-26T22:00,1.424,0.0,54.58
2024-10-26T23:00,1.415,0.0,54.18
2024-10-27T00:00,1.409,0.0,53.91
2024-10-27T01:00,1.398,0.0,53.41
2024-10-27T02:00,1.394,0.0,53.23
2024-10-27T03:00,1.388,0.0,52.96
2024-10-27T04:00,1.385,0.0,52.83
2024-10-27T05:00,1.372,0.0,52.24
2024-10-27T06:00,1.374,0.0,52.33
2024-10-27T07:00,1.36,0.0,51.7
2024-10-27T08:00,1.356,0.0,51.52
2024-10-27T09:00,1.348,0.0,51.16
2024-10-27T10:00,1.34,0.0,50.8
2024-10-27T11:00,1.338,0.0,50.71
2024-10-27T12:00,1.33,0.0,50.35
2024-10-27T13:00,1.329,0.0,50.31
2024-10-27T14:00,1.32,0.0,49.9
2024-10-27T15:00,1.318,0.0,49.81
2024-10-27T16:00,1.308,0.0,49.36
2024-10-27T17:00,1.296,0.0,48.82
2024-10-27T18:00,1.29,0.0,48.55
2024-10-27T19:00,1.282,0.0,48.19
2024-10-27T20:00,1.275,0.0,47.88
2024-10-27T21:00,1.267,0.0,47.52
2024-10-27T22:00,1.26,0.0,47.2
2024-10-27T23:00,1.254,0.0,46.93
2024-10-28T00:00,1.247,0.0,46.62
2024-10-28T01:00,1.24,0.0,46.3
2024-10-28T03:00,1.229,0.0,45.81
2024-10-28T04:00,1.222,0.0,45.49
2024-10-28T05:00,1.215,0.0,45.18
2024-10-28T06:00,1.208,0.0,44.86
2024-10-28T07:00,1.205,0.0,44.73
2024-10-28T08:00,1.203,0.0,44.64
2024-10-28T09:00,1.2,0.0,44.5
2024-10-28T10:00,1.197,0.0,44.37
2024-10-28T11:00,1.197,0.0,44.37
2024-10-28T12:00,1.198,0.0,44.42
2024-10-28T13:00,1.196,0.0,44.33
2024-10-28T14:00,1.198,0.0,44.42
2024-10-28T15:00,1.196,0.0,44.33
2024-10-28T16:00,1.191,0.0,44.12
2024-10-28T17:00,1.194,0.0,44.25
2024-10-28T18:00,1.189,0.0,44.03
2024-10-28T19:00,1.182,0.0,43.74
2024-10-28T20:00,1.179,0.0,43.61
2024-10-28T21:00,1.175,0.0,43.44
2024-10-28T22:00,1.174,0.0,43.4
2024-10-28T23:00,1.169,0.0,43.18
2024-10-29T00:00,1.165,0.0,43.01
2024-10-29T01:00,1.161,0.0,42.84
2024-10-29T02:00,1.158,0.0,42.72
2024-10-29T03:00,1.154,0.0,42.55
2024-10-29T04:00,1.149,0.0,42.33
2024-10-29T05:00,1.144,0.0,42.12
2024-10-29T06:00,1.14,0.0,41.95
2024-10-29T07:00,1.132,0.0,41.61
2024-10-29T08:00,1.135,0.0,41.74
2024-10-29T09:00,1.132,0.0,41.61
2024-10-29T10:00,1.129,0.0,41.48
2024-10-29T11:00,1.126,0.0,41.36
2024-10-29T12:00,1.127,0.0,41.4
2024-10-29T13:00,1.126,0.0,41.36
2024-10-29T14:00,1.125,0.0,41.31
2024-10-29T15:00,1.124,0.0,41.27
2024-10-29T16:00,1.124,0.0,41.27
2024-10-29T17:00,1.122,0.0,41.19
2024-10-29T18:00,1.119,0.0,41.06
2024-10-29T19:00,1.112,0.0,40.76
2024-10-29T20:00,1.11,0.0,40.68
2024-10-29T21:00,1.107,0.0,40.55
2024-10-29T22:00,1.105,0.0,40.46
2024-10-29T23:00,1.102,0.0,40.34
2024-10-30T00:00,1.101,0.0,40.29
2024-10-30T01:00,1.099,0.0,40.21
2024-10-30T02:00,1.098,0.0,40.17
2024-10-30T03:00,1.097,0.0,40.12
2024-10-30T04:00,1.097,0.0,40.12
2024-10-30T05:00,1.097,0.0,40.12
2024-10-30T06:00,1.097,0.0,40.12
2024-10-30T07:00,1.097,0.0,40.12
2024-10-30T08:00,1.099,0.0,40.21
2024-10-30T09:00,1.099,0.0,40.21
2024-10-30T10:00,1.1,0.0,40.25
2024-10-30T11:00,1.094,0.0,40.0
2024-10-30T12:00,1.098,0.0,40.17
2024-10-30T13:00,1.095,0.0,40.04
2024-10-30T14:00,1.088,0.0,39.74
2024-10-30T15:00,1.092,0.0,39.91
2024-10-30T16:00,1.09,0.0,39.83
2024-10-30T17:00,1.088,0.0,39.74
2024-10-30T18:00,1.076,0.0,39.23
2024-10-30T19:00,1.079,0.0,39.36
2024-10-30T20:00,1.078,0.0,39.32
2024-10-30T21:00,1.076,0.0,39.23
2024-10-30T22:00,1.074,0.0,39.15
2024-10-30T23:00,1.072,0.0,39.06
2024-10-31T00:00,1.071,0.0,39.02
2024-10-31T01:00,1.07,0.0,38.98
2024-10-31T02:00,1.07,0.0,38.98
2024-10-31T03:00,1.071,0.0,39.02
2024-10-31T04:00,1.072,0.0,39.06
2024-10-31T05:00,1.072,0.0,39.06
2024-10-31T06:00,1.071,0.0,39.02
2024-10-31T07:00,1.071,0.0,39.02
2024-10-31T08:00,1.065,0.0,38.76
2024-10-31T09:00,1.071,0.0,39.02
2024-10-31T10:00,1.072,0.0,39.06
2024-10-31T11:00,1.072,0.0,39.06
2024-10-31T12:00,1.07,0.0,38.98
2024-10-31T13:00,1.068,0.0,38.89
2024-10-31T14:00,1.06,0.0,38.55
2024-10-31T15:00,1.059,0.0,38.51
2024-10-31T16:00,1.055,0.0,38.34
2024-10-31T17:00,1.053,0.0,38.25
2024-10-31T18:00,1.047,0.0,38.0
2024-10-31T19:00,1.051,0.0,38.17
2024-10-31T20:00,1.048,0.0,38.04
2024-10-31T21:00,1.046,0.0,37.96
2024-10-31T22:00,1.043,0.0,37.83
2024-10-31T23:00,1.042,0.0,37.79
2024-11-01T00:00,1.039,0.0,37.66
2024-11-01T01:00,1.038,0.0,37.62
2024-11-01T02:00,1.036,0.0,37.53
2024-11-01T03:00,1.037,0.0,37.57
2024-11-01T04:00,1.035,0.0,37.49
2024-11-01T05:00,1.033,0.0,37.4
2024-11-01T06:00,1.033,0.0,37.4
2024-11-01T07:00,1.031,0.0,37.32
2024-11-01T08:00,1.033,0.0,37.4
2024-11-01T09:00,1.033,0.0,37.4
2024-11-01T10:00,1.034,0.0,37.45
2024-11-01T11:00,1.029,0.0,37.23
2024-11-01T12:00,1.035,0.0,37.49
2024-11-01T13:00,1.03,0.0,37.28
2024-11-01T14:00,1.036,0.0,37.53
2024-11-01T15:00,1.035,0.0,37.49
2024-11-01T16:00,1.03,0.0,37.28
2024-11-01T17:00,1.028,0.0,37.19
2024-11-01T18:00,1.013,0.0,36.55
2024-11-01T19:00,1.018,0.0,36.77
2024-11-01T20:00,1.024,0.0,37.02
2024-11-01T21:00,1.023,0.0,36.98
2024-11-01T22:00,1.022,0.0,36.94
2024-11-01T23:00,1.022,0.0,36.94
2024-11-02T00:00,1.022,0.0,36.94
2024-11-02T01:00,1.021,0.0,36.89
2024-11-02T02:00,1.021,0.0,36.89
2024-11-02T03:00,1.021,0.0,36.89
2024-11-02T04:00,1.022,0.0,36.94
2024-11-02T05:00,1.023,0.0,36.98
2024-11-02T06:00,1.023,0.0,36.98
2024-11-02T07:00,1.019,0.0,36.81
2024-11-02T08:00,1.024,0.0,37.02
2024-11-02T09:00,1.024,0.0,37.02
2024-11-02T10:00,1.024,0.0,37.02
2024-11-02T11:00,1.024,0.4,37.02
2024-11-02T12:00,1.022,0.0,36.94
2024-11-02T13:00,1.022,0.2,36.94
2024-11-02T14:00,1.019,0.2,36.81
2024-11-02T15:00,1.017,0.2,36.72
2024-11-02T16:00,1.017,0.2,36.72
2024-11-02T17:00,1.014,0.0,36.6
2024-11-02T18:00,1.012,0.2,36.51
2024-11-03T07:00,1.004,0.2,36.17
2024-11-03T08:00,1.004,0.6,36.17
2024-11-03T09:00,1.003,0.6,36.13
2024-11-03T10:00,0.996,1.4,35.86
2024-11-03T11:00,1.003,3.6,36.13
2024-11-03T12:00,1.027,6.8,37.15
2024-11-03T13:00,1.059,3.8,38.51
2024-11-03T14:00,1.073,1.6,39.1
2024-11-03T15:00,1.086,2.2,39.66
2024-11-03T16:00,1.094,3.4,40.0
2024-11-03T17:00,1.118,3.8,41.02
2024-11-03T18:00,1.128,0.2,41.44
2024-11-03T19:00,1.131,0.0,41.57
2024-11-03T20:00,1.133,0.0,41.65
2024-11-03T21:00,1.135,0.0,41.74
2024-11-03T22:00,1.138,0.0,41.87
2024-11-03T23:00,1.143,0.0,42.08
2024-11-04T00:00,1.149,0.0,42.33
2024-11-04T01:00,1.157,0.0,42.67
2024-11-04T02:00,1.165,0.0,43.01
2024-11-04T03:00,1.175,0.0,43.44
2024-11-04T04:00,1.185,0.0,43.86
2024-11-04T05:00,1.195,0.0,44.29
2024-11-04T06:00,1.206,0.0,44.77
2024-11-04T07:00,1.217,0.0,45.27
2024-11-04T08:00,1.228,0.0,45.76
2024-11-04T09:00,1.239,0.0,46.26
2024-11-04T10:00,1.25,0.0,46.75
2024-11-04T11:00,1.265,0.0,47.43
2024-11-04T12:00,1.278,0.0,48.01
2024-11-04T13:00,1.295,0.2,48.78
2024-11-04T14:00,1.312,0.0,49.54
2024-11-04T15:00,1.326,0.8,50.17
2024-11-04T16:00,1.339,0.0,50.76
2024-11-04T17:00,1.357,0.0,51.57
2024-11-04T18:00,1.378,0.0,52.51
2024-11-04T19:00,1.397,0.0,53.37
2024-11-04T20:00,1.411,0.0,54.0
2024-11-04T21:00,1.432,0.0,54.94
2024-11-04T22:00,1.452,0.0,55.84
2024-11-04T23:00,1.469,0.0,56.61
2024-11-05T00:00,1.484,0.0,57.28
2024-11-05T01:00,1.498,0.0,57.91
2024-11-05T02:00,1.509,0.0,58.41
2024-11-05T03:00,1.519,0.0,58.86
2024-11-05T04:00,1.526,0.0,59.17
2024-11-05T05:00,1.532,0.0,59.44
2024-11-05T06:00,1.536,0.0,59.62
2024-11-05T07:00,1.539,0.0,59.76
2024-11-05T08:00,1.54,0.0,59.8
2024-11-05T09:00,1.539,0.0,59.76
2024-11-05T10:00,1.537,0.0,59.67
2024-11-05T11:00,1.535,0.0,59.58
2024-11-05T12:00,1.531,0.0,59.4
2024-11-05T13:00,1.523,0.0,59.04
2024-11-05T14:00,1.522,0.0,58.99
2024-11-05T15:00,1.51,0.0,58.45
2024-11-05T16:00,1.5,0.0,58.0
2024-11-05T17:00,1.493,0.0,57.69
2024-11-05T18:00,1.483,0.0,57.24
2024-11-05T19:00,1.469,0.0,56.61
2024-11-05T20:00,1.457,0.0,56.07
2024-11-05T21:00,1.451,0.0,55.8
2024-11-05T22:00,1.437,0.0,55.17
2024-11-05T23:00,1.426,0.0,54.67
2024-11-06T00:00,1.411,0.0,54.0
2024-11-06T01:00,1.407,0.0,53.82
2024-11-06T02:00,1.394,0.0,53.23
2024-11-06T03:00,1.388,0.0,52.96
2024-11-06T04:00,1.383,0.0,52.74
2024-11-06T05:00,1.372,0.0,52.24
2024-11-06T06:00,1.367,0.0,52.02
2024-11-06T07:00,1.366,0.0,51.97
2024-11-06T08:00,1.354,0.0,51.43
2024-11-06T09:00,1.356,0.0,51.52
2024-11-06T10:00,1.343,0.0,50.94
2024-11-06T11:00,1.337,0.0,50.67
2024-11-06T12:00,1.34,0.0,50.8
2024-11-06T13:00,1.335,0.0,50.58
2024-11-06T14:00,1.333,0.0,50.49
2024-11-06T15:00,1.327,0.0,50.22
2024-11-06T16:00,1.323,0.0,50.04
2024-11-06T17:00,1.318,0.0,49.81
2024-11-06T18:00,1.315,0.0,49.68
2024-11-06T19:00,1.308,0.0,49.36
2024-11-06T20:00,1.305,0.0,49.23
2024-11-06T21:00,1.305,0.0,49.23
2024-11-07T08:00,1.955,15.0,78.48
2024-11-07T09:00,2.072,4.2,83.74
2024-11-07T10:00,2.21,5.4,89.95
2024-11-07T11:00,2.35,1.0,96.25
2024-11-07T12:00,2.453,0.0,100.89
2024-11-07T13:00,2.534,0.0,104.53
2024-11-07T14:00,2.609,0.0,107.91
2024-11-07T15:00,2.674,0.0,110.83
2024-11-07T16:00,2.731,0.0,113.4
2024-11-07T17:00,2.787,0.0,115.92
2024-11-07T18:00,2.846,0.0,118.57
2024-11-07T19:00,2.908,0.0,121.36
2024-11-07T20:00,2.976,0.0,124.42
2024-11-07T21:00,3.051,0.0,127.8
2024-11-07T22:00,3.135,0.0,131.58
2024-11-07T23:00,3.226,0.0,135.74
2024-11-08T00:00,3.324,0.0,140.39
2024-11-08T01:00,3.426,0.0,145.3
2024-11-08T02:00,3.531,0.0,150.55
2024-11-08T03:00,3.637,0.0,155.85
2024-11-08T04:00,3.742,0.0,161.1
2024-11-08T05:00,3.845,0.0,166.25
2024-11-08T06:00,3.946,0.0,171.3
2024-11-08T07:00,4.04,0.0,176.0
2024-11-08T08:00,4.131,0.0,180.55
2024-11-08T09:00,4.218,0.0,184.9
2024-11-08T10:00,4.301,0.0,189.05
2024-11-08T11:00,4.38,0.0,193.0
2024-11-08T12:00,4.452,0.0,196.6
2024-11-08T13:00,4.522,0.0,200.1
2024-11-08T14:00,4.582,0.0,203.1
2024-11-08T15:00,4.647,0.0,206.35
2024-11-08T16:00,4.7,0.0,209.0
2024-11-08T17:00,4.748,0.0,211.4
2024-11-08T18:00,4.797,0.0,213.85
2024-11-08T19:00,4.839,0.0,215.95
2024-11-08T20:00,4.88,0.0,218.0
2024-11-08T21:00,4.919,0.0,219.95
2024-11-08T22:00,4.956,0.0,221.8
2024-11-08T23:00,4.989,0.0,223.45
2024-11-09T00:00,5.023,0.0,225.15
2024-11-09T01:00,5.051,0.0,226.55
2024-11-09T02:00,5.079,0.0,227.95
2024-11-09T03:00,5.104,0.0,229.2
2024-11-09T04:00,5.127,0.0,230.35
2024-11-09T05:00,5.148,0.0,231.4
2024-11-09T06:00,5.164,0.0,232.2
2024-11-09T07:00,5.18,0.0,233.0
2024-11-09T08:00,5.195,0.0,233.75
2024-11-09T09:00,5.206,0.0,234.3
2024-11-09T10:00,5.215,0.0,234.75
2024-11-09T11:00,5.223,0.0,235.15
2024-11-09T12:00,5.226,0.0,235.3
2024-11-09T13:00,5.227,0.0,235.35
2024-11-09T14:00,5.229,0.0,235.45
2024-11-09T15:00,5.223,0.0,235.15
2024-11-09T16:00,5.22,0.0,235.0
2024-11-09T17:00,5.215,0.0,234.75
2024-11-09T18:00,5.2,0.0,234.0
2024-11-09T19:00,5.186,0.0,233.3
2024-11-09T20:00,5.172,0.0,232.6
2024-11-09T21:00,5.154,0.0,231.7
2024-11-09T22:00,5.132,0.0,230.6
2024-11-09T23:00,5.111,0.0,229.55
2024-11-10T00:00,5.087,0.0,228.35
2024-11-10T01:00,5.059,0.0,226.95
2024-11-10T02:00,5.03,0.0,225.5
2024-11-10T03:00,5.0,0.0,224.0
2024-11-10T04:00,4.968,0.0,222.4
2024-11-10T05:00,4.933,0.0,220.65
2024-11-10T06:00,4.896,0.0,218.8
2024-11-10T07:00,4.859,0.0,216.95
2024-11-10T08:00,4.82,0.0,215.0
2024-11-10T09:00,4.78,0.0,213.0
2024-11-10T10:00,4.738,0.0,210.9
2024-11-10T11:00,4.694,0.0,208.7
2024-11-10T12:00,4.643,0.0,206.15
2024-11-10T13:00,4.608,0.0,204.4
2024-11-10T14:00,4.565,0.0,202.25
2024-11-10T15:00,4.521,0.0,200.05
2024-11-10T16:00,4.474,0.0,197.7
2024-11-10T17:00,4.43,0.0,195.5
2024-11-10T18:00,4.381,0.0,193.05
2024-11-10T19:00,4.331,0.0,190.55
2024-11-10T20:00,4.283,0.0,188.15
2024-11-10T21:00,4.239,0.0,185.95
2024-11-10T22:00,4.193,0.0,183.65
2024-11-10T23:00,4.148,0.0,181.4
2024-11-11T00:00,4.101,0.0,179.05
2024-11-11T01:00,4.058,0.0,176.9
2024-11-11T02:00,4.014,0.0,174.7
2024-11-11T03:00,3.974,0.0,172.7
2024-11-11T04:00,3.932,0.0,170.6
2024-11-11T05:00,3.889,0.0,168.45
2024-11-11T06:00,3.851,0.0,166.55
2024-11-11T07:00,3.811,0.0,164.55
2024-11-11T08:00,3.773,0.0,162.65
2024-11-11T09:00,3.735,0.0,160.75
2024-11-11T10:00,3.698,0.0,158.9
2024-11-11T11:00,3.664,0.0,157.2
2024-11-11T12:00,3.628,0.0,155.4
2024-11-11T13:00,3.594,0.0,153.7
2024-11-11T14:00,3.562,0.0,152.1
2024-11-11T15:00,3.529,0.0,150.45
2024-11-11T16:00,3.499,0.0,148.95
2024-11-11T17:00,3.467,0.0,147.35
2024-11-11T18:00,3.438,0.0,145.9
2024-11-11T19:00,3.408,0.0,144.4
2024-11-11T20:00,3.379,0.0,143.0
2024-11-11T21:00,3.352,0.0,141.72
2024-11-11T22:00,3.326,0.0,140.49
2024-11-11T23:00,3.3,0.0,139.25
2024-11-12T00:00,3.276,0.0,138.11
2024-11-12T01:00,3.251,0.0,136.92
2024-11-12T02:00,3.228,0.0,135.83
2024-11-12T03:00,3.205,0.0,134.74
2024-11-12T04:00,3.182,0.0,133.69
2024-11-12T05:00,3.16,0.0,132.7
2024-11-12T06:00,3.137,0.0,131.67
2024-11-12T07:00,3.115,0.0,130.68
2024-11-12T08:00,3.091,0.0,129.6
2024-11-12T09:00,3.069,0.0,128.61
2024-11-12T10:00,3.048,0.2,127.66
2024-11-12T11:00,3.029,0.2,126.81
2024-11-12T12:00,3.006,0.0,125.77
2024-11-12T13:00,2.987,0.0,124.92
2024-11-12T14:00,2.967,0.0,124.02
2024-11-12T15:00,2.948,0.2,123.16
2024-11-12T16:00,2.928,0.6,122.26
2024-11-12T17:00,2.911,1.4,121.5
2024-11-12T18:00,2.893,0.0,120.69
2024-11-12T19:00,2.875,0.0,119.88
2024-11-12T20:00,2.856,0.0,119.02
2024-11-12T21:00,2.839,0.0,118.26
2024-11-12T22:00,2.821,0.0,117.45
2024-11-12T23:00,2.803,0.0,116.64
2024-11-13T00:00,2.786,0.0,115.87
2024-11-13T01:00,2.769,0.0,115.11
2024-11-13T02:00,2.752,0.0,114.34
2024-11-13T05:00,2.7,0.0,112.0
2024-11-13T06:00,2.683,0.0,111.24
2024-11-13T07:00,2.666,0.0,110.47
2024-11-13T08:00,2.65,0.0,109.75
2024-11-13T09:00,2.628,0.0,108.76
2024-11-13T10:00,2.609,0.0,107.91
2024-11-13T11:00,2.59,0.0,107.05
2024-11-13T12:00,2.571,0.0,106.2
2024-11-13T13:00,2.554,0.0,105.43
2024-11-13T14:00,2.537,0.0,104.67
2024-11-13T15:00,2.517,0.0,103.77
2024-11-13T16:00,2.498,0.0,102.91
2024-11-13T17:00,2.473,0.0,101.79
2024-11-13T18:00,2.449,0.0,100.71
2024-11-13T19:00,2.428,0.0,99.76
2024-11-13T20:00,2.408,0.0,98.86
2024-11-13T21:00,2.384,0.0,97.78
2024-11-13T22:00,2.364,0.0,96.88
2024-11-13T23:00,2.344,0.0,95.98
2024-11-14T00:00,2.324,0.0,95.08
2024-11-14T01:00,2.305,0.0,94.23
2024-11-14T02:00,2.288,0.0,93.46
2024-11-14T03:00,2.271,0.0,92.7
2024-11-14T04:00,2.255,0.0,91.98
2024-11-14T05:00,2.238,0.0,91.21
2024-11-14T06:00,2.225,0.0,90.63
2024-11-14T07:00,2.211,0.0,90.0
2024-11-14T08:00,2.197,0.0,89.37
2024-11-14T09:00,2.182,0.0,88.69
2024-11-14T10:00,2.164,0.0,87.88
2024-11-14T11:00,2.155,0.0,87.48
2024-11-14T12:00,2.143,0.0,86.94
2024-11-14T13:00,2.131,0.0,86.4
2024-11-14T14:00,2.118,0.0,85.81
2024-11-14T15:00,2.106,0.0,85.27
2024-11-14T16:00,2.089,0.0,84.51
2024-11-14T17:00,2.075,0.0,83.88
2024-11-14T18:00,2.061,0.0,83.25
2024-11-14T19:00,2.044,0.0,82.48
2024-11-14T20:00,2.033,0.0,81.99
2024-11-14T21:00,2.019,0.0,81.36
2024-11-14T22:00,2.006,0.0,80.77
2024-11-14T23:00,1.995,0.0,80.28
2024-11-15T00:00,1.982,0.0,79.69
2024-11-15T01:00,1.971,0.0,79.2
2024-11-15T02:00,1.961,0.0,78.75
2024-11-15T03:00,1.949,0.0,78.21
2024-11-15T04:00,1.94,0.0,77.8
2024-11-15T05:00,1.93,0.0,77.35
2024-11-15T06:00,1.921,0.0,76.95
2024-11-15T07:00,1.912,0.0,76.54
2024-11-15T08:00,1.903,0.0,76.14
2024-11-15T09:00,1.895,0.0,75.78
2024-11-15T10:00,1.887,0.0,75.42
2024-11-15T11:00,1.879,0.0,75.06
2024-11-15T12:00,1.87,0.0,74.65
2024-11-15T13:00,1.854,0.0,73.93
2024-11-15T14:00,1.854,0.0,73.93
2024-11-15T15:00,1.843,0.0,73.44
2024-11-15T16:00,1.832,0.0,72.94
2024-11-15T17:00,1.822,0.0,72.49
2024-11-15T18:00,1.813,0.0,72.09
2024-11-15T19:00,1.798,0.0,71.41
2024-11-15T20:00,1.789,0.0,71.01
2024-11-15T21:00,1.779,0.0,70.56
2024-11-15T22:00,1.768,0.0,70.06
2024-11-15T23:00,1.76,0.0,69.7
2024-11-16T00:00,1.75,0.0,69.25
2024-11-16T01:00,1.741,0.0,68.85
2024-11-16T02:00,1.733,0.0,68.49
2024-11-16T03:00,1.725,0.0,68.13
2024-11-16T04:00,1.719,0.0,67.86
2024-11-16T05:00,1.712,0.0,67.54
2024-11-16T06:00,1.707,0.0,67.32
2024-11-16T07:00,1.7,0.0,67.0
2024-11-16T08:00,1.696,0.0,66.82
2024-11-16T09:00,1.693,0.0,66.69
2024-11-16T10:00,1.688,0.0,66.46
2024-11-16T11:00,1.689,0.0,66.51
2024-11-16T12:00,1.686,0.0,66.37
2024-11-16T13:00,1.683,0.0,66.24
2024-11-16T14:00,1.679,0.0,66.06
2024-11-16T15:00,1.67,0.0,65.65
2024-11-16T16:00,1.668,0.0,65.56
2024-11-16T17:00,1.664,0.0,65.38
2024-11-16T18:00,1.654,0.0,64.93
2024-11-16T19:00,1.655,0.0,64.98
2024-11-16T20:00,1.651,0.0,64.8
2024-11-16T21:00,1.644,0.0,64.48
2024-11-16T22:00,1.639,0.0,64.26
2024-11-16T23:00,1.633,0.0,63.99
2024-11-17T00:00,1.628,0.0,63.76
2024-11-17T01:00,1.624,0.0,63.58
2024-11-17T02:00,1.62,0.0,63.4
2024-11-17T03:00,1.616,0.0,63.22
2024-11-17T04:00,1.614,0.0,63.13
2024-11-17T05:00,1.61,0.0,62.95
2024-11-17T06:00,1.608,0.0,62.86
2024-11-17T07:00,1.608,0.0,62.86
2024-11-17T08:00,1.605,0.0,62.73
2024-11-17T09:00,1.603,0.0,62.64
2024-11-17T10:00,1.6,0.0,62.5
2024-11-17T11:00,1.601,0.0,62.55
2024-11-17T12:00,1.598,0.0,62.41
2024-11-17T13:00,1.596,0.0,62.32
2024-11-17T14:00,1.594,0.0,62.23
2024-11-17T15:00,1.592,0.0,62.14
2024-11-17T16:00,1.589,0.0,62.01
2024-11-17T17:00,1.577,0.0,61.47
2024-11-17T18:00,1.576,0.0,61.42
2024-11-17T19:00,1.568,0.0,61.06
2024-11-17T20:00,1.563,0.0,60.84
2024-11-17T21:00,1.557,0.0,60.57
2024-11-17T22:00,1.552,0.0,60.34
2024-11-17T23:00,1.547,0.0,60.12
2024-11-18T00:00,1.543,0.0,59.94
2024-11-18T01:00,1.54,0.0,59.8
2024-11-18T02:00,1.537,0.0,59.67
2024-11-18T03:00,1.536,0.0,59.62
2024-11-18T04:00,1.534,0.0,59.53
2024-11-18T05:00,1.531,0.0,59.4
2024-11-18T06:00,1.53,0.0,59.35
2024-11-18T07:00,1.528,0.0,59.26
2024-11-18T08:00,1.524,0.0,59.08
2024-11-18T09:00,1.525,0.0,59.13
2024-11-18T10:00,1.518,0.0,58.81
2024-11-18T11:00,1.52,0.0,58.9
2024-11-18T12:00,1.512,0.0,58.54
2024-11-18T13:00,1.506,0.0,58.27
2024-11-18T14:00,1.513,0.0,58.59
2024-11-18T15:00,1.508,0.0,58.36
2024-11-18T16:00,1.49,0.0,57.55
2024-11-18T17:00,1.499,0.0,57.96
2024-11-18T18:00,1.494,0.0,57.73
2024-11-18T22:00,1.487,0.0,57.42
2024-11-18T23:00,1.481,0.0,57.15
2024-11-19T00:00,1.479,0.0,57.06
2024-11-19T01:00,1.473,0.0,56.79
2024-11-19T02:00,1.47,0.0,56.65
2024-11-19T03:00,1.472,0.0,56.74
2024-11-19T04:00,1.473,0.0,56.79
2024-11-19T05:00,1.478,0.0,57.01
2024-11-19T06:00,1.483,0.0,57.24
2024-11-19T07:00,1.489,0.0,57.51
2024-11-19T08:00,1.497,0.0,57.87
2024-11-19T09:00,1.498,0.0,57.91
2024-11-19T10:00,1.509,0.0,58.41
2024-11-19T11:00,1.516,0.0,58.72
2024-11-19T12:00,1.525,0.0,59.13
2024-11-19T13:00,1.534,0.0,59.53
2024-11-19T14:00,1.54,0.0,59.8
2024-11-19T15:00,1.546,0.0,60.07
2024-11-19T16:00,1.547,0.0,60.12
2024-11-19T17:00,1.555,0.0,60.48
2024-11-19T18:00,1.555,0.0,60.48
2024-11-19T19:00,1.56,0.0,60.7
2024-11-19T20:00,1.563,0.0,60.84
2024-11-19T21:00,1.566,0.0,60.97
2024-11-19T22:00,1.567,0.0,61.02
2024-11-20T02:00,1.561,0.0,60.75
2024-11-20T03:00,1.559,0.0,60.66
2024-11-20T04:00,1.555,0.0,60.48
2024-11-20T05:00,1.551,0.0,60.3
2024-11-20T06:00,1.547,0.0,60.12
2024-11-20T07:00,1.542,0.0,59.89
2024-11-20T08:00,1.537,0.0,59.67
2024-11-20T09:00,1.531,0.0,59.4
2024-11-20T10:00,1.526,0.0,59.17
2024-11-20T11:00,1.519,0.0,58.86
2024-11-20T12:00,1.516,0.0,58.72
2024-11-20T13:00,1.506,0.0,58.27
2024-11-20T14:00,1.5,0.0,58.0
2024-11-20T15:00,1.495,0.0,57.78
2024-11-20T16:00,1.491,0.0,57.6
2024-11-20T17:00,1.482,0.0,57.19
2024-11-20T18:00,1.475,0.0,56.88
2024-11-20T19:00,1.46,0.0,56.2
2024-11-20T20:00,1.46,0.0,56.2
2024-11-20T21:00,1.458,0.0,56.11
2024-11-20T22:00,1.452,0.0,55.84
2024-11-20T23:00,1.447,0.0,55.62
2024-11-21T00:00,1.443,0.0,55.44
2024-11-21T01:00,1.44,0.0,55.3
2024-11-21T02:00,1.44,0.0,55.3
2024-11-21T03:00,1.439,0.0,55.26
2024-11-21T04:00,1.434,0.0,55.03
2024-11-21T05:00,1.432,0.0,54.94
2024-11-21T06:00,1.43,0.0,54.85
2024-11-21T07:00,1.428,0.0,54.76
2024-11-21T08:00,1.427,0.0,54.72
2024-11-21T09:00,1.424,0.0,54.58
2024-11-21T10:00,1.421,0.0,54.45
2024-11-21T11:00,1.418,0.0,54.31
2024-11-21T12:00,1.418,0.0,54.31
2024-11-21T13:00,1.41,0.0,53.95
2024-11-21T14:00,1.407,0.0,53.82
2024-11-21T15:00,1.404,0.0,53.68
2024-11-21T16:00,1.401,0.0,53.55
2024-11-21T17:00,1.396,0.0,53.32
2024-11-21T18:00,1.41,10.8,53.95
2024-11-22T02:00,1.381,0.2,52.65
2024-11-22T03:00,1.375,0.0,52.38
2024-11-22T04:00,1.365,0.0,51.93
2024-11-22T05:00,1.362,0.0,51.79
2024-11-22T06:00,1.358,0.0,51.61
2024-11-22T07:00,1.36,0.0,51.7
2024-11-22T08:00,1.36,0.0,51.7
2024-11-22T09:00,1.359,0.0,51.66
2024-11-22T10:00,1.359,0.0,51.66
2024-11-22T11:00,1.368,0.0,52.06
2024-11-22T12:00,1.371,0.0,52.2
2024-11-22T13:00,1.366,0.0,51.97
2024-11-22T14:00,1.36,0.0,51.7
2024-11-22T15:00,1.367,0.0,52.02
2024-11-22T16:00,1.364,0.2,51.88
2024-11-22T17:00,1.365,0.4,51.93
2024-11-22T18:00,1.368,0.0,52.06
2024-11-22T19:00,1.366,0.0,51.97
2024-11-22T20:00,1.364,0.0,51.88
2024-11-22T21:00,1.363,0.0,51.84
2024-11-22T22:00,1.36,0.0,51.7
2024-11-22T23:00,1.36,0.0,51.7
2024-11-23T00:00,1.36,0.0,51.7
2024-11-23T01:00,1.356,0.0,51.52
2024-11-23T02:00,1.362,0.0,51.79
2024-11-23T03:00,1.365,0.0,51.93
2024-11-23T04:00,1.366,0.0,51.97
2024-11-23T05:00,1.371,0.0,52.2
2024-11-23T06:00,1.366,0.0,51.97
2024-11-23T07:00,1.361,0.0,51.75
2024-11-23T08:00,1.365,0.0,51.93
2024-11-23T09:00,1.364,0.0,51.88
2024-11-23T10:00,1.361,0.0,51.75
2024-11-23T11:00,1.365,0.0,51.93
2024-11-23T12:00,1.362,0.0,51.79
2024-11-23T13:00,1.358,0.2,51.61
2024-11-23T14:00,1.354,0.0,51.43
2024-11-23T15:00,1.348,0.0,51.16
2024-11-23T16:00,1.333,0.2,50.49
2024-11-23T17:00,1.338,0.0,50.71
2024-11-23T18:00,1.327,0.0,50.22
2024-11-23T19:00,1.325,0.0,50.13
2024-11-23T20:00,1.321,0.0,49.95
2024-11-23T21:00,1.313,0.0,49.59
2024-11-23T22:00,1.305,0.0,49.23
2024-11-23T23:00,1.304,0.0,49.18
2024-11-24T00:00,1.296,0.0,48.82
2024-11-24T01:00,1.293,0.0,48.69
2024-11-24T02:00,1.29,0.0,48.55
2024-11-24T03:00,1.287,0.0,48.42
2024-11-24T04:00,1.283,0.0,48.24
2024-11-24T05:00,1.282,0.0,48.19
2024-11-24T06:00,1.278,0.0,48.01
2024-11-24T07:00,1.278,0.0,48.01
2024-11-24T08:00,1.276,0.0,47.92
2024-11-24T09:00,1.273,0.0,47.79
2024-11-24T10:00,1.273,0.0,47.79
2024-11-24T11:00,1.271,0.0,47.7
2024-11-24T12:00,1.271,0.0,47.7
2024-11-24T13:00,1.273,0.0,47.79
2024-11-24T14:00,1.273,0.0,47.79
2024-11-24T15:00,1.275,0.0,47.88
2024-11-24T16:00,1.277,0.0,47.97
2024-11-24T17:00,1.271,0.0,47.7
2024-11-24T18:00,1.268,0.0,47.56
2024-11-24T19:00,1.276,0.0,47.92
2024-11-24T20:00,1.275,0.0,47.88
2024-11-24T21:00,1.274,0.0,47.83
2024-11-24T22:00,1.275,0.0,47.88
2024-11-24T23:00,1.274,0.0,47.83
2024-11-25T00:00,1.273,0.0,47.79
2024-11-25T01:00,1.274,0.0,47.83
2024-11-25T02:00,1.274,0.0,47.83
2024-11-25T03:00,1.273,0.0,47.79
2024-11-25T04:00,1.273,0.0,47.79
2024-11-25T05:00,1.271,0.0,47.7
2024-11-25T06:00,1.27,0.0,47.65
2024-11-25T07:00,1.27,0.0,47.65
2024-11-25T08:00,1.272,0.0,47.74
2024-11-25T09:00,1.271,0.0,47.7
2024-11-25T10:00,1.272,0.0,47.74
2024-11-25T11:00,1.271,0.0,47.7
2024-11-25T12:00,1.269,0.0,47.61
2024-11-25T13:00,1.272,0.0,47.74
2024-11-25T14:00,1.268,0.0,47.56
2024-11-25T15:00,1.262,0.0,47.29
2024-11-25T16:00,1.271,0.0,47.7
2024-11-25T17:00,1.27,0.0,47.65
2024-11-25T18:00,1.267,0.0,47.52
2024-11-25T19:00,1.261,0.0,47.25
2024-11-25T20:00,1.257,0.0,47.07
2024-11-25T21:00,1.257,0.0,47.07
2024-11-25T22:00,1.255,0.0,46.98
2024-11-25T23:00,1.254,0.0,46.93
2024-11-26T00:00,1.254,0.0,46.93
2024-11-26T01:00,1.253,0.0,46.89
2024-11-26T02:00,1.254,0.0,46.93
2024-11-26T03:00,1.253,0.0,46.89
2024-11-26T04:00,1.255,0.0,46.98
2024-11-26T05:00,1.256,0.0,47.02
2024-11-26T06:00,1.257,0.0,47.07
2024-11-26T07:00,1.258,0.0,47.11
2024-11-26T08:00,1.26,0.0,47.2
2024-11-26T09:00,1.262,0.0,47.29
2024-11-26T10:00,1.257,0.0,47.07
2024-11-26T11:00,1.259,0.0,47.16
2024-11-26T12:00,1.267,0.0,47.52
2024-11-26T13:00,1.258,0.0,47.11
2024-11-26T14:00,1.262,0.0,47.29
2024-11-26T15:00,1.271,0.0,47.7
2024-11-26T16:00,1.274,0.0,47.83
2024-11-26T17:00,1.275,0.0,47.88
2024-11-26T18:00,1.274,0.0,47.83
2024-11-26T19:00,1.273,0.0,47.79
2024-11-26T20:00,1.271,0.0,47.7
2024-11-26T21:00,1.271,0.0,47.7
2024-11-26T22:00,1.272,0.0,47.74
2024-11-26T23:00,1.273,0.0,47.79
2024-11-27T00:00,1.272,0.0,47.74
2024-11-27T01:00,1.272,0.0,47.74
2024-11-27T02:00,1.272,0.0,47.74
2024-11-27T03:00,1.271,0.0,47.7
2024-11-27T06:00,1.269,0.0,47.61
2024-11-27T07:00,1.268,0.0,47.56
2024-11-27T08:00,1.269,0.0,47.61
2024-11-27T09:00,1.271,0.0,47.7
2024-11-27T10:00,1.264,0.0,47.38
2024-11-27T11:00,1.253,0.0,46.89
2024-11-27T12:00,1.265,0.0,47.43
2024-11-27T13:00,1.269,0.0,47.61
2024-11-27T14:00,1.259,0.0,47.16
2024-11-27T15:00,1.251,0.0,46.8
2024-11-27T16:00,1.252,0.0,46.84
2024-11-27T17:00,1.264,0.0,47.38
2024-11-27T18:00,1.261,0.0,47.25
2024-11-27T19:00,1.259,0.0,47.16
2024-11-27T23:00,1.251,0.0,46.8
2024-11-28T01:00,1.246,0.0,46.57
2024-11-28T02:00,1.244,0.0,46.48
2024-11-28T03:00,1.244,0.0,46.48
2024-11-28T06:00,1.252,0.2,46.84
2024-11-28T07:00,1.236,1.6,46.12
2024-11-28T08:00,1.275,9.4,47.88
2024-11-28T09:00,1.291,2.6,48.6
2024-11-28T10:00,1.376,21.6,52.42
2024-11-28T11:00,1.478,10.6,57.01
2024-11-28T12:00,1.531,10.6,59.4
2024-11-28T13:00,1.595,1.0,62.28
2024-11-28T14:00,1.602,0.0,62.59
2024-11-28T15:00,1.608,0.4,62.86
2024-11-28T16:00,1.615,0.6,63.18
2024-11-28T17:00,1.62,0.0,63.4
2024-11-28T18:00,1.627,0.0,63.72
2024-11-28T19:00,1.633,0.0,63.99
2024-11-28T20:00,1.64,0.0,64.3
2024-11-28T21:00,1.647,0.0,64.62
2024-11-28T22:00,1.655,0.0,64.98
2024-11-28T23:00,1.663,0.0,65.34
2024-11-29T00:00,1.674,0.0,65.83
2024-11-29T01:00,1.688,0.0,66.46
2024-11-29T02:00,1.703,0.0,67.14
2024-11-29T03:00,1.72,0.0,67.9
2024-11-29T04:00,1.74,0.0,68.8
2024-11-29T05:00,1.762,0.0,69.79
2024-11-29T06:00,1.786,0.0,70.87
2024-11-29T07:00,1.814,0.0,72.13
2024-11-29T08:00,1.844,0.0,73.48
2024-11-29T09:00,1.879,0.0,75.06
2024-11-29T10:00,1.916,0.0,76.72
2024-11-29T11:00,1.956,0.0,78.52
2024-11-29T12:00,1.995,0.0,80.28
2024-11-29T13:00,2.034,0.0,82.03
2024-11-29T14:00,2.072,0.0,83.74
2024-11-29T15:00,2.107,0.2,85.32
2024-11-29T16:00,2.143,0.0,86.94
2024-11-29T17:00,2.183,9.4,88.74
2024-11-29T18:00,2.219,0.2,90.36
2024-11-29T19:00,2.24,0.0,91.3
2024-11-29T20:00,2.262,0.0,92.29
2024-11-29T21:00,2.281,0.0,93.15
2024-11-29T22:00,2.296,0.0,93.82
2024-11-29T23:00,2.311,0.0,94.5
2024-11-30T01:00,2.329,0.0,95.31
2024-11-30T02:00,2.335,0.0,95.58
2024-11-30T03:00,2.337,0.0,95.67
2024-11-30T04:00,2.336,0.0,95.62
2024-11-30T05:00,2.334,0.0,95.53
2024-11-30T06:00,2.329,0.0,95.31
2024-11-30T07:00,2.323,0.0,95.04
2024-11-30T08:00,2.316,0.0,94.72
2024-11-30T09:00,2.307,0.0,94.32
2024-11-30T10:00,2.298,0.0,93.91
2024-11-30T11:00,2.279,0.0,93.06
2024-11-30T12:00,2.269,0.0,92.61
2024-11-30T13:00,2.254,0.0,91.93
2024-11-30T14:00,2.239,0.0,91.26
2024-11-30T15:00,2.223,0.0,90.54
2024-11-30T16:00,2.206,0.0,89.77
2024-11-30T17:00,2.181,0.0,88.65
2024-11-30T18:00,2.163,0.0,87.84
2024-11-30T19:00,2.144,0.0,86.98
2024-11-30T20:00,2.123,0.0,86.04
2024-11-30T21:00,2.104,0.0,85.18
2024-11-30T22:00,2.084,0.0,84.28
2024-11-30T23:00,2.061,0.0,83.25
2024-12-01T00:00,2.042,0.0,82.39
2024-12-01T01:00,2.023,0.0,81.54
2024-12-01T02:00,2.004,0.0,80.68
2024-12-01T03:00,1.985,0.0,79.83
2024-12-01T04:00,1.967,0.0,79.02
2024-12-01T05:00,1.949,0.0,78.21
2024-12-01T06:00,1.933,0.0,77.49
2024-12-01T07:00,1.916,0.0,76.72
2024-12-01T08:00,1.899,0.0,75.96
2024-12-01T09:00,1.882,0.0,75.19
2024-12-01T10:00,1.87,0.0,74.65
2024-12-01T11:00,1.855,0.0,73.98
2024-12-01T12:00,1.839,0.0,73.26
2024-12-01T13:00,1.827,0.0,72.72
2024-12-01T14:00,1.811,0.0,72.0
2024-12-01T15:00,1.801,0.0,71.55
2024-12-01T16:00,1.775,0.0,70.38
2024-12-01T17:00,1.77,0.0,70.15
2024-12-01T18:00,1.761,0.0,69.75
2024-12-01T19:00,1.745,0.0,69.03
2024-12-01T20:00,1.732,0.0,68.44
2024-12-01T21:00,1.72,0.0,67.9
2024-12-01T22:00,1.709,0.0,67.41
2024-12-01T23:00,1.698,0.0,66.91
2024-12-02T00:00,1.687,0.0,66.42
2024-12-02T01:00,1.677,0.0,65.97
2024-12-02T02:00,1.669,0.0,65.61
2024-12-02T03:00,1.66,0.0,65.2
2024-12-02T04:00,1.651,0.0,64.8
2024-12-02T05:00,1.643,0.0,64.44
2024-12-02T06:00,1.635,0.0,64.08
2024-12-02T07:00,1.629,0.0,63.81
2024-12-02T08:00,1.621,0.0,63.45
2024-12-02T09:00,1.614,0.0,63.13
2024-12-02T10:00,1.608,0.0,62.86
2024-12-02T11:00,1.602,0.0,62.59
2024-12-02T12:00,1.589,1.6,62.01
2024-12-02T13:00,1.599,4.0,62.46
2024-12-02T14:00,1.597,0.0,62.37
2024-12-02T15:00,1.59,0.0,62.05
2024-12-02T16:00,1.582,0.0,61.69
2024-12-02T17:00,1.575,0.0,61.38
2024-12-02T18:00,1.569,0.0,61.11
2024-12-02T19:00,1.562,0.0,60.79
2024-12-02T20:00,1.556,0.2,60.52
2024-12-02T21:00,1.549,0.0,60.21
2024-12-02T22:00,1.543,0.0,59.94
2024-12-02T23:00,1.539,0.0,59.76
2024-12-03T00:00,1.534,0.0,59.53
2024-12-03T01:00,1.53,0.0,59.35
2024-12-03T02:00,1.527,0.0,59.22
2024-12-03T06:00,1.522,0.0,58.99
2024-12-03T07:00,1.522,0.0,58.99
2024-12-03T08:00,1.52,0.0,58.9
2024-12-03T09:00,1.523,0.0,59.04
2024-12-03T10:00,1.523,0.0,59.04
2024-12-03T11:00,1.523,0.0,59.04
2024-12-03T12:00,1.524,0.0,59.08
2024-12-03T13:00,1.524,0.0,59.08
2024-12-03T14:00,1.521,0.0,58.95
2024-12-03T15:00,1.518,0.0,58.81
2024-12-03T16:00,1.514,0.0,58.63
2024-12-03T17:00,1.512,0.0,58.54
2024-12-03T18:00,1.507,0.0,58.32
2024-12-03T19:00,1.504,0.0,58.18
2024-12-03T20:00,1.496,0.0,57.82
2024-12-03T21:00,1.493,0.0,57.69
2024-12-03T22:00,1.484,0.0,57.28
2024-12-03T23:00,1.481,0.0,57.15
2024-12-04T00:00,1.479,0.0,57.06
2024-12-04T01:00,1.473,0.0,56.79
2024-12-04T02:00,1.468,0.0,56.56
2024-12-04T03:00,1.463,0.0,56.34
2024-12-04T04:00,1.462,0.0,56.29
2024-12-04T05:00,1.457,0.0,56.07
2024-12-04T06:00,1.45,0.0,55.75
2024-12-04T07:00,1.45,0.0,55.75
2024-12-04T08:00,1.444,0.0,55.48
2024-12-04T09:00,1.441,0.0,55.35
2024-12-04T10:00,1.436,0.0,55.12
2024-12-04T11:00,1.426,0.0,54.67
2024-12-04T12:00,1.424,0.0,54.58
2024-12-04T13:00,1.423,0.0,54.54
2024-12-04T14:00,1.416,0.0,54.22
2024-12-04T15:00,1.411,0.0,54.0
2024-12-04T16:00,1.404,0.0,53.68
2024-12-04T17:00,1.397,0.0,53.37
2024-12-04T18:00,1.389,0.0,53.01
2024-12-04T23:00,1.368,0.0,52.06
2024-12-05T00:00,1.352,0.0,51.34
2024-12-05T01:00,1.352,0.0,51.34
2024-12-05T02:00,1.346,0.0,51.07
2024-12-05T03:00,1.345,0.0,51.03
2024-12-05T04:00,1.34,0.0,50.8
2024-12-05T05:00,1.337,0.0,50.67
2024-12-05T06:00,1.335,0.0,50.58
2024-12-05T07:00,1.336,0.0,50.62
2024-12-05T08:00,1.337,0.0,50.67
2024-12-05T09:00,1.336,0.0,50.62
2024-12-05T10:00,1.336,0.0,50.62
2024-12-05T11:00,1.337,0.0,50.67
2024-12-05T12:00,1.334,0.0,50.53
2024-12-05T13:00,1.334,0.0,50.53
2024-12-05T14:00,1.336,0.0,50.62
2024-12-05T15:00,1.334,0.0,50.53
2024-12-05T16:00,1.332,0.0,50.44
2024-12-05T17:00,1.333,0.0,50.49
2024-12-05T18:00,1.335,0.0,50.58
2024-12-05T19:00,1.33,0.0,50.35
2024-12-05T20:00,1.338,0.0,50.71
2024-12-05T21:00,1.341,0.0,50.85
2024-12-05T22:00,1.339,0.0,50.76
2024-12-05T23:00,1.348,0.0,51.16
2024-12-06T00:00,1.343,0.0,50.94
2024-12-06T01:00,1.355,0.0,51.48
2024-12-06T02:00,1.355,0.0,51.48
2024-12-06T03:00,1.361,0.0,51.75
2024-12-06T04:00,1.366,0.0,51.97
2024-12-06T05:00,1.381,0.0,52.65
2024-12-06T06:00,1.377,0.0,52.47
2024-12-06T07:00,1.386,0.0,52.87
2024-12-06T08:00,1.395,0.0,53.28
2024-12-06T09:00,1.395,0.0,53.28
2024-12-06T10:00,1.388,0.0,52.96
2024-12-06T11:00,1.387,0.0,52.92
2024-12-06T12:00,1.39,0.0,53.05
2024-12-06T13:00,1.388,0.0,52.96
2024-12-06T14:00,1.39,0.0,53.05
2024-12-06T15:00,1.386,0.0,52.87
2024-12-06T16:00,1.398,0.0,53.41
2024-12-06T17:00,1.385,0.0,52.83
2024-12-06T18:00,1.391,0.0,53.1
2024-12-06T19:00,1.38,0.0,52.6
2024-12-06T20:00,1.386,0.0,52.87
2024-12-06T21:00,1.381,0.0,52.65
2024-12-06T22:00,1.381,0.0,52.65
2024-12-06T23:00,1.372,0.2,52.24
2024-12-07T00:00,1.38,0.0,52.6
2024-12-07T06:00,1.485,3.4,57.33
2024-12-07T07:00,1.484,2.6,57.28
2024-12-07T08:00,1.574,3.0,61.33
2024-12-07T09:00,1.661,17.8,65.25
2024-12-07T10:00,1.792,10.0,71.14
2024-12-07T11:00,1.882,6.4,75.19
2024-12-07T12:00,1.966,1.2,78.97
2024-12-07T13:00,2.025,1.0,81.63
2024-12-07T14:00,2.101,3.6,85.05
2024-12-07T15:00,2.191,2.2,89.1
2024-12-07T16:00,2.287,3.0,93.42
2024-12-07T17:00,2.375,0.2,97.38
2024-12-07T18:00,2.462,1.4,101.29
2024-12-08T00:00,3.17,0.0,133.15
2024-12-08T04:00,3.734,0.0,160.7
2024-12-08T05:00,3.872,0.0,167.6
2024-12-08T06:00,4.004,0.0,174.2
2024-12-08T07:00,4.132,0.0,180.6
2024-12-08T08:00,4.254,0.0,186.7
2024-12-08T09:00,4.368,0.0,192.4
2024-12-08T10:00,4.479,0.0,197.95
2024-12-08T11:00,4.579,0.0,202.95
2024-12-08T15:00,4.934,6.8,220.7
2024-12-08T16:00,5.034,7.4,225.7
2024-12-08T17:00,5.13,2.0,230.5
2024-12-08T18:00,5.198,1.2,233.9
2024-12-08T21:00,5.399,0.0,243.95
2024-12-09T06:00,5.871,0.2,268.23
2024-12-09T07:00,5.914,4.0,270.49
2024-12-09T08:00,5.955,2.8,272.64
2024-12-09T09:00,5.996,1.0,274.79
2024-12-09T10:00,6.031,0.6,276.63
2024-12-09T11:00,6.065,0.2,278.41
2024-12-09T12:00,6.097,0.0,280.09
2024-12-09T13:00,6.125,0.8,281.56
2024-12-09T14:00,6.154,3.0,283.09
2024-12-09T15:00,6.185,5.6,284.71
2024-12-09T16:00,6.235,2.6,287.34
2024-12-09T17:00,6.261,1.6,288.7
2024-12-09T18:00,6.292,2.2,290.33
2024-12-10T04:00,6.563,0.0,304.56
2024-12-10T06:00,6.604,0.0,306.74
2024-12-10T07:00,6.623,0.0,307.88
2024-12-10T08:00,6.645,0.0,309.2
2024-12-10T09:00,6.664,0.2,310.34
2024-12-10T10:00,6.684,0.0,311.54
2024-12-10T11:00,6.702,0.0,312.62
2024-12-10T12:00,6.72,0.0,313.7
2024-12-10T13:00,6.739,0.0,314.84
2024-12-10T14:00,6.755,0.0,315.8
2024-12-10T15:00,6.77,0.0,316.7
2024-12-10T16:00,6.783,0.0,317.48
2024-12-10T17:00,6.802,0.0,318.63
2024-12-10T18:00,6.814,0.0,319.38
2024-12-10T19:00,6.825,0.0,320.06
2024-12-10T20:00,6.838,0.4,320.88
2024-12-10T21:00,6.855,0.0,321.94
2024-12-10T22:00,6.868,0.0,322.75
2024-12-10T23:00,6.877,0.0,323.31
2024-12-11T01:00,6.899,0.0,324.69
2024-12-11T02:00,6.906,0.0,325.13
2024-12-11T03:00,6.916,0.0,325.75
2024-12-11T04:00,6.924,0.0,326.25
2024-12-11T05:00,6.933,0.0,326.81
2024-12-11T06:00,6.942,0.0,327.38
2024-12-11T07:00,6.948,0.0,327.75
2024-12-11T08:00,6.952,0.0,328.0
2024-12-11T09:00,6.962,0.0,328.63
2024-12-11T10:00,6.965,0.0,328.81
2024-12-11T11:00,6.971,0.0,329.19
2024-12-11T12:00,6.975,0.0,329.44
2024-12-11T13:00,6.981,0.0,329.81
2024-12-11T14:00,6.988,0.0,330.25
2024-12-11T15:00,6.987,0.0,330.19
2024-12-11T16:00,6.989,0.0,330.31
2024-12-11T17:00,6.992,0.0,330.5
2024-12-11T18:00,6.992,0.0,330.5
2024-12-11T19:00,6.992,0.0,330.5
2024-12-11T20:00,6.991,0.0,330.44
2024-12-11T21:00,6.99,0.0,330.38
2024-12-11T22:00,6.986,0.0,330.13
2024-12-11T23:00,6.986,0.0,330.13
2024-12-12T00:00,6.983,0.0,329.94
2024-12-12T01:00,6.979,0.0,329.69
2024-12-12T02:00,6.975,0.0,329.44
2024-12-12T03:00,6.969,0.0,329.06
2024-12-12T06:00,6.953,0.0,328.06
2024-12-12T07:00,6.947,0.0,327.69
2024-12-12T08:00,6.941,0.0,327.31
2024-12-12T09:00,6.933,0.0,326.81
2024-12-12T10:00,6.922,0.0,326.13
2024-12-12T11:00,6.913,0.0,325.56
2024-12-12T12:00,6.904,0.0,325.0
2024-12-12T13:00,6.895,0.0,324.44
2024-12-12T14:00,6.884,0.0,323.75
2024-12-12T15:00,6.874,0.0,323.13
2024-12-12T16:00,6.86,0.0,322.25
2024-12-12T17:00,6.846,0.0,321.38
2024-12-12T18:00,6.832,0.0,320.5
2024-12-12T19:00,6.817,0.0,319.56
2024-12-12T20:00,6.801,0.0,318.56
2024-12-12T21:00,6.785,0.0,317.6
2024-12-12T22:00,6.768,0.0,316.58
2024-12-12T23:00,6.751,0.0,315.56
2024-12-13T00:00,6.731,0.0,314.36
2024-12-13T01:00,6.714,0.0,313.34
2024-12-13T02:00,6.695,0.0,312.2
2024-12-13T03:00,6.676,0.0,311.06
2024-12-13T04:00,6.655,0.0,309.8
2024-12-13T05:00,6.634,0.0,308.54
2024-12-13T06:00,6.612,0.0,307.22
2024-12-13T07:00,6.59,0.0,305.98
2024-12-13T08:00,6.569,0.0,304.87
2024-12-13T09:00,6.544,0.0,303.56
2024-12-13T10:00,6.522,0.0,302.41
2024-12-13T11:00,6.492,0.0,300.83
2024-12-13T12:00,6.47,0.0,299.68
2024-12-13T13:00,6.444,0.0,298.31
2024-12-13T14:00,6.419,0.0,297.0
2024-12-13T15:00,6.389,0.0,295.42
2024-12-13T16:00,6.359,0.0,293.85
2024-12-13T17:00,6.329,0.0,292.27
2024-12-13T18:00,6.297,0.0,290.59
2024-12-13T19:00,6.265,0.0,288.91
2024-12-13T20:00,6.233,0.0,287.23
2024-12-14T07:00,5.877,1.6,268.54
2024-12-14T08:00,5.838,0.8,266.5
2024-12-14T09:00,5.809,0.2,264.97
2024-12-14T10:00,5.774,0.0,263.14
2024-12-14T11:00,5.74,0.0,261.35
2024-12-14T12:00,5.705,0.0,259.51
2024-12-14T13:00,5.67,0.0,257.68
2024-12-14T14:00,5.636,0.2,255.89
2024-12-14T15:00,5.602,0.0,254.11
2024-12-14T16:00,5.569,0.4,252.45
2024-12-14T17:00,5.538,4.8,250.9
2024-12-14T18:00,5.515,1.4,249.75
2024-12-14T19:00,5.485,0.0,248.25
2024-12-14T20:00,5.455,0.0,246.75
2024-12-14T21:00,5.425,0.0,245.25
2024-12-14T22:00,5.398,0.0,243.9
2024-12-14T23:00,5.371,0.0,242.55
2024-12-15T00:00,5.343,0.0,241.15
2024-12-15T01:00,5.318,0.0,239.9
2024-12-15T02:00,5.294,0.0,238.7
2024-12-15T03:00,5.269,0.0,237.45
2024-12-15T04:00,5.247,0.0,236.35
2024-12-15T05:00,5.226,0.0,235.3
2024-12-15T06:00,5.204,0.0,234.2
2024-12-15T07:00,5.184,0.0,233.2
2024-12-15T08:00,5.162,0.2,232.1
2024-12-15T09:00,5.14,0.0,231.0
2024-12-15T10:00,5.123,0.0,230.15
2024-12-15T11:00,5.096,0.0,228.8
2024-12-15T12:00,5.077,0.0,227.85
2024-12-15T13:00,5.066,0.0,227.3
2024-12-15T14:00,5.043,0.0,226.15
2024-12-15T15:00,5.032,0.0,225.6
2024-12-15T16:00,5.011,0.0,224.55
2024-12-15T17:00,4.991,0.0,223.55
2024-12-15T18:00,4.981,0.0,223.05
2024-12-15T19:00,4.957,0.0,221.85
2024-12-15T20:00,4.939,0.0,220.95
2024-12-15T21:00,4.918,0.0,219.9
2024-12-15T22:00,4.898,0.0,218.9
2024-12-15T23:00,4.877,0.0,217.85
2024-12-16T00:00,4.856,0.0,216.8
2024-12-16T01:00,4.834,0.0,215.7
2024-12-16T02:00,4.812,0.0,214.6
2024-12-16T03:00,4.789,0.0,213.45
2024-12-16T04:00,4.768,0.0,212.4
2024-12-16T05:00,4.744,0.0,211.2
2024-12-16T06:00,4.722,0.0,210.1
2024-12-16T07:00,4.696,0.0,208.8
2024-12-16T08:00,4.66,0.0,207.0
2024-12-16T09:00,4.634,0.0,205.7
2024-12-16T10:00,4.613,0.0,204.65
2024-12-16T11:00,4.595,0.0,203.75
2024-12-16T12:00,4.563,0.0,202.15
2024-12-16T13:00,4.545,0.0,201.25
2024-12-16T14:00,4.517,0.0,199.85
2024-12-16T15:00,4.499,0.0,198.95
2024-12-16T16:00,4.471,0.0,197.55
2024-12-16T17:00,4.444,0.0,196.2
2024-12-16T18:00,4.418,0.0,194.9
2024-12-16T19:00,4.39,0.0,193.5
2024-12-16T20:00,4.361,0.0,192.05
2024-12-16T21:00,4.333,0.0,190.65
2024-12-16T22:00,4.306,0.0,189.3
2024-12-16T23:00,4.277,0.0,187.85
2024-12-17T00:00,4.251,0.0,186.55
2024-12-17T01:00,4.222,0.0,185.1
2024-12-17T02:00,4.196,0.0,183.8
2024-12-17T03:00,4.169,0.0,182.45
2024-12-17T04:00,4.142,0.0,181.1
2024-12-17T05:00,4.116,0.0,179.8
2024-12-17T06:00,4.089,0.0,178.45
2024-12-17T07:00,4.064,0.0,177.2
2024-12-17T08:00,4.038,0.0,175.9
2024-12-17T09:00,4.013,0.0,174.65
2024-12-17T10:00,3.987,0.0,173.35
2024-12-17T11:00,3.96,0.0,172.0
2024-12-17T12:00,3.938,0.0,170.9
2024-12-17T13:00,3.913,0.0,169.65
2024-12-17T14:00,3.889,0.0,168.45
2024-12-17T15:00,3.865,0.0,167.25
2024-12-17T16:00,3.841,0.0,166.05
2024-12-17T17:00,3.82,0.0,165.0
2024-12-17T18:00,3.792,0.0,163.6
2024-12-17T19:00,3.769,0.0,162.45
2024-12-17T20:00,3.743,0.0,161.15
2024-12-17T21:00,3.722,0.0,160.1
2024-12-17T22:00,3.699,0.0,158.95
2024-12-17T23:00,3.677,0.0,157.85
2024-12-18T00:00,3.654,0.0,156.7
2024-12-18T01:00,3.632,0.0,155.6
2024-12-18T02:00,3.611,0.0,154.55
2024-12-18T03:00,3.59,0.0,153.5
2024-12-18T04:00,3.569,0.0,152.45
2024-12-18T05:00,3.548,0.0,151.4
2024-12-18T06:00,3.528,0.0,150.4
2024-12-18T07:00,3.508,0.0,149.4
2024-12-18T08:00,3.489,0.0,148.45
2024-12-18T09:00,3.469,0.0,147.45
2024-12-18T10:00,3.449,0.0,146.45
2024-12-18T11:00,3.431,0.0,145.55
2024-12-18T12:00,3.412,0.0,144.6
2024-12-18T13:00,3.394,0.0,143.72
2024-12-18T14:00,3.374,0.0,142.77
2024-12-18T15:00,3.357,0.0,141.96
2024-12-18T16:00,3.341,0.0,141.2
2024-12-18T17:00,3.323,0.0,140.34
2024-12-18T18:00,3.305,0.0,139.49
2024-12-18T19:00,3.282,0.0,138.4
2024-12-18T20:00,3.263,0.0,137.49
2024-12-18T21:00,3.246,0.0,136.69
2024-12-18T22:00,3.231,0.0,135.97
2024-12-18T23:00,3.213,0.0,135.12
2024-12-19T00:00,3.197,0.0,134.37
2024-12-19T01:00,3.181,0.0,133.65
2024-12-19T02:00,3.165,0.0,132.93
2024-12-19T03:00,3.151,0.0,132.3
2024-12-19T04:00,3.135,0.0,131.58
2024-12-19T05:00,3.12,0.0,130.9
2024-12-19T06:00,3.104,0.0,130.18
2024-12-19T07:00,3.091,0.0,129.6
2024-12-19T08:00,3.076,0.0,128.92
2024-12-19T09:00,3.062,0.0,128.29
2024-12-19T10:00,3.047,0.0,127.62
2024-12-19T11:00,3.031,0.0,126.9
2024-12-19T12:00,3.021,0.0,126.45
2024-12-19T13:00,2.997,0.0,125.37
2024-12-19T14:00,2.993,0.0,125.19
2024-12-19T15:00,2.98,0.0,124.6
2024-12-19T16:00,2.966,0.0,123.97
2024-12-19T17:00,2.95,0.0,123.25
2024-12-19T18:00,2.932,0.0,122.44
2024-12-19T19:00,2.917,0.0,121.77
2024-12-20T06:00,2.963,2.4,123.84
2024-12-20T07:00,2.983,0.0,124.74
2024-12-20T08:00,3.001,0.0,125.55
2024-12-20T09:00,3.023,0.2,126.54
2024-12-20T10:00,3.05,0.0,127.75
2024-12-20T11:00,3.074,0.0,128.83
2024-12-20T12:00,3.11,0.0,130.45
2024-12-20T13:00,3.146,0.2,132.07
2024-12-20T14:00,3.183,0.0,133.74
2024-12-20T15:00,3.229,0.0,135.88
2024-12-20T16:00,3.273,0.0,137.97
2024-12-20T17:00,3.324,0.0,140.39
2024-12-20T18:00,3.378,0.0,142.96
2024-12-20T19:00,3.43,0.0,145.5
2024-12-20T20:00,3.483,0.0,148.15
2024-12-20T21:00,3.539,0.0,150.95
2024-12-20T22:00,3.595,0.0,153.75
2024-12-20T23:00,3.649,0.0,156.45
2024-12-21T00:00,3.701,0.0,159.05
2024-12-21T01:00,3.752,0.0,161.6
2024-12-21T02:00,3.801,0.0,164.05
2024-12-21T03:00,3.847,0.0,166.35
2024-12-21T04:00,3.891,0.0,168.55
2024-12-21T05:00,3.934,0.0,170.7
2024-12-21T06:00,3.971,0.0,172.55
2024-12-21T07:00,3.999,0.0,173.95
2024-12-21T08:00,4.032,0.0,175.6
2024-12-21T09:00,4.066,0.0,177.3
2024-12-21T10:00,4.092,0.0,178.6
2024-12-21T11:00,4.128,0.0,180.4
2024-12-21T12:00,4.154,0.0,181.7
2024-12-21T13:00,4.177,0.0,182.85
2024-12-21T14:00,4.2,0.0,184.0
2024-12-21T15:00,4.219,0.0,184.95
2024-12-21T16:00,4.228,0.0,185.4
2024-12-21T17:00,4.248,0.0,186.4
2024-12-21T18:00,4.258,0.0,186.9
2024-12-21T19:00,4.268,0.0,187.4
2024-12-21T20:00,4.276,0.0,187.8
2024-12-21T21:00,4.281,0.0,188.05
2024-12-21T22:00,4.284,0.0,188.2
2024-12-21T23:00,4.289,0.0,188.45
2024-12-22T00:00,4.289,0.0,188.45
2024-12-22T01:00,4.289,0.0,188.45
2024-12-22T02:00,4.286,0.0,188.3
2024-12-22T03:00,4.281,0.0,188.05
2024-12-22T04:00,4.276,0.0,187.8
2024-12-22T05:00,4.27,0.0,187.5
2024-12-22T06:00,4.26,0.0,187.0
2024-12-22T07:00,4.249,0.0,186.45
2024-12-22T08:00,4.236,0.0,185.8
2024-12-22T09:00,4.223,0.0,185.15
2024-12-22T10:00,4.205,0.0,184.25
2024-12-22T11:00,4.191,0.0,183.55
2024-12-22T12:00,4.17,0.0,182.5
2024-12-22T13:00,4.152,0.0,181.6
2024-12-22T14:00,4.131,0.0,180.55
2024-12-22T15:00,4.104,0.0,179.2
2024-12-22T16:00,4.082,0.0,178.1
2024-12-22T17:00,4.06,0.4,177.0
2024-12-22T18:00,4.034,0.2,175.7
2024-12-22T19:00,4.007,0.2,174.35
2024-12-22T20:00,3.98,0.0,173.0
2024-12-22T21:00,3.954,0.0,171.7
2024-12-22T22:00,3.927,0.0,170.35
2024-12-22T23:00,3.897,0.0,168.85
2024-12-23T00:00,3.869,0.0,167.45
2024-12-23T01:00,3.841,0.0,166.05
2024-12-23T02:00,3.813,0.0,164.65
2024-12-23T03:00,3.788,0.0,163.4
2024-12-23T04:00,3.758,0.0,161.9
2024-12-23T05:00,3.732,0.0,160.6
2024-12-23T06:00,3.704,0.0,159.2
2024-12-23T07:00,3.677,0.0,157.85
2024-12-23T08:00,3.651,0.0,156.55
2024-12-23T09:00,3.626,0.0,155.3
2024-12-23T10:00,3.602,0.0,154.1
2024-12-23T11:00,3.578,0.0,152.9
2024-12-23T12:00,3.557,0.0,151.85
2024-12-23T13:00,3.534,0.0,150.7
2024-12-23T14:00,3.514,0.0,149.7
2024-12-23T15:00,3.494,0.0,148.7
2024-12-23T16:00,3.476,0.0,147.8
2024-12-23T17:00,3.457,0.0,146.85
2024-12-23T18:00,3.438,0.0,145.9
2024-12-23T19:00,3.421,0.0,145.05
2024-12-23T20:00,3.403,0.0,144.15
2024-12-23T21:00,3.386,0.0,143.34
2024-12-23T22:00,3.369,0.0,142.53
2024-12-23T23:00,3.352,0.0,141.72
2024-12-24T00:00,3.336,0.0,140.96
2024-12-24T01:00,3.319,0.0,140.15
2024-12-24T04:00,3.273,0.0,137.97
2024-12-24T05:00,3.257,0.0,137.21
2024-12-24T06:00,3.241,0.0,136.45
2024-12-24T07:00,3.227,0.0,135.78
2024-12-24T08:00,3.211,0.0,135.02
2024-12-24T09:00,3.195,0.0,134.28
2024-12-24T10:00,3.179,0.0,133.56
2024-12-24T11:00,3.165,0.0,132.93
2024-12-24T12:00,3.151,0.0,132.3
2024-12-24T13:00,3.135,0.0,131.58
2024-12-24T14:00,3.12,0.0,130.9
2024-12-24T15:00,3.104,0.0,130.18
2024-12-24T16:00,3.09,0.0,129.55
2024-12-24T17:00,3.072,0.0,128.74
2024-12-24T18:00,3.057,0.0,128.07
2024-12-24T19:00,3.04,0.0,127.3
2024-12-24T20:00,3.022,0.0,126.49
2024-12-24T21:00,3.007,0.0,125.82
2024-12-24T22:00,2.991,0.0,125.1
2024-12-24T23:00,2.976,0.0,124.42
2024-12-25T00:00,2.96,0.0,123.7
2024-12-25T01:00,2.945,0.0,123.03
2024-12-25T02:00,2.93,0.0,122.35
2024-12-25T03:00,2.915,0.0,121.68
2024-12-25T04:00,2.902,0.0,121.09
2024-12-25T05:00,2.887,0.0,120.42
2024-12-25T06:00,2.872,0.0,119.74
2024-12-25T07:00,2.858,0.0,119.11
2024-12-25T08:00,2.842,0.0,118.39
2024-12-25T09:00,2.831,0.0,117.9
2024-12-25T10:00,2.815,0.0,117.18
2024-12-25T11:00,2.801,0.0,116.55
2024-12-25T12:00,2.789,0.0,116.01
2024-12-25T13:00,2.776,0.0,115.42
2024-12-25T14:00,2.762,0.0,114.79
2024-12-25T15:00,2.746,0.0,114.07
2024-12-25T16:00,2.733,0.0,113.49
2024-12-25T17:00,2.719,0.0,112.86
2024-12-25T18:00,2.702,0.0,112.09
2024-12-25T19:00,2.687,0.0,111.42
2024-12-25T20:00,2.676,0.0,110.92
2024-12-25T21:00,2.661,0.0,110.25
2024-12-25T22:00,2.647,0.0,109.62
2024-12-25T23:00,2.632,0.0,108.94
2024-12-26T04:00,2.584,0.0,106.78
2024-12-26T06:00,2.563,0.4,105.84
2024-12-26T07:00,2.553,0.0,105.39
2024-12-26T08:00,2.543,0.0,104.94
2024-12-26T09:00,2.533,0.0,104.49
2024-12-26T10:00,2.522,0.0,103.99
2024-12-26T11:00,2.508,0.0,103.36
2024-12-26T12:00,2.501,0.0,103.05
2024-12-26T13:00,2.494,0.0,102.73
2024-12-26T14:00,2.485,0.0,102.33
2024-12-26T15:00,2.477,0.0,101.97
2024-12-26T16:00,2.468,0.0,101.56
2024-12-26T17:00,2.463,0.0,101.34
2024-12-26T18:00,2.45,0.0,100.75
2024-12-26T19:00,2.445,0.0,100.53
2024-12-26T20:00,2.439,0.0,100.26
2024-12-26T21:00,2.436,0.0,100.12
2024-12-26T22:00,2.432,0.0,99.94
2024-12-26T23:00,2.429,0.0,99.81
2024-12-27T00:00,2.427,0.0,99.72
2024-12-27T01:00,2.426,0.0,99.67
2024-12-27T02:00,2.426,0.0,99.67
2024-12-27T03:00,2.425,0.0,99.63
2024-12-27T04:00,2.423,0.0,99.54
2024-12-27T05:00,2.422,0.0,99.49
2024-12-27T06:00,2.42,0.0,99.4
2024-12-27T07:00,2.419,0.0,99.36
2024-12-27T08:00,2.417,0.0,99.27
2024-12-27T09:00,2.415,0.0,99.18
2024-12-27T10:00,2.412,0.0,99.04
2024-12-27T11:00,2.408,0.0,98.86
2024-12-27T12:00,2.403,0.0,98.64
2024-12-27T13:00,2.404,0.0,98.68
2024-12-27T14:00,2.399,0.0,98.46
2024-12-27T15:00,2.395,0.0,98.28
2024-12-27T16:00,2.387,0.0,97.92
2024-12-27T17:00,2.384,0.0,97.78
2024-12-27T18:00,2.376,0.0,97.42
2024-12-27T19:00,2.358,0.0,96.61
2024-12-27T20:00,2.356,0.0,96.52
2024-12-27T21:00,2.348,0.0,96.16
2024-12-27T22:00,2.339,0.0,95.76
2024-12-27T23:00,2.331,0.0,95.4
2024-12-28T00:00,2.32,0.0,94.9
2024-12-28T01:00,2.312,0.0,94.54
2024-12-28T02:00,2.303,0.0,94.14
2024-12-28T03:00,2.294,0.0,93.73
2024-12-28T04:00,2.285,0.0,93.33
2024-12-28T05:00,2.276,0.0,92.92
2024-12-28T06:00,2.266,0.0,92.47
2024-12-28T07:00,2.257,0.0,92.07
2024-12-28T08:00,2.249,0.0,91.71
2024-12-28T09:00,2.24,0.0,91.3
2024-12-28T10:00,2.232,0.0,90.94
2024-12-28T11:00,2.217,0.0,90.27
2024-12-28T12:00,2.215,0.0,90.18
2024-12-28T13:00,2.203,0.0,89.64
2024-12-28T14:00,2.197,0.0,89.37
2024-12-28T15:00,2.179,0.0,88.56
2024-12-28T16:00,2.183,0.0,88.74
2024-12-28T17:00,2.168,0.0,88.06
2024-12-28T18:00,2.158,0.0,87.61
2024-12-28T19:00,2.148,0.0,87.16
2024-12-28T20:00,2.137,0.0,86.67
2024-12-28T21:00,2.129,0.0,86.31
2024-12-28T22:00,2.118,0.0,85.81
2024-12-28T23:00,2.108,0.0,85.36
2024-12-29T00:00,2.099,0.0,84.96
2024-12-29T01:00,2.09,0.0,84.55
2024-12-29T02:00,2.081,0.0,84.15
2024-12-29T03:00,2.074,0.0,83.83
2024-12-29T04:00,2.066,0.0,83.47
2024-12-29T05:00,2.058,0.0,83.11
2024-12-29T06:00,2.051,0.0,82.8
2024-12-29T07:00,2.044,0.0,82.48
2024-12-29T08:00,2.036,0.0,82.12
2024-12-29T09:00,2.031,0.0,81.9
2024-12-29T10:00,2.024,0.0,81.58
2024-12-29T11:00,2.019,0.0,81.36
2024-12-29T12:00,2.013,0.0,81.09
2024-12-29T13:00,2.009,0.0,80.91
2024-12-29T14:00,2.003,0.0,80.64
2024-12-29T15:00,1.995,0.0,80.28
2024-12-29T16:00,1.991,0.0,80.1
2024-12-29T17:00,1.979,0.0,79.56
2024-12-29T18:00,1.971,0.0,79.2
2024-12-29T20:00,2.232,0.4,90.94
2024-12-29T21:00,2.185,0.2,88.83
2024-12-29T22:00,2.155,0.0,87.48
2024-12-29T23:00,2.141,0.0,86.85
2024-12-30T00:00,2.132,0.0,86.44
2024-12-30T01:00,2.124,0.0,86.08
2024-12-30T02:00,2.116,0.2,85.72
2024-12-30T03:00,2.106,0.2,85.27
2024-12-30T04:00,2.092,0.0,84.64
2024-12-30T05:00,2.078,0.0,84.01
2024-12-30T06:00,2.062,0.0,83.29
2024-12-30T07:00,2.048,0.0,82.66
2024-12-30T08:00,2.03,0.0,81.85
2024-12-30T09:00,2.014,0.0,81.13
2024-12-30T10:00,2.004,0.0,80.68
2024-12-30T11:00,1.991,0.0,80.1
2024-12-30T12:00,1.983,0.0,79.74
2024-12-30T13:00,1.971,0.0,79.2
2024-12-30T14:00,1.962,0.0,78.79
2024-12-30T15:00,1.956,0.0,78.52
2024-12-30T16:00,1.951,0.0,78.3
2024-12-30T17:00,1.942,0.0,77.89
2024-12-30T18:00,1.93,0.0,77.35
2024-12-30T19:00,1.925,0.0,77.13
2024-12-30T20:00,1.917,0.0,76.77
2024-12-30T21:00,1.91,0.0,76.45
2024-12-30T22:00,1.903,0.0,76.14
2024-12-30T23:00,1.896,0.0,75.82
2024-12-31T00:00,1.89,0.0,75.55
2024-12-31T01:00,1.883,0.0,75.24
2024-12-31T02:00,1.878,0.0,75.01
2024-12-31T03:00,1.872,0.0,74.74
2024-12-31T04:00,1.867,0.0,74.52
2024-12-31T05:00,1.86,0.0,74.2
2024-12-31T06:00,1.854,0.0,73.93
2024-12-31T07:00,1.85,0.0,73.75
2024-12-31T08:00,1.843,0.0,73.44
2024-12-31T09:00,1.839,0.0,73.26
2024-12-31T10:00,1.825,0.0,72.63
2024-12-31T11:00,1.823,0.0,72.54
2024-12-31T12:00,1.824,0.0,72.58
2024-12-31T13:00,1.816,0.0,72.22
2024-12-31T14:00,1.814,0.0,72.13
2024-12-31T15:00,1.811,0.0,72.0
2024-12-31T16:00,1.808,0.0,71.86
2024-12-31T17:00,1.799,0.0,71.46
2024-12-31T18:00,1.808,3.8,71.86
2024-12-31T19:00,1.804,0.0,71.68
2024-12-31T20:00,1.799,0.0,71.46
2024-12-31T21:00,1.797,0.0,71.37
2024-12-31T22:00,1.793,0.0,71.19
2024-12-31T23:00,1.788,0.0,70.96
2025-01-01T00:00,1.784,0.0,70.78
2025-01-01T01:00,1.784,0.0,70.78
2025-01-01T02:00,1.783,0.0,70.74
2025-01-01T03:00,1.786,0.0,70.87
2025-01-01T04:00,1.788,0.0,70.96
2025-01-01T05:00,1.789,0.0,71.01
2025-01-01T06:00,1.789,0.0,71.01
2025-01-01T07:00,1.791,0.0,71.1
2025-01-01T08:00,1.792,0.0,71.14
2025-01-01T09:00,1.793,0.0,71.19
2025-01-01T10:00,1.795,0.0,71.28
2025-01-01T11:00,1.798,0.0,71.41
2025-01-01T12:00,1.802,0.0,71.59
2025-01-01T13:00,1.808,0.0,71.86
2025-01-01T14:00,1.813,0.0,72.09
2025-01-01T15:00,1.815,0.0,72.18
2025-01-01T16:00,1.828,0.0,72.76
2025-01-01T17:00,1.819,11.2,72.36
2025-01-01T18:00,2.052,25.8,82.84
2025-01-01T19:00,2.07,0.0,83.65
2025-01-01T20:00,2.092,0.0,84.64
2025-01-01T21:00,2.109,0.0,85.41
2025-01-01T22:00,2.115,0.0,85.68
2025-01-01T23:00,2.116,0.0,85.72
2025-01-02T00:00,2.116,0.0,85.72
2025-01-02T01:00,2.116,0.0,85.72
2025-01-02T02:00,2.114,0.0,85.63
2025-01-02T03:00,2.113,0.0,85.59
2025-01-02T04:00,2.111,0.0,85.5
2025-01-02T05:00,2.108,0.0,85.36
2025-01-02T06:00,2.104,0.0,85.18
2025-01-02T07:00,2.102,0.0,85.09
2025-01-02T08:00,2.096,0.0,84.82
2025-01-02T09:00,2.09,0.0,84.55
2025-01-02T10:00,2.08,0.0,84.1
2025-01-02T11:00,2.076,0.0,83.92
2025-01-02T12:00,2.074,0.0,83.83
2025-01-02T13:00,2.079,0.0,84.06
2025-01-02T14:00,2.074,0.0,83.83
2025-01-02T15:00,2.074,0.4,83.83
2025-01-02T16:00,2.07,0.0,83.65
2025-01-02T17:00,2.077,0.0,83.97
2025-01-02T18:00,2.087,0.0,84.42
2025-01-02T19:00,2.101,0.0,85.05
2025-01-02T20:00,2.118,0.0,85.81
2025-01-02T21:00,2.142,0.0,86.89
2025-01-02T22:00,2.166,0.0,87.97
2025-01-02T23:00,2.187,0.0,88.92
2025-01-03T00:00,2.208,0.0,89.86
2025-01-03T01:00,2.228,0.0,90.76
2025-01-03T02:00,2.246,0.0,91.57
2025-01-03T03:00,2.263,0.0,92.34
2025-01-03T04:00,2.276,0.0,92.92
2025-01-03T05:00,2.29,0.0,93.55
2025-01-03T06:00,2.303,0.0,94.14
2025-01-03T07:00,2.315,0.0,94.68
2025-01-03T08:00,2.327,0.0,95.22
2025-01-03T09:00,2.34,0.0,95.8
2025-01-03T10:00,2.352,0.0,96.34
2025-01-03T11:00,2.364,0.0,96.88
2025-01-03T12:00,2.375,0.0,97.38
2025-01-03T13:00,2.389,0.0,98.01
2025-01-03T14:00,2.414,0.0,99.13
2025-01-03T15:00,2.43,0.0,99.85
2025-01-03T16:00,2.44,0.0,100.3
2025-01-03T17:00,2.463,0.0,101.34
2025-01-03T18:00,2.475,0.0,101.88
2025-01-03T19:00,2.486,0.0,102.37
2025-01-03T20:00,2.491,0.0,102.6
2025-01-03T21:00,2.499,0.0,102.96
2025-01-03T22:00,2.508,0.0,103.36
2025-01-03T23:00,2.514,0.0,103.63
2025-01-04T00:00,2.519,0.0,103.86
2025-01-04T01:00,2.524,0.0,104.08
2025-01-04T02:00,2.527,0.0,104.22
2025-01-04T03:00,2.532,0.0,104.44
2025-01-04T04:00,2.534,0.0,104.53
2025-01-04T05:00,2.534,0.0,104.53
2025-01-04T06:00,2.535,0.0,104.58
2025-01-04T07:00,2.535,0.0,104.58
2025-01-04T08:00,2.533,0.0,104.49
2025-01-04T09:00,2.536,0.0,104.62
2025-01-04T10:00,2.529,0.0,104.31
2025-01-04T11:00,2.52,0.0,103.9
2025-01-04T12:00,2.526,0.0,104.17
2025-01-04T13:00,2.521,0.0,103.95
2025-01-04T14:00,2.514,0.0,103.63
2025-01-04T15:00,2.512,0.0,103.54
2025-01-04T16:00,2.505,0.0,103.23
2025-01-04T17:00,2.49,0.0,102.55
2025-01-04T18:00,2.492,0.0,102.64
2025-01-04T19:00,2.48,0.0,102.1
2025-01-04T20:00,2.465,0.0,101.43
2025-01-04T21:00,2.454,0.0,100.93
2025-01-04T22:00,2.441,0.0,100.35
2025-01-04T23:00,2.43,0.0,99.85
2025-01-05T00:00,2.416,0.0,99.22
2025-01-05T01:00,2.404,0.0,98.68
2025-01-05T02:00,2.391,0.0,98.1
2025-01-05T03:00,2.378,0.0,97.51
2025-01-05T04:00,2.365,0.0,96.93
2025-01-05T05:00,2.35,0.0,96.25
2025-01-05T06:00,2.336,0.0,95.62
2025-01-05T07:00,2.322,0.0,94.99
2025-01-05T08:00,2.306,0.0,94.27
2025-01-05T09:00,2.291,0.0,93.6
2025-01-05T10:00,2.278,0.0,93.01
2025-01-05T11:00,2.261,0.0,92.25
2025-01-05T12:00,2.246,0.0,91.57
2025-01-05T13:00,2.228,0.0,90.76
2025-01-05T14:00,2.212,0.0,90.04
2025-01-05T15:00,2.196,0.0,89.32
2025-01-05T16:00,2.176,0.0,88.42
2025-01-05T17:00,2.168,0.0,88.06
2025-01-05T18:00,2.153,0.0,87.39
2025-01-05T19:00,2.137,0.0,86.67
2025-01-05T20:00,2.112,0.0,85.54
2025-01-05T21:00,2.099,0.0,84.96
2025-01-05T22:00,2.082,0.0,84.19
2025-01-05T23:00,2.064,0.0,83.38
2025-01-06T00:00,2.048,0.0,82.66
2025-01-06T01:00,2.031,0.0,81.9
2025-01-06T02:00,2.016,0.0,81.22
2025-01-06T03:00,2.0,0.0,80.5
2025-01-06T04:00,1.984,0.0,79.78
2025-01-06T05:00,1.968,0.0,79.06
2025-01-06T06:00,1.954,0.0,78.43
2025-01-06T07:00,1.94,0.0,77.8
2025-01-06T08:00,1.926,0.0,77.17
2025-01-06T09:00,1.912,0.0,76.54
2025-01-06T10:00,1.899,0.0,75.96
2025-01-06T11:00,1.887,0.0,75.42
2025-01-06T12:00,1.873,0.0,74.79
2025-01-06T13:00,1.866,0.0,74.47
2025-01-06T14:00,1.848,0.0,73.66
2025-01-06T15:00,1.838,0.0,73.21
2025-01-06T16:00,1.83,0.0,72.85
2025-01-06T17:00,1.825,0.0,72.63
2025-01-06T18:00,1.807,0.0,71.82
2025-01-06T19:00,1.797,0.0,71.37
2025-01-06T20:00,1.788,0.0,70.96
2025-01-06T21:00,1.776,0.0,70.42
2025-01-06T22:00,1.762,0.0,69.79
2025-01-06T23:00,1.76,0.0,69.7
2025-01-07T00:00,1.75,0.0,69.25
2025-01-07T01:00,1.741,0.0,68.85
2025-01-07T02:00,1.734,0.0,68.53
2025-01-07T03:00,1.727,0.0,68.22
2025-01-07T04:00,1.72,0.0,67.9
2025-01-07T05:00,1.712,0.0,67.54
2025-01-07T06:00,1.704,0.0,67.18
2025-01-07T07:00,1.697,0.0,66.87
2025-01-07T08:00,1.69,0.0,66.55
2025-01-07T09:00,1.682,0.0,66.19
2025-01-07T10:00,1.678,0.0,66.01
2025-01-07T11:00,1.673,0.0,65.79
2025-01-07T12:00,1.668,0.0,65.56
2025-01-07T13:00,1.66,0.0,65.2
2025-01-07T14:00,1.657,0.0,65.07
2025-01-07T15:00,1.646,0.0,64.57
2025-01-07T16:00,1.643,0.0,64.44
2025-01-07T17:00,1.634,0.0,64.03
2025-01-07T18:00,1.629,0.0,63.81
2025-01-07T19:00,1.623,0.0,63.54
2025-01-07T20:00,1.617,0.0,63.27
2025-01-07T21:00,1.61,0.0,62.95
2025-01-07T22:00,1.604,0.0,62.68
2025-01-07T23:00,1.6,0.0,62.5
2025-01-08T00:00,1.594,0.0,62.23
2025-01-08T01:00,1.589,0.0,62.01
2025-01-08T02:00,1.585,0.0,61.83
2025-01-08T03:00,1.582,0.0,61.69
2025-01-08T04:00,1.579,0.0,61.56
2025-01-08T05:00,1.577,0.0,61.47
2025-01-08T06:00,1.574,0.0,61.33
2025-01-08T07:00,1.571,0.2,61.2
2025-01-08T08:00,1.569,0.0,61.11
2025-01-08T09:00,1.568,0.0,61.06
2025-01-08T10:00,1.563,0.0,60.84
2025-01-08T11:00,1.564,0.0,60.88
2025-01-08T12:00,1.562,0.0,60.79
2025-01-08T13:00,1.552,1.0,60.34
2025-01-08T14:00,1.582,8.6,61.69
2025-01-08T15:00,1.566,0.0,60.97
2025-01-08T16:00,1.559,0.0,60.66
2025-01-08T17:00,1.551,0.2,60.3
2025-01-08T18:00,1.542,0.0,59.89
2025-01-08T19:00,1.536,0.0,59.62
2025-01-08T20:00,1.529,0.0,59.31
2025-01-08T21:00,1.522,0.0,58.99
2025-01-08T22:00,1.517,0.0,58.77
2025-01-08T23:00,1.509,0.0,58.41
2025-01-09T00:00,1.503,0.0,58.14
2025-01-09T01:00,1.498,0.0,57.91
2025-01-09T02:00,1.496,0.0,57.82
2025-01-09T03:00,1.495,0.0,57.78
2025-01-09T04:00,1.492,0.0,57.64
2025-01-09T05:00,1.492,0.0,57.64
2025-01-09T06:00,1.488,0.0,57.46
2025-01-09T07:00,1.493,0.0,57.69
2025-01-09T08:00,1.493,0.0,57.69
2025-01-09T09:00,1.494,0.0,57.73
2025-01-09T10:00,1.496,0.0,57.82
2025-01-09T11:00,1.495,0.0,57.78
2025-01-09T12:00,1.496,0.0,57.82
2025-01-09T13:00,1.499,0.0,57.96
2025-01-09T14:00,1.498,0.0,57.91
2025-01-09T15:00,1.498,0.0,57.91
2025-01-09T16:00,1.502,0.0,58.09
2025-01-09T17:00,1.499,0.0,57.96
2025-01-09T18:00,1.481,0.0,57.15
2025-01-09T19:00,1.489,0.0,57.51
2025-01-09T20:00,1.487,0.0,57.42
2025-01-09T21:00,1.48,0.0,57.1
2025-01-09T22:00,1.481,0.0,57.15
2025-01-09T23:00,1.479,0.0,57.06
2025-01-10T00:00,1.475,0.0,56.88
2025-01-10T01:00,1.474,0.0,56.83
2025-01-10T02:00,1.472,0.0,56.74
2025-01-10T03:00,1.474,0.0,56.83
2025-01-10T04:00,1.473,0.0,56.79
2025-01-10T06:00,1.472,0.0,56.74
2025-01-10T07:00,1.474,0.0,56.83
2025-01-10T08:00,1.473,0.0,56.79
2025-01-10T09:00,1.475,0.0,56.88
2025-01-10T10:00,1.475,0.0,56.88
2025-01-10T11:00,1.472,0.0,56.74
2025-01-10T12:00,1.47,0.0,56.65
2025-01-10T13:00,1.474,0.0,56.83
2025-01-10T14:00,1.469,0.0,56.61
2025-01-10T15:00,1.464,0.0,56.38
2025-01-10T16:00,1.463,0.0,56.34
2025-01-10T17:00,1.466,0.0,56.47
2025-01-10T18:00,1.453,0.0,55.89
2025-01-10T19:00,1.451,0.0,55.8
2025-01-10T20:00,1.447,0.0,55.62
2025-01-10T21:00,1.44,0.0,55.3
2025-01-10T22:00,1.433,0.0,54.99
2025-01-10T23:00,1.429,0.0,54.81
2025-01-11T00:00,1.424,0.0,54.58
2025-01-11T01:00,1.418,0.0,54.31
2025-01-11T02:00,1.418,0.0,54.31
2025-01-11T03:00,1.418,0.0,54.31
2025-01-11T04:00,1.413,0.0,54.09
2025-01-11T05:00,1.409,0.0,53.91
2025-01-11T06:00,1.407,0.0,53.82
2025-01-11T07:00,1.407,0.0,53.82
2025-01-11T08:00,1.405,0.0,53.73
2025-01-11T09:00,1.407,0.0,53.82
2025-01-11T10:00,1.414,0.0,54.13
2025-01-11T11:00,1.409,0.0,53.91
2025-01-11T12:00,1.41,0.0,53.95
2025-01-11T13:00,1.414,0.0,54.13
2025-01-11T14:00,1.412,0.0,54.04
2025-01-11T15:00,1.407,0.0,53.82
2025-01-11T16:00,1.408,0.0,53.86
2025-01-11T17:00,1.4,0.0,53.5
2025-01-11T18:00,1.397,1.0,53.37
2025-01-11T19:00,1.399,0.0,53.46
2025-01-11T20:00,1.392,0.0,53.14
2025-01-11T21:00,1.386,0.0,52.87
2025-01-11T22:00,1.386,0.0,52.87
2025-01-11T23:00,1.379,0.0,52.56
2025-01-12T00:00,1.376,0.0,52.42
2025-01-12T04:00,1.371,0.0,52.2
2025-01-12T05:00,1.365,0.0,51.93
2025-01-12T06:00,1.36,0.0,51.7
2025-01-12T07:00,1.373,0.0,52.29
2025-01-12T08:00,1.377,0.0,52.47
2025-01-12T09:00,1.367,0.0,52.02
2025-01-12T10:00,1.37,0.0,52.15
2025-01-12T11:00,1.369,0.0,52.11
2025-01-12T12:00,1.371,0.0,52.2
2025-01-12T13:00,1.373,0.0,52.29
2025-01-12T14:00,1.378,0.0,52.51
2025-01-12T15:00,1.38,0.0,52.6
2025-01-12T16:00,1.37,0.0,52.15
2025-01-12T17:00,1.372,0.0,52.24
2025-01-12T18:00,1.371,0.0,52.2
2025-01-12T19:00,1.371,0.0,52.2
2025-01-12T20:00,1.364,0.0,51.88
2025-01-12T21:00,1.363,0.0,51.84
2025-01-12T22:00,1.355,0.0,51.48
2025-01-12T23:00,1.362,0.0,51.79
2025-01-13T00:00,1.348,0.0,51.16
2025-01-13T01:00,1.355,0.0,51.48
2025-01-13T02:00,1.355,0.0,51.48
2025-01-13T03:00,1.355,0.0,51.48
2025-01-13T04:00,1.354,0.0,51.43
2025-01-13T05:00,1.351,0.0,51.3
2025-01-13T06:00,1.358,0.0,51.61
2025-01-13T07:00,1.363,0.0,51.84
2025-01-13T08:00,1.365,0.0,51.93
2025-01-13T09:00,1.365,0.0,51.93
2025-01-13T10:00,1.369,0.0,52.11
2025-01-13T11:00,1.367,0.0,52.02
2025-01-13T12:00,1.375,0.0,52.38
2025-01-13T13:00,1.381,0.0,52.65
2025-01-13T14:00,1.391,0.0,53.1
2025-01-13T15:00,1.386,0.0,52.87
2025-01-13T16:00,1.382,0.0,52.69
2025-01-13T17:00,1.383,0.0,52.74
2025-01-13T18:00,1.374,0.0,52.33
2025-01-13T19:00,1.374,0.0,52.33
2025-01-13T20:00,1.375,0.0,52.38
2025-01-13T21:00,1.37,0.0,52.15
2025-01-13T22:00,1.361,0.0,51.75
2025-01-13T23:00,1.36,0.0,51.7
2025-01-14T00:00,1.356,0.0,51.52
2025-01-14T01:00,1.353,0.0,51.39
2025-01-14T02:00,1.346,0.0,51.07
2025-01-14T03:00,1.346,0.0,51.07
2025-01-14T06:00,1.341,0.0,50.85
2025-01-14T07:00,1.344,0.0,50.98
2025-01-14T08:00,1.347,0.0,51.12
2025-01-14T09:00,1.343,0.0,50.94
2025-01-14T10:00,1.337,0.0,50.67
2025-01-14T11:00,1.336,0.0,50.62
2025-01-14T12:00,1.345,0.0,51.03
2025-01-14T13:00,1.343,0.0,50.94
2025-01-14T14:00,1.34,0.0,50.8
2025-01-14T15:00,1.34,0.0,50.8
2025-01-14T16:00,1.338,0.0,50.71
2025-01-14T17:00,1.33,0.0,50.35
2025-01-14T18:00,1.324,0.0,50.08
2025-01-14T19:00,1.323,0.0,50.04
2025-01-14T20:00,1.319,0.0,49.86
2025-01-14T21:00,1.31,0.0,49.45
2025-01-14T22:00,1.306,0.0,49.27
2025-01-14T23:00,1.3,0.0,49.0
2025-01-15T00:00,1.295,0.0,48.78
2025-01-15T01:00,1.291,0.0,48.6
2025-01-15T02:00,1.284,0.0,48.28
2025-01-15T03:00,1.283,0.0,48.24
2025-01-15T04:00,1.28,0.0,48.1
2025-01-15T06:00,1.276,0.0,47.92
2025-01-15T07:00,1.274,0.0,47.83
2025-01-15T08:00,1.275,0.0,47.88
2025-01-15T09:00,1.274,0.0,47.83
2025-01-15T10:00,1.257,0.0,47.07
2025-01-15T11:00,1.272,0.0,47.74
2025-01-15T12:00,1.275,0.0,47.88
2025-01-15T13:00,1.275,0.0,47.88
2025-01-15T14:00,1.27,0.0,47.65
2025-01-15T15:00,1.269,0.0,47.61
2025-01-15T16:00,1.266,0.0,47.47
2025-01-15T17:00,1.256,0.0,47.02
2025-01-15T18:00,1.249,0.0,46.71
2025-01-15T19:00,1.253,0.0,46.89
2025-01-15T20:00,1.248,0.0,46.66
2025-01-15T21:00,1.244,0.0,46.48
2025-01-15T22:00,1.239,0.0,46.26
2025-01-15T23:00,1.235,0.0,46.08
2025-01-16T00:00,1.231,0.0,45.9
2025-01-16T01:00,1.229,0.0,45.81
2025-01-16T02:00,1.225,0.0,45.63
2025-01-16T03:00,1.223,0.0,45.54
2025-01-16T04:00,1.222,0.0,45.49
2025-01-16T05:00,1.22,0.0,45.4
2025-01-16T06:00,1.219,0.0,45.36
2025-01-16T07:00,1.218,0.0,45.31
2025-01-16T08:00,1.219,0.0,45.36
2025-01-16T09:00,1.218,0.0,45.31
2025-01-16T10:00,1.218,0.0,45.31
2025-01-16T11:00,1.22,0.0,45.4
2025-01-16T12:00,1.22,0.0,45.4
2025-01-16T13:00,1.219,0.0,45.36
2025-01-16T14:00,1.218,0.0,45.31
2025-01-16T15:00,1.218,0.2,45.31
2025-01-16T16:00,1.199,6.2,44.46
2025-01-16T17:00,1.252,4.8,46.84
2025-01-16T18:00,1.247,0.0,46.62
2025-01-16T19:00,1.238,0.0,46.21
2025-01-16T20:00,1.231,0.0,45.9
2025-01-16T22:00,1.219,0.0,45.36
2025-01-16T23:00,1.213,0.0,45.09
2025-01-17T00:00,1.208,0.0,44.86
2025-01-17T01:00,1.204,0.0,44.68
2025-01-17T02:00,1.2,0.0,44.5
2025-01-17T03:00,1.198,0.0,44.42
2025-01-17T04:00,1.195,0.0,44.29
2025-01-17T05:00,1.194,0.0,44.25
2025-01-17T06:00,1.192,0.0,44.16
2025-01-17T07:00,1.192,0.0,44.16
2025-01-17T08:00,1.192,0.0,44.16
2025-01-17T09:00,1.192,0.0,44.16
2025-01-17T10:00,1.194,0.0,44.25
2025-01-17T11:00,1.188,0.0,43.99
2025-01-17T12:00,1.183,0.0,43.78
2025-01-17T13:00,1.183,0.0,43.78
2025-01-17T14:00,1.197,0.8,44.37
2025-01-17T15:00,1.193,0.2,44.2
2025-01-17T16:00,1.209,0.2,44.91
2025-01-17T17:00,1.216,0.0,45.22
2025-01-17T18:00,1.226,0.0,45.67
2025-01-17T19:00,1.232,0.0,45.94
2025-01-17T20:00,1.235,0.0,46.08
2025-01-17T21:00,1.236,0.0,46.12
2025-01-17T22:00,1.236,0.0,46.12
2025-01-17T23:00,1.234,0.0,46.03
2025-01-18T00:00,1.234,0.0,46.03
2025-01-18T01:00,1.232,0.0,45.94
2025-01-18T02:00,1.229,0.0,45.81
2025-01-18T03:00,1.227,0.0,45.72
2025-01-18T04:00,1.225,0.0,45.63
2025-01-18T05:00,1.223,0.0,45.54
2025-01-18T06:00,1.221,0.0,45.45
2025-01-18T07:00,1.221,0.0,45.45
2025-01-18T08:00,1.22,0.0,45.4
2025-01-18T09:00,1.216,0.2,45.22
2025-01-18T10:00,1.212,0.0,45.04
2025-01-18T11:00,1.206,0.0,44.77
2025-01-18T12:00,1.209,0.0,44.91
2025-01-18T13:00,1.219,0.0,45.36
2025-01-18T14:00,1.229,2.2,45.81
2025-01-18T15:00,1.239,0.2,46.26
2025-01-18T16:00,1.253,0.0,46.89
2025-01-18T17:00,1.259,0.0,47.16
2025-01-18T18:00,1.266,0.0,47.47
2025-01-18T19:00,1.276,0.0,47.92
2025-01-18T20:00,1.285,0.0,48.33
2025-01-18T21:00,1.292,0.0,48.64
2025-01-18T22:00,1.299,0.0,48.96
2025-01-18T23:00,1.308,0.0,49.36
2025-01-19T00:00,1.31,0.0,49.45
2025-01-19T01:00,1.314,0.0,49.63
2025-01-19T02:00,1.319,0.0,49.86
2025-01-19T03:00,1.319,0.0,49.86
2025-01-19T04:00,1.317,0.0,49.77
2025-01-19T05:00,1.32,0.0,49.9
2025-01-19T06:00,1.315,0.0,49.68
2025-01-19T07:00,1.312,0.0,49.54
2025-01-19T08:00,1.31,0.0,49.45
2025-01-19T09:00,1.305,0.0,49.23
2025-01-19T10:00,1.285,0.0,48.33
2025-01-19T11:00,1.28,0.0,48.1
2025-01-19T12:00,1.277,0.0,47.97
2025-01-19T13:00,1.263,0.0,47.34
2025-01-19T14:00,1.262,0.0,47.29
2025-01-19T15:00,1.243,0.0,46.44
2025-01-19T16:00,1.238,0.0,46.21
2025-01-19T17:00,1.243,0.0,46.44
2025-01-19T18:00,1.235,0.0,46.08
2025-01-19T19:00,1.227,0.0,45.72
2025-01-19T20:00,1.218,0.0,45.31
2025-01-19T21:00,1.21,0.0,44.95
2025-01-19T22:00,1.203,0.0,44.64
2025-01-19T23:00,1.195,0.0,44.29
2025-01-20T00:00,1.189,0.0,44.03
2025-01-20T01:00,1.181,0.0,43.69
2025-01-20T02:00,1.176,0.0,43.48
2025-01-20T03:00,1.171,0.0,43.27
2025-01-20T06:00,1.161,0.2,42.84
2025-01-20T07:00,1.156,0.0,42.63
2025-01-20T08:00,1.153,0.0,42.5
2025-01-20T09:00,1.133,0.2,41.65
2025-01-20T10:00,1.138,0.0,41.87
2025-01-20T11:00,1.127,0.0,41.4
2025-01-20T12:00,1.126,0.0,41.36
2025-01-20T13:00,1.128,0.0,41.44
2025-01-20T14:00,1.126,0.0,41.36
2025-01-20T15:00,1.123,0.0,41.23
2025-01-20T16:00,1.133,0.0,41.65
2025-01-20T17:00,1.147,10.2,42.25
2025-01-20T18:00,1.185,0.8,43.86
2025-01-20T19:00,1.173,0.0,43.35
2025-01-20T20:00,1.165,0.0,43.01
2025-01-20T21:00,1.161,0.0,42.84
2025-01-20T22:00,1.156,0.0,42.63
2025-01-20T23:00,1.151,0.0,42.42
2025-01-21T00:00,1.149,0.0,42.33
2025-01-21T01:00,1.146,0.0,42.21
2025-01-21T02:00,1.143,0.0,42.08
2025-01-21T03:00,1.14,0.0,41.95
2025-01-21T04:00,1.14,0.0,41.95
2025-01-21T05:00,1.138,0.0,41.87
2025-01-21T06:00,1.137,0.0,41.82
2025-01-21T07:00,1.138,0.0,41.87
2025-01-21T08:00,1.139,0.0,41.91
2025-01-21T09:00,1.142,0.0,42.04
2025-01-21T10:00,1.147,0.6,42.25
2025-01-21T11:00,1.153,0.4,42.5
2025-01-21T12:00,1.158,0.0,42.72
2025-01-21T13:00,1.149,0.0,42.33
2025-01-21T14:00,1.164,0.0,42.97
2025-01-21T15:00,1.167,0.0,43.1
2025-01-21T16:00,1.181,0.0,43.69
2025-01-21T17:00,1.19,0.0,44.08
2025-01-21T18:00,1.212,0.0,45.04
2025-01-21T19:00,1.221,0.0,45.45
2025-01-21T20:00,1.227,0.0,45.72
2025-01-21T21:00,1.234,0.0,46.03
2025-01-21T22:00,1.24,0.0,46.3
2025-01-21T23:00,1.246,0.0,46.57
2025-01-22T00:00,1.251,0.0,46.8
2025-01-22T01:00,1.256,0.0,47.02
2025-01-22T02:00,1.259,0.0,47.16
2025-01-22T03:00,1.263,0.0,47.34
2025-01-22T04:00,1.267,0.0,47.52
2025-01-22T05:00,1.268,0.0,47.56
2025-01-22T06:00,1.27,0.0,47.65
2025-01-22T07:00,1.272,0.0,47.74
2025-01-22T08:00,1.275,0.0,47.88
2025-01-22T09:00,1.279,0.0,48.06
2025-01-22T10:00,1.281,0.0,48.15
2025-01-22T11:00,1.283,0.0,48.24
2025-01-22T12:00,1.281,0.0,48.15
2025-01-22T13:00,1.28,0.0,48.1
2025-01-22T14:00,1.285,0.0,48.33
2025-01-22T15:00,1.287,0.0,48.42
2025-01-22T16:00,1.289,0.0,48.51
2025-01-22T17:00,1.284,0.0,48.28
2025-01-22T19:00,1.528,0.4,59.26
2025-01-22T21:00,1.527,0.0,59.22
2025-01-22T22:00,1.534,0.0,59.53
2025-01-22T23:00,1.537,0.0,59.67
2025-01-23T00:00,1.545,0.0,60.03
2025-01-23T01:00,1.552,0.0,60.34
2025-01-23T02:00,1.558,0.0,60.61
2025-01-23T03:00,1.56,0.0,60.7
2025-01-23T04:00,1.559,0.0,60.66
2025-01-23T05:00,1.556,0.0,60.52
2025-01-23T06:00,1.555,0.0,60.48
2025-01-23T07:00,1.554,0.0,60.43
2025-01-23T08:00,1.554,0.0,60.43
2025-01-23T09:00,1.556,0.0,60.52
2025-01-23T10:00,1.555,0.0,60.48
2025-01-23T11:00,1.55,0.0,60.25
2025-01-23T12:00,1.558,0.0,60.61
2025-01-23T13:00,1.56,0.0,60.7
2025-01-23T14:00,1.555,0.0,60.48
2025-01-23T15:00,1.558,0.0,60.61
2025-01-23T16:00,1.552,0.0,60.34
2025-01-23T17:00,1.548,0.0,60.16
2025-01-23T18:00,1.546,0.0,60.07
2025-01-23T19:00,1.54,0.0,59.8
2025-01-23T20:00,1.537,0.0,59.67
2025-01-23T21:00,1.537,0.0,59.67
2025-01-23T22:00,1.538,0.0,59.71
2025-01-23T23:00,1.543,0.0,59.94
2025-01-24T00:00,1.547,0.0,60.12
2025-01-24T04:00,1.619,0.0,63.36
2025-01-24T05:00,1.622,0.0,63.49
2025-01-24T06:00,1.62,0.0,63.4
2025-01-24T07:00,1.618,0.2,63.31
2025-01-24T08:00,1.616,0.0,63.22
2025-01-24T09:00,1.612,0.0,63.04
2025-01-24T10:00,1.609,0.0,62.91
2025-01-24T11:00,1.605,0.0,62.73
2025-01-24T12:00,1.6,0.0,62.5
2025-01-24T13:00,1.592,0.0,62.14
2025-01-24T14:00,1.586,0.0,61.87
2025-01-24T15:00,1.577,0.0,61.47
2025-01-24T16:00,1.57,0.0,61.15
2025-01-24T17:00,1.561,0.0,60.75
2025-01-24T18:00,1.548,0.0,60.16
2025-01-24T19:00,1.539,0.0,59.76
2025-01-24T20:00,1.527,0.0,59.22
2025-01-25T03:00,1.459,0.0,56.16
2025-01-25T04:00,1.448,0.0,55.66
2025-01-25T05:00,1.438,0.0,55.21
2025-01-25T06:00,1.437,0.0,55.17
2025-01-25T07:00,1.425,0.0,54.63
2025-01-25T08:00,1.424,0.0,54.58
2025-01-25T09:00,1.418,0.0,54.31
2025-01-25T10:00,1.408,0.0,53.86
2025-01-25T11:00,1.407,0.0,53.82
2025-01-25T12:00,1.403,0.0,53.64
2025-01-25T13:00,1.419,0.0,54.36
2025-01-25T14:00,1.411,0.0,54.0
2025-01-25T15:00,1.43,1.8,54.85
2025-01-25T16:00,1.431,0.0,54.9
2025-01-25T17:00,1.452,0.2,55.84
2025-01-25T18:00,1.457,0.0,56.07
2025-01-25T19:00,1.465,0.0,56.43
2025-01-25T20:00,1.475,0.0,56.88
2025-01-25T21:00,1.485,0.0,57.33
2025-01-25T22:00,1.493,0.0,57.69
2025-01-25T23:00,1.504,0.0,58.18
2025-01-26T00:00,1.513,0.0,58.59
2025-01-26T01:00,1.522,0.0,58.99
2025-01-26T02:00,1.529,0.0,59.31
2025-01-26T03:00,1.534,0.0,59.53
2025-01-26T06:00,1.55,0.0,60.25
2025-01-26T07:00,1.552,0.0,60.34
2025-01-26T08:00,1.554,0.0,60.43
2025-01-26T09:00,1.555,0.0,60.48
2025-01-26T10:00,1.554,0.0,60.43
2025-01-26T11:00,1.554,0.0,60.43
2025-01-26T12:00,1.555,0.0,60.48
2025-01-26T13:00,1.548,0.0,60.16
2025-01-26T14:00,1.546,0.0,60.07
2025-01-26T15:00,1.547,0.0,60.12
2025-01-26T16:00,1.544,0.0,59.98
2025-01-26T17:00,1.536,0.0,59.62
2025-01-26T18:00,1.53,0.0,59.35
2025-01-26T19:00,1.528,0.0,59.26
2025-01-26T20:00,1.522,0.0,58.99
2025-01-26T21:00,1.517,0.0,58.77
2025-01-26T22:00,1.515,0.0,58.68
2025-01-26T23:00,1.509,0.0,58.41
2025-01-27T00:00,1.505,0.0,58.23
2025-01-27T01:00,1.501,0.0,58.05
2025-01-27T02:00,1.498,0.0,57.91
2025-01-27T03:00,1.496,0.0,57.82
2025-01-27T04:00,1.494,0.0,57.73
2025-01-27T05:00,1.493,0.0,57.69
2025-01-27T06:00,1.491,0.0,57.6
2025-01-27T07:00,1.49,0.0,57.55
2025-01-27T08:00,1.488,0.0,57.46
2025-01-27T09:00,1.476,0.0,56.92
2025-01-27T10:00,1.484,0.0,57.28
2025-01-27T11:00,1.482,0.0,57.19
2025-01-27T12:00,1.479,0.0,57.06
2025-01-27T13:00,1.472,0.0,56.74
2025-01-27T14:00,1.471,0.0,56.7
2025-01-27T15:00,1.476,0.0,56.92
2025-01-27T16:00,1.467,0.0,56.52
2025-01-27T17:00,1.462,0.0,56.29
2025-01-27T18:00,1.458,0.0,56.11
2025-01-27T19:00,1.45,0.0,55.75
2025-01-27T20:00,1.448,0.0,55.66
2025-01-27T21:00,1.442,0.0,55.39
2025-01-27T22:00,1.441,0.0,55.35
2025-01-27T23:00,1.437,0.0,55.17
2025-01-28T00:00,1.43,0.0,54.85
2025-01-28T01:00,1.427,0.0,54.72
2025-01-28T02:00,1.421,0.0,54.45
2025-01-28T03:00,1.409,0.0,53.91
2025-01-28T04:00,1.403,0.0,53.64
2025-01-28T07:00,1.38,0.0,52.6
2025-01-28T08:00,1.383,0.0,52.74
2025-01-28T09:00,1.371,0.0,52.2
2025-01-28T10:00,1.371,0.0,52.2
2025-01-28T11:00,1.358,0.0,51.61
2025-01-28T12:00,1.356,0.0,51.52
2025-01-28T13:00,1.336,0.6,50.62
2025-01-28T14:00,1.34,0.6,50.8
2025-01-28T15:00,1.337,0.0,50.67
2025-01-28T16:00,1.336,0.0,50.62
2025-01-28T17:00,1.332,0.0,50.44
2025-01-28T18:00,1.333,0.0,50.49
2025-01-28T19:00,1.326,0.0,50.17
2025-01-28T23:00,1.337,0.0,50.67
2025-01-29T00:00,1.334,0.0,50.53
2025-01-29T01:00,1.344,0.0,50.98
2025-01-29T02:00,1.345,0.0,51.03
2025-01-29T03:00,1.359,0.0,51.66
2025-01-29T04:00,1.368,0.0,52.06
2025-01-29T05:00,1.374,0.0,52.33
2025-01-29T06:00,1.39,0.0,53.05
2025-01-29T07:00,1.412,0.0,54.04
2025-01-29T08:00,1.416,0.0,54.22
2025-01-29T09:00,1.432,0.0,54.94
2025-01-29T10:00,1.438,0.0,55.21
2025-01-29T11:00,1.451,0.0,55.8
2025-01-29T12:00,1.458,0.0,56.11
2025-01-29T13:00,1.463,0.0,56.34
2025-01-29T14:00,1.465,0.0,56.43
2025-01-29T15:00,1.469,0.0,56.61
2025-01-29T16:00,1.469,0.0,56.61
2025-01-29T17:00,1.467,0.0,56.52
2025-01-29T18:00,1.461,0.0,56.25
2025-01-29T19:00,1.458,0.0,56.11
2025-01-29T20:00,1.457,0.0,56.07
2025-01-29T21:00,1.456,0.0,56.02
2025-01-29T22:00,1.451,0.0,55.8
2025-01-29T23:00,1.448,0.0,55.66
2025-01-30T00:00,1.445,0.0,55.53
2025-01-30T01:00,1.441,0.0,55.35
2025-01-30T03:00,1.434,0.0,55.03
2025-01-30T04:00,1.432,0.0,54.94
2025-01-30T05:00,1.43,0.0,54.85
2025-01-30T06:00,1.422,0.0,54.49
2025-01-30T07:00,1.414,0.0,54.13
2025-01-30T08:00,1.412,0.0,54.04
2025-01-30T09:00,1.407,0.0,53.82
2025-01-30T10:00,1.407,0.0,53.82
2025-01-30T11:00,1.401,0.0,53.55
2025-01-30T12:00,1.397,0.0,53.37
2025-01-30T13:00,1.392,0.0,53.14
2025-01-30T14:00,1.386,0.0,52.87
2025-01-30T15:00,1.386,0.0,52.87
2025-01-30T16:00,1.374,0.0,52.33
2025-01-30T17:00,1.368,0.0,52.06
2025-01-30T18:00,1.352,0.0,51.34
2025-01-30T19:00,1.346,0.0,51.07
2025-01-30T20:00,1.348,0.0,51.16
2025-01-31T04:00,1.369,0.0,52.11
2025-01-31T05:00,1.369,0.0,52.11
2025-01-31T06:00,1.381,0.0,52.65
2025-01-31T07:00,1.381,0.2,52.65
2025-01-31T08:00,1.395,0.0,53.28
2025-01-31T09:00,1.396,0.0,53.32
2025-01-31T10:00,1.405,0.0,53.73
2025-01-31T11:00,1.409,0.0,53.91
2025-01-31T12:00,1.419,0.0,54.36
2025-01-31T13:00,1.406,0.0,53.77
2025-01-31T14:00,1.425,0.0,54.63
2025-01-31T15:00,1.429,0.0,54.81
2025-01-31T16:00,1.411,0.0,54.0
2025-01-31T17:00,1.427,0.4,54.72
2025-01-31T18:00,1.43,0.0,54.85
2025-01-31T19:00,1.433,0.0,54.99
2025-01-31T20:00,1.443,0.0,55.44
2025-01-31T21:00,1.452,0.0,55.84
2025-01-31T22:00,1.465,0.0,56.43
2025-01-31T23:00,1.477,0.0,56.97
2025-02-01T00:00,1.488,0.0,57.46
2025-02-01T01:00,1.504,0.0,58.18
2025-02-01T02:00,1.521,0.0,58.95
2025-02-01T03:00,1.54,0.0,59.8
2025-02-01T04:00,1.558,0.0,60.61
2025-02-01T05:00,1.583,0.0,61.74
2025-02-01T06:00,1.608,0.0,62.86
2025-02-01T07:00,1.636,0.0,64.12
2025-02-01T08:00,1.664,0.0,65.38
2025-02-01T09:00,1.691,0.0,66.6
2025-02-01T10:00,1.72,0.0,67.9
2025-02-01T11:00,1.746,0.0,69.07
2025-02-01T12:00,1.765,0.0,69.93
2025-02-01T13:00,1.783,0.0,70.74
2025-02-01T14:00,1.801,0.0,71.55
2025-02-01T15:00,1.81,0.0,71.95
2025-02-01T16:00,1.854,11.4,73.93
2025-02-01T17:00,1.918,1.8,76.81
2025-02-01T18:00,1.918,0.0,76.81
2025-02-01T19:00,1.927,0.0,77.22
2025-02-01T20:00,1.934,0.0,77.53
2025-02-01T21:00,1.939,0.0,77.76
2025-02-01T22:00,1.944,0.0,77.98
2025-02-01T23:00,1.948,0.0,78.16
2025-02-02T00:00,1.952,0.0,78.34
2025-02-02T01:00,1.954,0.0,78.43
2025-02-02T02:00,1.954,0.0,78.43
2025-02-02T03:00,1.957,0.0,78.57
2025-02-02T04:00,1.958,0.0,78.61
2025-02-02T05:00,1.959,0.0,78.66
2025-02-02T06:00,1.962,0.0,78.79
2025-02-02T07:00,1.964,0.0,78.88
2025-02-02T08:00,1.968,0.0,79.06
2025-02-02T09:00,1.971,0.0,79.2
2025-02-02T10:00,1.974,0.0,79.33
2025-02-02T11:00,1.977,0.0,79.47
2025-02-02T12:00,1.98,0.0,79.6
2025-02-02T13:00,1.981,0.0,79.65
2025-02-02T14:00,1.981,0.0,79.65
2025-02-02T15:00,1.973,0.0,79.29
2025-02-02T16:00,1.976,0.0,79.42
2025-02-02T17:00,2.005,11.4,80.73
2025-02-02T18:00,2.0,0.0,80.5
2025-02-02T19:00,1.993,0.0,80.19
2025-02-02T20:00,1.989,0.0,80.01
2025-02-02T21:00,1.983,0.0,79.74
2025-02-02T22:00,1.976,0.0,79.42
2025-02-02T23:00,1.971,0.0,79.2
2025-02-03T00:00,1.965,0.0,78.93
2025-02-03T01:00,1.961,0.0,78.75
2025-02-03T02:00,1.958,0.0,78.61
2025-02-03T03:00,1.956,0.0,78.52
2025-02-03T04:00,1.957,0.0,78.57
2025-02-03T05:00,1.958,0.0,78.61
2025-02-03T06:00,1.962,0.0,78.79
2025-02-03T07:00,1.965,0.0,78.93
2025-02-03T08:00,1.97,0.0,79.15
2025-02-03T09:00,1.976,0.0,79.42
2025-02-03T10:00,1.981,0.0,79.65
2025-02-03T11:00,1.987,0.0,79.92
2025-02-03T12:00,1.993,0.0,80.19
2025-02-03T13:00,1.998,0.0,80.41
2025-02-03T14:00,1.999,0.0,80.46
2025-02-03T15:00,2.01,0.0,80.95
2025-02-03T16:00,2.014,0.0,81.13
2025-02-03T17:00,2.026,1.0,81.67
2025-02-03T18:00,2.036,0.0,82.12
2025-02-03T19:00,2.043,0.0,82.44
2025-02-03T20:00,2.048,0.0,82.66
2025-02-03T21:00,2.053,0.0,82.89
2025-02-03T22:00,2.058,0.0,83.11
2025-02-03T23:00,2.062,0.0,83.29
2025-02-04T00:00,2.068,0.0,83.56
2025-02-04T01:00,2.072,0.0,83.74
2025-02-04T02:00,2.077,0.0,83.97
2025-02-04T03:00,2.081,0.0,84.15
2025-02-04T04:00,2.086,0.0,84.37
2025-02-04T05:00,2.09,0.0,84.55
2025-02-04T06:00,2.095,0.0,84.78
2025-02-04T07:00,2.1,0.0,85.0
2025-02-04T08:00,2.109,0.0,85.41
2025-02-04T09:00,2.119,0.0,85.86
2025-02-04T10:00,2.136,0.0,86.62
2025-02-04T11:00,2.151,0.0,87.3
2025-02-04T12:00,2.18,0.0,88.6
2025-02-04T13:00,2.21,0.0,89.95
2025-02-04T14:00,2.242,0.0,91.39
2025-02-04T15:00,2.27,0.0,92.65
2025-02-04T16:00,2.314,4.8,94.63
2025-02-04T17:00,2.349,0.0,96.21
2025-02-04T18:00,2.368,0.0,97.06
2025-02-05T00:00,2.529,0.0,104.31
2025-02-05T01:00,2.547,0.0,105.12
2025-02-05T02:00,2.569,0.0,106.11
2025-02-05T03:00,2.598,0.0,107.41
2025-02-05T04:00,2.635,0.0,109.08
2025-02-05T05:00,2.683,0.0,111.24
2025-02-05T06:00,2.741,0.0,113.85
2025-02-05T07:00,2.808,0.0,116.86
2025-02-05T08:00,2.877,0.0,119.97
2025-02-05T09:00,2.95,0.0,123.25
2025-02-05T10:00,3.024,0.0,126.58
2025-02-05T11:00,3.095,0.0,129.78
2025-02-05T12:00,3.166,0.0,132.97
2025-02-05T13:00,3.23,0.0,135.93
2025-02-05T14:00,3.29,0.0,138.78
2025-02-05T15:00,3.346,0.0,141.44
2025-02-05T16:00,3.395,0.0,143.76
2025-02-05T17:00,3.434,0.0,145.7
2025-02-05T18:00,3.473,0.0,147.65
2025-02-06T01:00,3.607,0.0,154.35
2025-02-06T02:00,3.606,0.0,154.3
2025-02-06T03:00,3.603,0.2,154.15
2025-02-06T04:00,3.596,0.0,153.8
2025-02-06T05:00,3.586,0.2,153.3
2025-02-06T06:00,3.572,0.0,152.6
2025-02-06T07:00,3.557,0.0,151.85
2025-02-06T08:00,3.539,0.2,150.95
2025-02-06T09:00,3.523,0.0,150.15
2025-02-06T10:00,3.502,0.0,149.1
2025-02-06T11:00,3.479,0.0,147.95
2025-02-06T12:00,3.453,0.0,146.65
2025-02-06T13:00,3.429,0.0,145.45
2025-02-06T14:00,3.405,0.2,144.25
2025-02-06T15:00,3.372,0.0,142.67
2025-02-06T16:00,3.351,0.0,141.67
2025-02-06T17:00,3.321,0.0,140.25
2025-02-06T18:00,3.292,0.0,138.87
2025-02-06T19:00,3.262,0.0,137.45
2025-02-06T20:00,3.232,0.0,136.02
2025-02-06T21:00,3.204,0.0,134.69
2025-02-06T22:00,3.175,0.0,133.38
2025-02-06T23:00,3.15,0.0,132.25
2025-02-07T00:00,3.122,0.0,130.99
2025-02-07T01:00,3.096,0.0,129.82
2025-02-07T02:00,3.072,0.0,128.74
2025-02-07T03:00,3.048,0.0,127.66
2025-02-07T04:00,3.027,0.0,126.72
2025-02-07T05:00,3.004,0.0,125.68
2025-02-07T06:00,2.985,0.0,124.83
2025-02-07T07:00,2.964,0.0,123.88
2025-02-07T08:00,2.944,0.0,122.98
2025-02-07T09:00,2.925,0.0,122.13
2025-02-07T10:00,2.907,0.0,121.32
2025-02-07T11:00,2.89,0.0,120.55
2025-02-07T12:00,2.872,0.0,119.74
2025-02-07T13:00,2.854,1.0,118.93
2025-02-07T14:00,2.837,0.0,118.17
2025-02-07T15:00,2.816,0.0,117.22
2025-02-07T16:00,2.8,0.2,116.5
2025-02-07T17:00,2.783,0.0,115.74
2025-02-07T18:00,2.763,0.0,114.84
2025-02-07T19:00,2.743,0.0,113.94
2025-02-07T20:00,2.724,0.0,113.08
2025-02-07T21:00,2.705,0.0,112.23
2025-02-07T22:00,2.687,0.0,111.42
2025-02-07T23:00,2.669,0.0,110.61
2025-02-08T00:00,2.65,0.0,109.75
2025-02-08T01:00,2.633,0.0,108.99
2025-02-08T02:00,2.615,0.0,108.18
2025-02-08T03:00,2.597,0.0,107.37
2025-02-08T04:00,2.579,0.0,106.56
2025-02-08T05:00,2.563,0.0,105.84
2025-02-08T06:00,2.544,0.0,104.98
2025-02-08T07:00,2.527,0.0,104.22
2025-02-08T08:00,2.51,0.0,103.45
2025-02-08T09:00,2.49,0.0,102.55
2025-02-08T10:00,2.471,0.0,101.7
2025-02-08T11:00,2.452,0.0,100.84
2025-02-08T12:00,2.43,0.0,99.85
2025-02-08T13:00,2.416,0.0,99.22
2025-02-08T14:00,2.389,0.0,98.01
2025-02-08T15:00,2.378,0.0,97.51
2025-02-08T16:00,2.363,0.0,96.84
2025-02-08T17:00,2.339,0.0,95.76
2025-02-08T18:00,2.328,0.0,95.26
2025-02-08T19:00,2.304,0.0,94.18
2025-02-08T20:00,2.286,0.0,93.37
2025-02-08T21:00,2.27,0.0,92.65
2025-02-08T22:00,2.251,0.0,91.8
2025-02-08T23:00,2.236,0.0,91.12
2025-02-09T00:00,2.22,0.0,90.4
2025-02-09T01:00,2.206,0.0,89.77
2025-02-09T02:00,2.191,0.0,89.1
2025-02-09T03:00,2.178,0.0,88.51
2025-02-09T04:00,2.164,0.0,87.88
2025-02-09T05:00,2.154,0.0,87.43
2025-02-09T06:00,2.14,0.0,86.8
2025-02-09T07:00,2.128,0.0,86.26
2025-02-09T08:00,2.116,0.0,85.72
2025-02-09T09:00,2.105,0.0,85.23
2025-02-09T10:00,2.089,0.0,84.51
2025-02-09T11:00,2.085,0.0,84.33
2025-02-09T12:00,2.079,0.0,84.06
2025-02-09T13:00,2.071,0.0,83.7
2025-02-09T14:00,2.063,0.0,83.34
2025-02-09T15:00,2.056,0.0,83.02
2025-02-09T16:00,2.048,0.0,82.66
2025-02-09T17:00,2.038,0.0,82.21
2025-02-09T18:00,2.035,0.0,82.08
2025-02-09T19:00,2.025,0.0,81.63
2025-02-09T20:00,2.016,0.0,81.22
2025-02-09T21:00,2.009,0.0,80.91
2025-02-09T22:00,2.004,0.0,80.68
2025-02-09T23:00,1.998,0.0,80.41
2025-02-10T00:00,1.993,0.0,80.19
2025-02-10T01:00,1.989,0.0,80.01
2025-02-10T02:00,1.982,0.0,79.69
2025-02-10T07:00,1.951,0.0,78.3
2025-02-10T08:00,1.946,0.0,78.07
2025-02-10T09:00,1.938,0.0,77.71
2025-02-10T10:00,1.931,0.0,77.4
2025-02-10T11:00,1.918,0.0,76.81
2025-02-10T12:00,1.92,0.0,76.9
2025-02-10T13:00,1.913,0.0,76.59
2025-02-10T14:00,1.91,0.0,76.45
2025-02-10T15:00,1.903,0.0,76.14
2025-02-10T16:00,1.899,0.0,75.96
2025-02-10T17:00,1.888,0.0,75.46
2025-02-10T18:00,1.884,0.0,75.28
2025-02-10T19:00,1.872,0.0,74.74
2025-02-10T20:00,1.864,0.0,74.38
2025-02-10T21:00,1.859,0.0,74.16
2025-02-10T22:00,1.853,0.0,73.89
2025-02-10T23:00,1.847,0.0,73.62
2025-02-11T00:00,1.843,0.0,73.44
2025-02-11T01:00,1.837,0.0,73.17
2025-02-11T02:00,1.832,0.0,72.94
2025-02-11T03:00,1.827,0.0,72.72
2025-02-11T04:00,1.824,0.0,72.58
2025-02-11T05:00,1.819,0.0,72.36
2025-02-11T06:00,1.816,0.0,72.22
2025-02-11T07:00,1.812,0.0,72.04
2025-02-11T08:00,1.809,0.0,71.91
2025-02-11T09:00,1.805,0.0,71.73
2025-02-11T10:00,1.805,0.0,71.73
2025-02-11T11:00,1.799,0.0,71.46
2025-02-11T12:00,1.798,0.0,71.41
2025-02-11T13:00,1.793,0.0,71.19
2025-02-11T14:00,1.785,0.0,70.83
2025-02-11T15:00,1.789,0.0,71.01
2025-02-11T16:00,1.787,0.0,70.92
2025-02-11T17:00,1.781,0.0,70.65
2025-02-11T18:00,1.774,0.0,70.33
2025-02-11T19:00,1.761,0.0,69.75
2025-02-11T20:00,1.76,0.0,69.7
2025-02-11T21:00,1.755,0.0,69.48
2025-02-11T22:00,1.75,0.0,69.25
2025-02-11T23:00,1.745,0.0,69.03
2025-02-12T00:00,1.74,0.0,68.8
2025-02-12T01:00,1.736,0.0,68.62
2025-02-12T02:00,1.731,0.0,68.4
2025-02-12T03:00,1.727,0.0,68.22
2025-02-12T04:00,1.723,0.0,68.04
2025-02-12T07:00,1.709,0.0,67.41
2025-02-12T08:00,1.704,0.0,67.18
2025-02-12T09:00,1.697,0.0,66.87
2025-02-12T10:00,1.697,0.0,66.87
2025-02-12T11:00,1.689,0.0,66.51
2025-02-12T12:00,1.678,0.0,66.01
2025-02-12T13:00,1.682,0.0,66.19
2025-02-12T14:00,1.687,0.0,66.42
2025-02-12T15:00,1.686,0.0,66.37
2025-02-12T16:00,1.678,0.0,66.01
2025-02-12T17:00,1.678,0.0,66.01
2025-02-12T18:00,1.673,0.0,65.79
2025-02-12T19:00,1.654,0.0,64.93
2025-02-12T20:00,1.661,0.0,65.25
2025-02-12T21:00,1.657,0.0,65.07
2025-02-13T07:00,1.635,0.2,64.08
2025-02-13T08:00,1.635,0.0,64.08
2025-02-13T09:00,1.635,0.0,64.08
2025-02-13T10:00,1.621,0.0,63.45
2025-02-13T11:00,1.64,0.0,64.3
2025-02-13T12:00,1.64,0.0,64.3
2025-02-13T13:00,1.658,0.0,65.11
2025-02-13T14:00,1.662,0.0,65.29
2025-02-13T15:00,1.672,0.0,65.74
2025-02-13T16:00,1.688,0.0,66.46
2025-02-13T17:00,1.719,0.6,67.86
2025-02-13T18:00,1.75,0.6,69.25
2025-02-13T19:00,1.775,0.0,70.38
2025-02-13T20:00,1.801,0.2,71.55
2025-02-13T21:00,1.828,0.0,72.76
2025-02-13T22:00,1.853,0.0,73.89
2025-02-13T23:00,1.879,0.0,75.06
2025-02-14T00:00,1.905,0.0,76.23
2025-02-14T01:00,1.929,0.0,77.31
2025-02-14T02:00,1.953,0.0,78.39
2025-02-14T03:00,1.977,0.0,79.47
2025-02-14T04:00,1.998,0.0,80.41
2025-02-14T05:00,2.021,0.0,81.45
2025-02-14T06:00,2.041,0.0,82.35
2025-02-14T07:00,2.06,0.0,83.2
2025-02-14T08:00,2.078,0.0,84.01
2025-02-14T09:00,2.095,0.0,84.78
2025-02-14T10:00,2.113,0.0,85.59
2025-02-14T11:00,2.127,0.0,86.22
2025-02-14T12:00,2.14,0.0,86.8
2025-02-14T13:00,2.149,0.0,87.21
2025-02-14T14:00,2.155,0.0,87.48
2025-02-14T15:00,2.165,0.0,87.93
2025-02-14T16:00,2.175,0.0,88.38
2025-02-14T17:00,2.171,0.0,88.2
2025-02-14T18:00,2.176,0.0,88.42
2025-02-14T19:00,2.172,0.0,88.24
2025-02-14T20:00,2.17,0.0,88.15
2025-02-14T21:00,2.166,0.0,87.97
2025-02-14T22:00,2.162,0.0,87.79
2025-02-14T23:00,2.156,0.0,87.52
2025-02-15T00:00,2.149,0.0,87.21
2025-02-15T01:00,2.141,0.0,86.85
2025-02-15T02:00,2.131,0.0,86.4
2025-02-15T03:00,2.121,0.0,85.95
2025-02-15T04:00,2.111,0.0,85.5
2025-02-15T05:00,2.098,0.0,84.91
2025-02-15T06:00,2.086,0.0,84.37
2025-02-15T07:00,2.073,0.0,83.79
2025-02-15T08:00,2.06,0.0,83.2
2025-02-15T09:00,2.045,0.0,82.53
2025-02-15T10:00,2.034,0.0,82.03
2025-02-15T11:00,2.019,0.0,81.36
2025-02-15T12:00,2.005,0.0,80.73
2025-02-15T13:00,1.992,0.0,80.14
2025-02-15T14:00,1.968,0.0,79.06
2025-02-15T15:00,1.96,0.0,78.7
2025-02-15T16:00,1.937,0.0,77.67
2025-02-15T17:00,1.941,0.2,77.85
2025-02-15T18:00,1.922,0.0,76.99
2025-02-15T19:00,1.905,0.0,76.23
2025-02-15T20:00,1.889,0.0,75.51
2025-02-15T21:00,1.877,0.2,74.97
2025-02-15T22:00,1.864,0.0,74.38
2025-02-15T23:00,1.85,0.0,73.75
2025-02-16T00:00,1.838,0.0,73.21
2025-02-16T01:00,1.825,0.0,72.63
2025-02-16T02:00,1.815,0.0,72.18
2025-02-16T03:00,1.804,0.0,71.68
2025-02-16T04:00,1.794,0.0,71.23
2025-02-16T05:00,1.785,0.0,70.83
2025-02-16T06:00,1.777,0.0,70.47
2025-02-16T07:00,1.771,0.0,70.2
2025-02-16T08:00,1.765,0.0,69.93
2025-02-16T09:00,1.76,0.0,69.7
2025-02-16T10:00,1.755,0.2,69.48
2025-02-16T11:00,1.754,0.0,69.43
2025-02-16T12:00,1.745,0.0,69.03
2025-02-16T13:00,1.752,0.0,69.34
2025-02-16T14:00,1.743,0.0,68.94
2025-02-16T15:00,1.75,0.0,69.25
2025-02-16T16:00,1.757,0.0,69.57
2025-02-16T17:00,1.755,0.0,69.48
2025-02-16T18:00,1.766,0.0,69.97
2025-02-16T19:00,1.77,0.0,70.15
2025-02-16T20:00,1.774,0.0,70.33
2025-02-16T21:00,1.778,0.0,70.51
2025-02-16T22:00,1.781,0.0,70.65
2025-02-16T23:00,1.785,0.0,70.83
2025-02-17T00:00,1.788,0.0,70.96
2025-02-17T01:00,1.791,0.0,71.1
2025-02-17T02:00,1.794,0.0,71.23
2025-02-17T03:00,1.797,0.0,71.37
2025-02-17T04:00,1.799,0.0,71.46
2025-02-17T05:00,1.801,0.0,71.55
2025-02-17T07:00,1.807,0.0,71.82
2025-02-17T08:00,1.811,0.0,72.0
2025-02-17T09:00,1.813,0.0,72.09
2025-02-17T10:00,1.819,0.0,72.36
2025-02-17T11:00,1.821,0.0,72.45
2025-02-17T12:00,1.822,0.0,72.49
2025-02-17T13:00,1.807,0.0,71.82
2025-02-17T14:00,1.822,0.0,72.49
2025-02-17T15:00,1.827,0.0,72.72
2025-02-17T16:00,1.816,0.0,72.22
2025-02-17T17:00,1.823,0.0,72.54
2025-02-17T18:00,1.831,0.0,72.9
2025-02-17T19:00,1.83,0.0,72.85
2025-02-17T20:00,1.809,0.0,71.91
2025-02-17T23:00,1.884,0.0,75.28
2025-02-18T00:00,1.887,0.0,75.42
2025-02-18T01:00,1.891,0.0,75.6
2025-02-18T02:00,1.892,0.0,75.64
2025-02-18T03:00,1.896,0.0,75.82
2025-02-18T04:00,1.897,0.0,75.87
2025-02-18T05:00,1.898,0.0,75.91
2025-02-18T06:00,1.897,0.0,75.87
2025-02-18T07:00,1.898,0.2,75.91
2025-02-18T08:00,1.898,0.0,75.91
2025-02-18T09:00,1.897,0.0,75.87
2025-02-18T10:00,1.889,1.6,75.51
2025-02-18T11:00,1.91,3.6,76.45
2025-02-18T12:00,1.911,0.0,76.5
2025-02-18T13:00,1.909,0.0,76.41
2025-02-18T14:00,1.901,0.6,76.05
2025-02-18T15:00,1.902,0.2,76.09
2025-02-18T16:00,1.896,0.0,75.82
2025-02-18T17:00,1.888,0.2,75.46
2025-02-18T18:00,1.884,0.0,75.28
2025-02-18T19:00,1.877,0.0,74.97
2025-02-18T20:00,1.872,0.0,74.74
2025-02-18T21:00,1.868,0.0,74.56
2025-02-18T22:00,1.865,0.0,74.43
2025-02-18T23:00,1.862,0.0,74.29
2025-02-19T00:00,1.86,0.0,74.2
2025-02-19T01:00,1.858,0.0,74.11
2025-02-19T02:00,1.857,0.0,74.07
2025-02-19T03:00,1.857,0.0,74.07
2025-02-19T04:00,1.859,0.0,74.16
2025-02-19T05:00,1.861,0.0,74.25
2025-02-19T06:00,1.865,0.0,74.43
2025-02-19T07:00,1.869,0.0,74.61
2025-02-19T08:00,1.873,0.0,74.79
2025-02-19T09:00,1.877,0.0,74.97
2025-02-19T10:00,1.882,0.0,75.19
2025-02-19T11:00,1.888,0.0,75.46
2025-02-19T12:00,1.896,0.0,75.82
2025-02-19T13:00,1.903,0.0,76.14
2025-02-19T14:00,1.906,0.0,76.27
2025-02-19T15:00,1.909,0.0,76.41
2025-02-19T16:00,1.912,0.0,76.54
2025-02-19T18:00,1.919,2.2,76.86
2025-02-19T23:00,1.945,0.0,78.03
2025-02-20T00:00,1.947,0.2,78.12
2025-02-20T01:00,1.951,0.0,78.3
2025-02-20T07:00,1.985,0.0,79.83
2025-02-20T08:00,1.992,0.0,80.14
2025-02-20T09:00,1.998,0.0,80.41
2025-02-20T10:00,2.005,0.0,80.73
2025-02-20T11:00,2.009,0.0,80.91
2025-02-20T12:00,2.017,0.0,81.27
2025-02-20T13:00,2.019,0.0,81.36
2025-02-20T14:00,2.02,0.0,81.4
2025-02-20T15:00,2.025,0.0,81.63
2025-02-20T16:00,2.025,0.0,81.63
2025-02-20T17:00,2.012,0.0,81.04
2025-02-20T18:00,2.015,0.0,81.18
2025-02-20T19:00,2.01,0.0,80.95
2025-02-20T23:00,2.011,0.0,81.0
2025-02-21T00:00,2.012,0.0,81.04
2025-02-21T01:00,2.009,0.0,80.91
2025-02-21T02:00,2.005,0.0,80.73
2025-02-21T03:00,2.001,0.0,80.55
2025-02-21T04:00,1.997,0.0,80.37
2025-02-21T05:00,1.992,0.0,80.14
2025-02-21T06:00,1.987,0.0,79.92
2025-02-21T07:00,1.981,0.0,79.65
2025-02-21T08:00,1.977,0.0,79.47
2025-02-21T09:00,1.971,0.0,79.2
2025-02-21T10:00,1.966,0.0,78.97
2025-02-21T11:00,1.962,0.0,78.79
2025-02-21T12:00,1.958,0.0,78.61
2025-02-21T13:00,1.96,0.0,78.7
2025-02-21T14:00,1.954,0.0,78.43
2025-02-21T15:00,1.952,0.0,78.34
2025-02-21T16:00,1.948,0.0,78.16
2025-02-21T17:00,1.939,0.0,77.76
2025-02-21T18:00,1.934,0.0,77.53
2025-02-21T19:00,1.929,0.0,77.31
2025-02-21T20:00,1.926,0.0,77.17
2025-02-21T21:00,1.923,0.0,77.04
2025-02-21T22:00,1.918,0.0,76.81
2025-02-21T23:00,1.915,0.0,76.68
2025-02-22T00:00,1.911,0.0,76.5
2025-02-22T01:00,1.907,0.0,76.32
2025-02-22T02:00,1.902,0.0,76.09
2025-02-22T03:00,1.897,0.0,75.87
2025-02-22T04:00,1.892,0.0,75.64
2025-02-22T05:00,1.886,0.0,75.37
2025-02-22T07:00,1.875,0.0,74.88
2025-02-22T08:00,1.865,0.0,74.43
2025-02-22T09:00,1.863,0.0,74.34
2025-02-22T10:00,1.857,0.0,74.07
2025-02-22T11:00,1.85,0.0,73.75
2025-02-22T12:00,1.848,0.0,73.66
2025-02-22T13:00,1.839,0.0,73.26
2025-02-22T14:00,1.832,0.0,72.94
2025-02-22T15:00,1.823,0.0,72.54
2025-02-22T16:00,1.822,0.0,72.49
2025-02-22T17:00,1.814,0.0,72.13
2025-02-22T18:00,1.805,0.0,71.73
2025-02-22T19:00,1.793,0.0,71.19
2025-02-22T20:00,1.786,0.0,70.87
2025-02-22T21:00,1.78,0.0,70.6
2025-02-22T22:00,1.774,0.0,70.33
2025-02-22T23:00,1.766,0.0,69.97
2025-02-23T00:00,1.76,0.0,69.7
2025-02-23T01:00,1.753,0.0,69.39
2025-02-23T02:00,1.748,0.0,69.16
2025-02-23T03:00,1.742,0.0,68.89
2025-02-23T04:00,1.737,0.0,68.67
2025-02-23T05:00,1.731,0.0,68.4
2025-02-23T06:00,1.726,0.0,68.17
2025-02-23T07:00,1.721,0.0,67.95
2025-02-23T08:00,1.717,0.0,67.77
2025-02-23T09:00,1.714,0.0,67.63
2025-02-23T10:00,1.71,0.0,67.45
2025-02-23T11:00,1.705,0.0,67.23
2025-02-23T12:00,1.704,0.0,67.18
2025-02-23T13:00,1.702,0.0,67.09
2025-02-23T14:00,1.698,0.0,66.91
2025-02-23T15:00,1.692,0.0,66.64
2025-02-23T16:00,1.682,0.0,66.19
2025-02-23T17:00,1.683,0.0,66.24
2025-02-23T18:00,1.678,0.0,66.01
2025-02-23T19:00,1.671,0.0,65.7
2025-02-23T20:00,1.665,0.0,65.43
2025-02-23T21:00,1.66,0.0,65.2
2025-02-23T22:00,1.656,0.0,65.02
2025-02-23T23:00,1.651,0.0,64.8
2025-02-24T00:00,1.646,0.0,64.57
2025-02-24T01:00,1.641,0.0,64.35
2025-02-24T02:00,1.634,0.0,64.03
2025-02-24T03:00,1.63,0.0,63.85
2025-02-24T04:00,1.625,0.0,63.63
2025-02-24T05:00,1.618,0.0,63.31
2025-02-24T06:00,1.612,0.0,63.04
2025-02-24T07:00,1.607,0.0,62.82
2025-02-24T08:00,1.6,0.0,62.5
2025-02-24T09:00,1.596,0.0,62.32
2025-02-24T10:00,1.589,0.0,62.01
2025-02-24T11:00,1.583,0.0,61.74
2025-02-24T12:00,1.579,0.0,61.56
2025-02-24T13:00,1.571,0.0,61.2
2025-02-24T14:00,1.566,0.0,60.97
2025-02-24T15:00,1.563,0.0,60.84
2025-02-24T16:00,1.555,0.0,60.48
2025-02-24T17:00,1.547,0.0,60.12
2025-02-24T18:00,1.534,0.0,59.53
2025-02-24T19:00,1.525,0.0,59.13
2025-02-24T22:00,1.535,0.0,59.58
2025-02-24T23:00,1.532,0.0,59.44
2025-02-25T00:00,1.526,0.0,59.17
2025-02-25T01:00,1.518,0.0,58.81
2025-02-25T02:00,1.51,0.0,58.45
2025-02-25T06:00,1.476,0.0,56.92
2025-02-25T07:00,1.47,0.0,56.65
2025-02-25T08:00,1.459,0.0,56.16
2025-02-25T09:00,1.453,0.0,55.89
2025-02-25T10:00,1.446,0.0,55.57
2025-02-25T11:00,1.444,0.0,55.48
2025-02-25T12:00,1.442,0.0,55.39
2025-02-25T13:00,1.43,0.0,54.85
2025-02-25T14:00,1.432,0.0,54.94
2025-02-25T15:00,1.426,0.0,54.67
2025-02-25T16:00,1.423,0.0,54.54
2025-02-25T17:00,1.4,0.0,53.5
2025-02-25T18:00,1.406,0.8,53.77
2025-02-25T19:00,1.402,0.0,53.59
2025-02-25T20:00,1.4,0.0,53.5
2025-02-25T21:00,1.385,0.0,52.83
2025-02-25T22:00,1.386,0.0,52.87
2025-02-25T23:00,1.379,0.0,52.56
2025-02-26T00:00,1.371,0.0,52.2
2025-02-26T01:00,1.372,0.0,52.24
2025-02-26T02:00,1.366,0.0,51.97
2025-02-26T03:00,1.364,0.0,51.88
2025-02-26T07:00,1.343,0.0,50.94
2025-02-26T08:00,1.345,0.0,51.03
2025-02-26T09:00,1.337,0.0,50.67
2025-02-26T10:00,1.333,0.0,50.49
2025-02-26T11:00,1.33,0.0,50.35
2025-02-26T12:00,1.336,0.0,50.62
2025-02-26T13:00,1.334,0.0,50.53
2025-02-26T14:00,1.335,0.0,50.58
2025-02-26T15:00,1.332,0.0,50.44
2025-02-26T16:00,1.334,0.0,50.53
2025-02-26T17:00,1.324,0.0,50.08
2025-02-26T18:00,1.325,0.0,50.13
2025-02-26T19:00,1.316,0.0,49.72
2025-02-26T20:00,1.311,0.0,49.5
2025-02-26T21:00,1.313,0.0,49.59
2025-02-26T22:00,1.31,0.0,49.45
2025-02-26T23:00,1.308,0.0,49.36
2025-02-27T00:00,1.311,0.0,49.5
2025-02-27T01:00,1.311,0.0,49.5
2025-02-27T02:00,1.311,0.0,49.5
2025-02-27T03:00,1.317,0.0,49.77
2025-02-27T04:00,1.316,0.0,49.72
2025-02-27T05:00,1.321,0.0,49.95
2025-02-27T06:00,1.321,0.0,49.95
2025-02-27T07:00,1.322,0.0,49.99
2025-02-27T08:00,1.323,0.0,50.04
2025-02-27T09:00,1.313,0.0,49.59
2025-02-27T10:00,1.327,0.0,50.22
2025-02-27T11:00,1.323,0.0,50.04
2025-02-27T12:00,1.329,0.0,50.31
2025-02-27T13:00,1.332,0.0,50.44
2025-02-27T14:00,1.333,0.0,50.49
2025-02-27T15:00,1.331,0.0,50.4
2025-02-27T16:00,1.31,0.0,49.45
2025-02-27T17:00,1.323,0.0,50.04
2025-02-28T01:00,1.368,0.0,52.06
2025-02-28T02:00,1.376,0.0,52.42
2025-02-28T03:00,1.382,0.0,52.69
2025-02-28T04:00,1.398,0.0,53.41
2025-02-28T05:00,1.417,0.0,54.27
2025-02-28T07:00,1.452,0.0,55.84
2025-02-28T08:00,1.471,0.0,56.7
2025-02-28T09:00,1.492,0.0,57.64
2025-02-28T10:00,1.511,0.0,58.5
2025-02-28T11:00,1.532,0.0,59.44
2025-02-28T12:00,1.551,0.0,60.3
2025-02-28T13:00,1.57,0.0,61.15
2025-02-28T14:00,1.587,0.0,61.92
2025-02-28T15:00,1.598,0.0,62.41
2025-02-28T16:00,1.615,0.0,63.18
2025-02-28T17:00,1.632,0.0,63.94
2025-02-28T18:00,1.64,0.0,64.3
2025-02-28T19:00,1.65,0.0,64.75
2025-02-28T20:00,1.661,0.0,65.25
2025-02-28T21:00,1.672,0.0,65.74
2025-02-28T22:00,1.681,0.0,66.15
2025-02-28T23:00,1.688,0.0,66.46
2025-03-01T00:00,1.693,0.0,66.69
2025-03-01T01:00,1.698,0.0,66.91
2025-03-01T02:00,1.701,0.0,67.05
2025-03-01T04:00,1.705,0.0,67.23
2025-03-01T07:00,1.703,0.0,67.14
2025-03-01T08:00,1.699,0.0,66.96
2025-03-01T09:00,1.695,0.0,66.78
2025-03-01T10:00,1.693,0.0,66.69
2025-03-01T11:00,1.689,0.0,66.51
2025-03-01T12:00,1.687,0.0,66.42
2025-03-01T13:00,1.684,0.0,66.28
2025-03-01T14:00,1.675,0.0,65.88
2025-03-01T15:00,1.67,0.0,65.65
2025-03-01T16:00,1.663,0.0,65.34
2025-03-01T17:00,1.651,0.0,64.8
2025-03-01T18:00,1.642,0.0,64.39
2025-03-01T19:00,1.629,0.0,63.81
2025-03-01T20:00,1.614,0.0,63.13
2025-03-01T21:00,1.604,0.0,62.68
2025-03-01T22:00,1.592,0.0,62.14
2025-03-01T23:00,1.58,0.0,61.6
2025-03-02T00:00,1.568,0.0,61.06
2025-03-02T01:00,1.555,0.0,60.48
2025-03-02T02:00,1.544,0.0,59.98
2025-03-02T03:00,1.531,0.0,59.4
2025-03-02T04:00,1.521,0.0,58.95
2025-03-02T07:00,1.483,0.0,57.24
2025-03-02T08:00,1.47,0.0,56.65
2025-03-02T09:00,1.459,0.0,56.16
2025-03-02T10:00,1.443,0.0,55.44
2025-03-02T11:00,1.43,0.0,54.85
2025-03-02T12:00,1.421,0.0,54.45
2025-03-02T13:00,1.418,0.0,54.31
2025-03-02T14:00,1.394,0.0,53.23
2025-03-02T15:00,1.39,0.0,53.05
2025-03-02T16:00,1.388,0.0,52.96
2025-03-02T17:00,1.371,0.0,52.2
2025-03-02T18:00,1.355,0.0,51.48
2025-03-02T19:00,1.336,0.0,50.62
2025-03-02T20:00,1.327,0.0,50.22
2025-03-02T21:00,1.321,0.0,49.95
2025-03-02T22:00,1.314,0.0,49.63
2025-03-02T23:00,1.307,0.0,49.32
2025-03-03T00:00,1.303,0.0,49.14
2025-03-03T01:00,1.302,0.0,49.09
2025-03-03T02:00,1.296,0.0,48.82
2025-03-03T04:00,1.285,0.0,48.33
2025-03-03T05:00,1.28,0.0,48.1
2025-03-03T06:00,1.274,0.0,47.83
2025-03-03T07:00,1.267,0.0,47.52
2025-03-03T08:00,1.263,0.0,47.34
2025-03-03T09:00,1.255,0.0,46.98
2025-03-03T10:00,1.249,0.0,46.71
2025-03-03T11:00,1.244,0.0,46.48
2025-03-03T12:00,1.234,0.0,46.03
2025-03-03T13:00,1.241,0.0,46.35
2025-03-03T14:00,1.236,0.0,46.12
2025-03-03T15:00,1.227,0.0,45.72
2025-03-03T16:00,1.224,0.0,45.58
2025-03-03T17:00,1.209,0.0,44.91
2025-03-03T19:00,1.194,0.0,44.25
2025-03-03T20:00,1.194,0.0,44.25
2025-03-03T21:00,1.189,0.0,44.03
2025-03-03T22:00,1.187,0.0,43.95
2025-03-03T23:00,1.185,0.0,43.86
2025-03-04T00:00,1.183,0.0,43.78
2025-03-04T01:00,1.182,0.0,43.74
2025-03-04T02:00,1.181,0.0,43.69
2025-03-04T03:00,1.178,0.0,43.57
2025-03-04T07:00,1.17,0.0,43.23
2025-03-04T08:00,1.167,0.0,43.1
2025-03-04T09:00,1.163,0.0,42.93
2025-03-04T10:00,1.157,0.0,42.67
2025-03-04T11:00,1.162,0.0,42.89
2025-03-04T12:00,1.159,0.0,42.76
2025-03-04T13:00,1.158,0.0,42.72
2025-03-04T14:00,1.155,0.0,42.59
2025-03-04T15:00,1.151,0.0,42.42
2025-03-04T16:00,1.139,0.0,41.91
2025-03-04T17:00,1.139,0.0,41.91
2025-03-04T18:00,1.136,0.0,41.78
2025-03-04T19:00,1.127,0.0,41.4
2025-03-04T20:00,1.123,0.0,41.23
2025-03-04T21:00,1.118,0.0,41.02
2025-03-04T22:00,1.114,0.0,40.85
2025-03-04T23:00,1.11,0.0,40.68
2025-03-05T00:00,1.106,0.0,40.51
2025-03-05T01:00,1.102,0.0,40.34
2025-03-05T02:00,1.098,0.0,40.17
2025-03-05T03:00,1.094,0.0,40.0
2025-03-05T04:00,1.09,0.0,39.83
2025-03-05T05:00,1.088,0.0,39.74
2025-03-05T06:00,1.083,0.0,39.53
2025-03-05T07:00,1.081,0.0,39.44
2025-03-05T08:00,1.08,0.0,39.4
2025-03-05T09:00,1.077,0.0,39.27
2025-03-05T10:00,1.074,0.0,39.15
2025-03-05T11:00,1.072,0.0,39.06
2025-03-05T12:00,1.072,0.0,39.06
2025-03-05T13:00,1.077,0.0,39.27
2025-03-05T14:00,1.08,0.0,39.4
2025-03-05T15:00,1.077,0.0,39.27
2025-03-05T16:00,1.079,0.0,39.36
2025-03-05T17:00,1.075,0.0,39.19
2025-03-05T18:00,1.074,0.0,39.15
2025-03-05T19:00,1.066,0.0,38.81
2025-03-05T20:00,1.062,0.0,38.64
2025-03-05T21:00,1.06,0.0,38.55
2025-03-05T22:00,1.056,0.0,38.38
2025-03-05T23:00,1.051,0.0,38.17
2025-03-06T00:00,1.047,0.0,38.0
2025-03-06T01:00,1.041,0.0,37.74
2025-03-06T02:00,1.037,0.0,37.57
2025-03-06T03:00,1.03,0.0,37.28
2025-03-06T04:00,1.024,0.0,37.02
2025-03-06T05:00,1.019,0.0,36.81
2025-03-06T06:00,1.014,0.0,36.6
2025-03-06T07:00,1.008,0.0,36.34
2025-03-06T08:00,0.997,0.0,35.9
2025-03-06T09:00,0.991,0.0,35.69
2025-03-06T10:00,0.989,0.0,35.62
2025-03-06T11:00,0.984,0.0,35.44
2025-03-06T12:00,0.984,0.0,35.44
2025-03-06T13:00,0.979,0.0,35.27
2025-03-06T14:00,0.976,0.0,35.16
2025-03-06T15:00,0.97,0.0,34.95
2025-03-06T16:00,0.966,0.0,34.81
2025-03-06T17:00,0.965,0.0,34.78
2025-03-06T18:00,0.958,0.0,34.53
2025-03-06T19:00,0.951,0.0,34.29
2025-03-06T20:00,0.948,0.0,34.18
2025-03-06T21:00,0.946,0.0,34.11
2025-03-06T22:00,0.944,0.0,34.04
2025-03-06T23:00,0.943,0.0,34.01
2025-03-07T00:00,0.942,0.0,33.97
2025-03-07T01:00,0.942,0.0,33.97
2025-03-07T02:00,0.943,0.0,34.01
2025-03-07T03:00,0.943,0.0,34.01
2025-03-07T04:00,0.945,0.0,34.08
2025-03-07T05:00,0.948,0.0,34.18
2025-03-07T06:00,0.949,0.0,34.22
2025-03-07T07:00,0.949,0.0,34.22
2025-03-07T08:00,0.952,0.0,34.32
2025-03-07T09:00,0.951,0.0,34.29
2025-03-07T10:00,0.952,0.0,34.32
2025-03-07T11:00,0.953,0.0,34.36
2025-03-07T12:00,0.955,0.0,34.43
2025-03-07T13:00,0.955,0.0,34.43
2025-03-07T14:00,0.96,0.6,34.6
2025-03-07T15:00,0.958,0.2,34.53
2025-03-07T16:00,0.956,0.0,34.46
2025-03-07T17:00,0.955,0.0,34.43
2025-03-07T18:00,0.947,0.0,34.15
2025-03-07T19:00,0.949,0.0,34.22
2025-03-07T20:00,0.947,0.0,34.15
2025-03-07T21:00,0.945,0.0,34.08
2025-03-07T22:00,0.943,0.0,34.01
2025-03-07T23:00,0.941,0.0,33.94
2025-03-08T00:00,0.941,0.0,33.94
2025-03-08T04:00,0.937,0.0,33.8
2025-03-08T05:00,0.935,0.0,33.73
2025-03-08T07:00,0.931,0.0,33.59
2025-03-08T08:00,0.93,0.0,33.55
2025-03-08T09:00,0.929,0.0,33.52
2025-03-08T10:00,0.928,0.0,33.48
2025-03-08T11:00,0.926,0.0,33.41
2025-03-08T12:00,0.929,0.0,33.52
2025-03-08T13:00,0.914,0.0,32.99
2025-03-08T14:00,0.929,0.0,33.52
2025-03-08T15:00,0.925,0.0,33.38
2025-03-08T16:00,0.927,0.0,33.45
2025-03-08T17:00,0.918,0.0,33.13
2025-03-08T18:00,0.921,0.0,33.24
2025-03-08T19:00,0.914,0.0,32.99
2025-03-08T20:00,0.911,0.0,32.89
2025-03-08T21:00,0.909,0.0,32.82
2025-03-08T22:00,0.907,0.0,32.75
2025-03-08T23:00,0.905,0.0,32.68
2025-03-09T07:00,0.893,0.0,32.26
2025-03-09T08:00,0.89,0.0,32.15
2025-03-09T09:00,0.889,0.0,32.12
2025-03-09T10:00,0.886,0.0,32.01
2025-03-09T11:00,0.876,0.0,31.66
2025-03-09T12:00,0.878,0.0,31.73
2025-03-09T13:00,0.877,0.0,31.7
2025-03-09T14:00,0.882,0.0,31.87
2025-03-09T15:00,0.868,0.0,31.38
2025-03-09T16:00,0.873,0.0,31.56
2025-03-09T17:00,0.883,0.0,31.91
2025-03-09T18:00,0.881,0.0,31.84
2025-03-09T19:00,0.878,0.0,31.73
2025-03-09T20:00,0.877,0.0,31.7
2025-03-09T21:00,0.877,0.0,31.7
2025-03-09T22:00,0.877,0.0,31.7
2025-03-09T23:00,0.875,0.0,31.63
2025-03-10T00:00,0.875,0.0,31.63
2025-03-10T01:00,0.875,0.0,31.63
2025-03-10T02:00,0.875,0.0,31.63
2025-03-10T03:00,0.877,0.0,31.7
2025-03-10T04:00,0.877,0.0,31.7
2025-03-10T05:00,0.878,0.0,31.73
2025-03-10T06:00,0.878,0.0,31.73
2025-03-10T07:00,0.877,0.0,31.7
2025-03-10T08:00,0.877,0.0,31.7
2025-03-10T09:00,0.876,0.0,31.66
2025-03-10T10:00,0.877,0.0,31.7
2025-03-10T11:00,0.875,0.0,31.63
2025-03-10T12:00,0.877,0.0,31.7
2025-03-10T13:00,0.88,0.0,31.8
2025-03-10T14:00,0.879,0.0,31.77
2025-03-10T15:00,0.878,0.0,31.73
2025-03-10T16:00,0.872,0.0,31.52
2025-03-10T17:00,0.875,0.0,31.63
2025-03-10T18:00,0.871,0.0,31.49
2025-03-10T19:00,0.876,0.0,31.66
2025-03-10T20:00,0.872,0.0,31.52
2025-03-10T21:00,0.877,0.0,31.7
2025-03-10T22:00,0.873,0.0,31.56
2025-03-10T23:00,0.882,0.0,31.87
2025-03-11T00:00,0.885,0.0,31.98
2025-03-11T01:00,0.887,0.0,32.05
2025-03-11T02:00,0.89,0.0,32.15
2025-03-11T03:00,0.894,0.0,32.29
2025-03-11T04:00,0.898,0.0,32.43
2025-03-11T05:00,0.901,0.0,32.54
2025-03-11T07:00,0.908,0.0,32.78
2025-03-11T08:00,0.911,0.0,32.89
2025-03-11T09:00,0.914,0.0,32.99
2025-03-11T10:00,0.917,0.0,33.1
2025-03-11T11:00,0.921,0.0,33.24
2025-03-11T12:00,0.917,0.0,33.1
2025-03-11T13:00,0.927,0.0,33.45
2025-03-11T14:00,0.927,0.0,33.45
2025-03-11T15:00,0.927,0.0,33.45
2025-03-11T16:00,0.947,11.0,34.15
2025-03-12T00:00,1.065,0.0,38.76
2025-03-12T01:00,1.085,0.0,39.61
2025-03-12T02:00,1.105,0.0,40.46
2025-03-12T03:00,1.121,0.0,41.14
2025-03-12T04:00,1.134,0.0,41.7
2025-03-12T05:00,1.145,0.2,42.16
2025-03-12T06:00,1.152,0.0,42.46
2025-03-12T07:00,1.158,0.0,42.72
2025-03-12T08:00,1.164,0.0,42.97
2025-03-12T09:00,1.172,0.0,43.31
2025-03-12T10:00,1.186,0.0,43.91
2025-03-12T11:00,1.2,0.0,44.5
2025-03-12T12:00,1.215,0.0,45.18
2025-03-12T13:00,1.227,0.0,45.72
2025-03-12T14:00,1.233,0.0,45.99
2025-03-12T15:00,1.247,0.0,46.62
2025-03-12T16:00,1.255,0.0,46.98
2025-03-12T17:00,1.243,0.0,46.44
2025-03-12T18:00,1.251,0.0,46.8
2025-03-12T19:00,1.249,0.0,46.71
2025-03-12T20:00,1.246,0.0,46.57
2025-03-12T21:00,1.242,0.0,46.39
2025-03-13T07:00,1.215,0.0,45.18
2025-03-13T08:00,1.216,0.0,45.22
2025-03-13T09:00,1.215,0.2,45.18
2025-03-13T10:00,1.212,0.0,45.04
2025-03-13T11:00,1.212,0.0,45.04
2025-03-13T12:00,1.218,0.0,45.31
2025-03-13T13:00,1.213,0.0,45.09
2025-03-13T14:00,1.221,0.0,45.45
2025-03-13T15:00,1.222,0.0,45.49
2025-03-13T16:00,1.219,0.0,45.36
2025-03-13T17:00,1.219,0.0,45.36
2025-03-13T18:00,1.219,0.0,45.36
2025-03-13T19:00,1.219,0.0,45.36
2025-03-13T20:00,1.22,0.0,45.4
2025-03-13T21:00,1.222,0.0,45.49
2025-03-13T22:00,1.222,0.0,45.49
2025-03-13T23:00,1.223,0.0,45.54
2025-03-14T00:00,1.222,0.0,45.49
2025-03-14T01:00,1.222,0.0,45.49
2025-03-14T02:00,1.223,0.0,45.54
2025-03-14T03:00,1.224,0.0,45.58
2025-03-14T04:00,1.224,0.0,45.58
2025-03-14T05:00,1.223,0.0,45.54
2025-03-14T06:00,1.224,0.0,45.58
2025-03-14T07:00,1.225,0.0,45.63
2025-03-14T08:00,1.224,0.0,45.58
2025-03-14T09:00,1.226,0.0,45.67
2025-03-14T10:00,1.226,0.0,45.67
2025-03-14T11:00,1.229,0.0,45.81
2025-03-14T12:00,1.222,0.0,45.49
2025-03-14T13:00,1.23,0.0,45.85
2025-03-14T14:00,1.217,0.0,45.27
2025-03-14T15:00,1.218,0.0,45.31
2025-03-14T16:00,1.23,0.0,45.85
2025-03-14T17:00,1.23,0.0,45.85
2025-03-14T18:00,1.223,0.0,45.54
2025-03-14T19:00,1.217,0.0,45.27
2025-03-14T20:00,1.218,0.0,45.31
2025-03-14T21:00,1.216,0.0,45.22
2025-03-14T22:00,1.214,0.0,45.13
2025-03-14T23:00,1.213,0.0,45.09
2025-03-15T00:00,1.212,0.0,45.04
2025-03-15T01:00,1.21,0.0,44.95
2025-03-15T02:00,1.206,0.0,44.77
2025-03-15T03:00,1.204,0.0,44.68
2025-03-15T04:00,1.201,0.0,44.55
2025-03-15T05:00,1.198,0.0,44.42
2025-03-15T06:00,1.193,0.0,44.2
2025-03-15T07:00,1.189,0.0,44.03
2025-03-15T08:00,1.182,0.0,43.74
2025-03-15T09:00,1.18,0.0,43.65
2025-03-15T10:00,1.175,0.0,43.44
2025-03-15T11:00,1.169,0.0,43.18
2025-03-15T12:00,1.164,0.0,42.97
2025-03-15T13:00,1.167,0.0,43.1
2025-03-15T14:00,1.16,0.0,42.8
2025-03-15T15:00,1.152,0.0,42.46
2025-03-15T16:00,1.141,0.0,41.99
2025-03-15T17:00,1.138,0.0,41.87
2025-03-15T18:00,1.128,0.0,41.44
2025-03-15T19:00,1.126,0.0,41.36
2025-03-15T21:00,1.117,0.0,40.97
2025-03-15T22:00,1.11,0.0,40.68
2025-03-15T23:00,1.105,0.0,40.46
2025-03-16T00:00,1.1,0.0,40.25
2025-03-16T01:00,1.096,0.0,40.08
2025-03-16T02:00,1.09,0.0,39.83
2025-03-16T03:00,1.086,0.0,39.66
2025-03-16T04:00,1.081,0.0,39.44
2025-03-16T05:00,1.077,0.0,39.27
2025-03-16T06:00,1.073,0.0,39.1
2025-03-16T07:00,1.069,0.0,38.93
2025-03-16T08:00,1.066,0.0,38.81
2025-03-16T09:00,1.063,0.0,38.68
2025-03-16T10:00,1.06,0.0,38.55
2025-03-16T11:00,1.057,0.0,38.42
2025-03-16T12:00,1.054,0.0,38.3
2025-03-16T13:00,1.055,0.0,38.34
2025-03-16T14:00,1.052,0.0,38.21
2025-03-16T15:00,1.046,0.0,37.96
2025-03-16T16:00,1.044,0.0,37.87
2025-03-16T17:00,1.041,0.0,37.74
2025-03-16T18:00,1.033,0.0,37.4
2025-03-16T19:00,1.035,0.0,37.49
2025-03-16T20:00,1.032,0.0,37.36
2025-03-16T21:00,1.029,0.0,37.23
2025-03-16T22:00,1.026,0.0,37.11
2025-03-16T23:00,1.023,0.0,36.98
2025-03-17T00:00,1.02,0.0,36.85
2025-03-17T01:00,1.016,0.0,36.68
2025-03-17T02:00,1.012,0.0,36.51
2025-03-17T03:00,1.009,0.0,36.38
2025-03-17T04:00,1.005,0.0,36.21
2025-03-17T05:00,1.001,0.0,36.04
2025-03-17T06:00,0.997,0.0,35.9
2025-03-17T07:00,0.994,0.0,35.79
2025-03-17T08:00,0.991,0.0,35.69
2025-03-17T09:00,0.987,0.0,35.55
2025-03-17T10:00,0.984,0.0,35.44
2025-03-17T11:00,0.981,0.0,35.34
2025-03-17T12:00,0.978,0.0,35.23
2025-03-17T13:00,0.982,0.0,35.37
2025-03-17T14:00,0.977,0.0,35.2
2025-03-17T15:00,0.971,0.0,34.99
2025-03-17T16:00,0.974,0.0,35.09
2025-03-17T17:00,0.97,0.0,34.95
2025-03-17T18:00,0.963,0.0,34.71
2025-03-17T19:00,0.955,0.0,34.43
2025-03-17T20:00,0.952,0.0,34.32
2025-03-17T21:00,0.949,0.0,34.22
2025-03-17T22:00,0.948,0.0,34.18
2025-03-17T23:00,0.946,0.0,34.11
2025-03-18T00:00,0.945,0.0,34.08
2025-03-18T01:00,0.942,0.4,33.97
2025-03-20T13:00,0.863,0.0,31.21
2025-03-20T14:00,0.865,0.0,31.28
2025-03-20T15:00,0.863,0.0,31.21
2025-03-20T16:00,0.864,0.0,31.24
2025-03-20T17:00,0.861,0.0,31.14
2025-03-20T18:00,0.856,0.0,30.96
2025-03-20T19:00,0.851,0.0,30.79
2025-03-20T20:00,0.849,0.0,30.72
2025-03-20T21:00,0.847,0.0,30.65
2025-03-20T22:00,0.847,0.0,30.65
2025-03-20T23:00,0.846,0.0,30.61
2025-03-21T00:00,0.845,0.0,30.58
2025-03-21T01:00,0.844,0.0,30.54
2025-03-21T02:00,0.843,0.0,30.51
2025-03-21T03:00,0.843,0.0,30.51
2025-03-21T04:00,0.844,0.0,30.54
2025-03-21T05:00,0.844,0.0,30.54
2025-03-21T06:00,0.843,0.0,30.51
2025-03-21T07:00,0.843,0.0,30.51
2025-03-21T08:00,0.843,0.0,30.51
2025-03-21T09:00,0.842,0.0,30.47
2025-03-21T10:00,0.842,0.0,30.47
2025-03-21T11:00,0.84,0.0,30.4
2025-03-21T12:00,0.84,0.0,30.4
2025-03-21T13:00,0.85,0.0,30.75
2025-03-21T14:00,0.844,0.0,30.54
2025-03-21T15:00,0.837,0.0,30.3
2025-03-21T16:00,0.835,0.0,30.23
2025-03-21T17:00,0.844,0.0,30.54
2025-03-21T18:00,0.84,0.0,30.4
2025-03-21T19:00,0.832,0.0,30.12
2025-03-21T20:00,0.831,0.0,30.09
2025-03-21T21:00,0.829,0.0,30.02
2025-03-21T22:00,0.827,0.0,29.95
2025-03-21T23:00,0.825,0.0,29.88
2025-03-22T00:00,0.823,0.0,29.81
2025-03-22T01:00,0.82,0.0,29.7
2025-03-22T02:00,0.818,0.0,29.63
2025-03-22T03:00,0.815,0.0,29.53
2025-03-22T04:00,0.813,0.0,29.46
2025-03-22T05:00,0.81,0.0,29.35
2025-03-22T06:00,0.807,0.0,29.25
2025-03-22T07:00,0.803,0.0,29.11
2025-03-22T08:00,0.801,0.0,29.04
2025-03-22T09:00,0.798,0.0,28.93
2025-03-22T10:00,0.798,0.0,28.93
2025-03-22T11:00,0.798,0.0,28.93
2025-03-22T12:00,0.799,0.0,28.97
2025-03-22T13:00,0.798,0.0,28.93
2025-03-22T14:00,0.801,0.0,29.04
2025-03-22T15:00,0.79,0.0,28.65
2025-03-22T16:00,0.778,0.0,28.23
2025-03-22T17:00,0.792,0.0,28.72
2025-03-22T18:00,0.792,0.0,28.72
2025-03-22T19:00,0.785,0.0,28.48
2025-03-22T20:00,0.784,0.0,28.44
2025-03-22T21:00,0.783,0.0,28.41
2025-03-22T22:00,0.785,0.0,28.48
2025-03-22T23:00,0.785,0.0,28.48
2025-03-23T00:00,0.786,0.0,28.51
2025-03-23T01:00,0.786,0.0,28.51
2025-03-23T02:00,0.785,0.0,28.48
2025-03-23T03:00,0.785,0.0,28.48
2025-03-23T04:00,0.784,0.0,28.44
2025-03-23T05:00,0.783,0.0,28.41
2025-03-23T06:00,0.782,0.0,28.37
2025-03-23T07:00,0.782,0.0,28.37
2025-03-23T08:00,0.783,0.0,28.41
2025-03-23T09:00,0.768,0.0,27.88
2025-03-23T10:00,0.778,0.0,28.23
2025-03-23T11:00,0.779,0.0,28.27
2025-03-23T12:00,0.776,0.0,28.16
2025-03-23T13:00,0.775,0.0,28.13
2025-03-23T14:00,0.755,0.0,27.43
2025-03-23T15:00,0.768,0.0,27.88
2025-03-23T16:00,0.749,0.0,27.22
2025-03-23T17:00,0.763,0.0,27.71
2025-03-23T18:00,0.763,0.0,27.71
2025-03-23T19:00,0.76,0.2,27.6
2025-03-23T22:00,0.778,0.0,28.23
2025-03-24T07:00,0.763,0.0,27.71
2025-03-24T08:00,0.759,0.0,27.57
2025-03-24T09:00,0.758,0.0,27.53
2025-03-24T10:00,0.748,0.0,27.18
2025-03-24T11:00,0.75,0.0,27.25
2025-03-24T12:00,0.752,0.0,27.32
2025-03-24T13:00,0.755,0.0,27.43
2025-03-24T14:00,0.759,0.0,27.57
2025-03-24T15:00,0.76,0.0,27.6
2025-03-24T16:00,0.764,0.0,27.74
2025-03-24T17:00,0.769,0.0,27.92
2025-03-24T18:00,0.779,0.0,28.27
2025-03-24T19:00,0.787,0.0,28.55
2025-03-24T20:00,0.802,0.0,29.07
2025-03-24T21:00,0.822,0.0,29.77
2025-03-24T23:00,0.879,0.0,31.77
2025-03-25T00:00,0.909,0.0,32.82
2025-03-25T01:00,0.938,0.0,33.83
2025-03-25T02:00,0.962,0.0,34.67
2025-03-25T05:00,1.027,0.0,37.15
2025-03-25T07:00,1.06,0.0,38.55
2025-03-25T08:00,1.075,0.0,39.19
2025-03-25T09:00,1.09,0.0,39.83
2025-03-25T10:00,1.101,0.0,40.29
2025-03-25T11:00,1.12,0.0,41.1
2025-03-25T12:00,1.135,0.0,41.74
2025-03-25T13:00,1.151,0.0,42.42
2025-03-25T14:00,1.167,0.0,43.1
2025-03-25T15:00,1.177,0.0,43.52
2025-03-25T16:00,1.192,0.0,44.16
2025-03-25T17:00,1.191,0.0,44.12
2025-03-25T18:00,1.197,0.0,44.37
2025-03-26T04:00,1.274,0.0,47.83
2025-03-26T05:00,1.283,0.0,48.24
2025-03-26T06:00,1.295,0.0,48.78
2025-03-26T07:00,1.302,0.0,49.09
2025-03-26T08:00,1.31,0.0,49.45
2025-03-26T09:00,1.319,0.0,49.86
2025-03-26T10:00,1.327,0.0,50.22
2025-03-26T11:00,1.329,0.0,50.31
2025-03-26T12:00,1.339,0.0,50.76
2025-03-26T13:00,1.349,0.0,51.21
2025-03-26T14:00,1.352,0.0,51.34
2025-03-26T15:00,1.351,0.0,51.3
2025-03-26T16:00,1.352,0.0,51.34
2025-03-26T17:00,1.356,0.0,51.52
2025-03-26T18:00,1.368,0.0,52.06
2025-03-26T19:00,1.373,0.0,52.29
2025-03-26T20:00,1.38,0.0,52.6
2025-03-26T21:00,1.389,0.0,53.01
2025-03-26T22:00,1.392,0.0,53.14
2025-03-26T23:00,1.406,0.0,53.77
2025-03-27T00:00,1.41,0.0,53.95
2025-03-27T01:00,1.417,0.0,54.27
2025-03-27T02:00,1.419,0.0,54.36
2025-03-27T03:00,1.424,0.0,54.58
2025-03-27T04:00,1.428,0.0,54.76
2025-03-27T05:00,1.429,0.0,54.81
2025-03-27T06:00,1.427,0.0,54.72
2025-03-27T07:00,1.426,0.0,54.67
2025-03-27T08:00,1.419,0.0,54.36
2025-03-27T09:00,1.421,0.0,54.45
2025-03-27T10:00,1.41,0.0,53.95
2025-03-27T11:00,1.405,0.0,53.73
2025-03-27T12:00,1.4,0.0,53.5
2025-03-27T13:00,1.385,0.0,52.83
2025-03-27T14:00,1.377,0.0,52.47
2025-03-27T15:00,1.359,0.0,51.66
2025-03-27T16:00,1.339,0.0,50.76
2025-03-27T17:00,1.33,0.0,50.35
2025-03-27T18:00,1.312,0.0,49.54
2025-03-27T19:00,1.297,0.0,48.87
2025-03-27T20:00,1.285,0.0,48.33
2025-03-27T21:00,1.272,0.0,47.74
2025-03-27T22:00,1.258,0.0,47.11
2025-03-27T23:00,1.246,0.0,46.57
2025-03-28T00:00,1.234,0.0,46.03
2025-03-28T01:00,1.224,0.0,45.58
2025-03-28T02:00,1.213,0.0,45.09
2025-03-28T03:00,1.203,0.0,44.64
2025-03-28T04:00,1.194,0.0,44.25
2025-03-28T05:00,1.183,0.0,43.78
2025-03-28T06:00,1.174,0.0,43.4
2025-03-28T07:00,1.166,0.0,43.06
2025-03-28T08:00,1.157,0.0,42.67
2025-03-28T09:00,1.149,0.0,42.33
2025-03-28T10:00,1.141,0.0,41.99
2025-03-28T11:00,1.136,0.0,41.78
2025-03-28T12:00,1.127,0.0,41.4
2025-03-28T13:00,1.123,0.0,41.23
2025-03-28T14:00,1.113,0.0,40.8
2025-03-28T15:00,1.09,0.0,39.83
2025-03-28T16:00,1.094,0.0,40.0
2025-03-28T17:00,1.084,0.0,39.57
2025-03-28T18:00,1.074,0.0,39.15
2025-03-28T19:00,1.063,0.0,38.68
2025-03-28T20:00,1.053,0.0,38.25
2025-03-28T21:00,1.042,0.0,37.79
2025-03-28T22:00,1.032,0.0,37.36
2025-03-28T23:00,1.023,0.0,36.98
2025-03-29T00:00,1.013,0.0,36.55
2025-03-29T01:00,1.004,0.0,36.17
2025-03-29T02:00,0.997,0.0,35.9
2025-03-29T03:00,0.99,0.0,35.65
2025-03-29T04:00,0.986,0.0,35.51
2025-03-29T07:00,0.972,0.0,35.02
2025-03-29T08:00,0.97,0.0,34.95
2025-03-29T09:00,0.967,0.0,34.85
2025-03-29T10:00,0.966,0.0,34.81
2025-03-29T11:00,0.966,0.0,34.81
2025-03-29T12:00,0.948,0.0,34.18
2025-03-29T13:00,0.96,0.0,34.6
2025-03-29T14:00,0.958,0.0,34.53
2025-03-29T15:00,0.957,0.0,34.5
2025-03-29T16:00,0.955,0.0,34.43
2025-03-29T17:00,0.95,0.0,34.25
2025-03-29T18:00,0.955,0.0,34.43
2025-03-29T19:00,0.953,0.0,34.36
2025-03-29T20:00,0.955,0.0,34.43
2025-03-29T21:00,0.958,0.0,34.53
2025-03-29T22:00,0.96,0.0,34.6
2025-03-29T23:00,0.962,0.0,34.67
2025-03-30T00:00,0.96,0.0,34.6
2025-03-30T01:00,0.957,0.0,34.5
2025-03-30T02:00,0.955,0.0,34.43
2025-03-30T03:00,0.953,0.0,34.36
2025-03-30T04:00,0.951,0.0,34.29
2025-03-30T05:00,0.951,0.0,34.29
2025-03-30T06:00,0.954,0.0,34.39
2025-03-30T07:00,0.958,0.0,34.53
2025-03-30T08:00,0.961,0.0,34.64
2025-03-30T09:00,0.963,0.0,34.71
2025-03-30T10:00,0.965,0.0,34.78
2025-03-30T11:00,0.969,0.0,34.92
2025-03-30T12:00,0.972,0.0,35.02
2025-03-30T13:00,0.972,0.0,35.02
2025-03-30T14:00,0.971,0.0,34.99
2025-03-30T15:00,0.972,0.0,35.02
2025-03-30T16:00,0.968,0.0,34.88
2025-03-30T17:00,0.968,0.0,34.88
2025-03-30T18:00,0.962,0.0,34.67
2025-03-30T19:00,0.961,0.0,34.64
2025-03-30T20:00,0.96,0.0,34.6
2025-03-30T21:00,0.96,0.0,34.6
2025-03-30T22:00,0.96,0.0,34.6
2025-03-30T23:00,0.96,0.0,34.6
2025-03-31T00:00,0.959,0.0,34.57
2025-03-31T01:00,0.959,0.0,34.57
2025-03-31T02:00,0.958,0.0,34.53
2025-03-31T03:00,0.959,0.0,34.57
2025-03-31T07:00,0.954,0.0,34.39
2025-03-31T08:00,0.951,0.0,34.29
2025-03-31T09:00,0.951,0.0,34.29
2025-03-31T10:00,0.947,0.0,34.15
2025-03-31T11:00,0.945,0.0,34.08
2025-03-31T12:00,0.948,0.0,34.18
2025-03-31T13:00,0.946,0.0,34.11
2025-03-31T14:00,0.932,0.0,33.62
2025-03-31T15:00,0.935,0.0,33.73
2025-03-31T16:00,0.94,0.0,33.9
2025-03-31T17:00,0.936,0.0,33.76
2025-03-31T18:00,0.928,0.0,33.48
2025-03-31T19:00,0.922,0.0,33.27
2025-03-31T20:00,0.919,0.0,33.17
2025-03-31T21:00,0.917,0.0,33.1
2025-03-31T22:00,0.915,0.0,33.03
2025-03-31T23:00,0.912,0.0,32.92
2025-04-01T00:00,0.907,0.0,32.75
2025-04-01T01:00,0.905,0.0,32.68
2025-04-01T02:00,0.901,0.0,32.54
2025-04-01T03:00,0.898,0.0,32.43
2025-04-01T04:00,0.896,0.0,32.36
2025-04-01T05:00,0.892,0.0,32.22
2025-04-01T07:00,0.886,0.0,32.01
2025-04-01T08:00,0.884,0.0,31.94
2025-04-01T09:00,0.882,0.0,31.87
2025-04-01T10:00,0.881,0.0,31.84
2025-04-01T11:00,0.882,0.0,31.87
2025-04-01T12:00,0.884,0.0,31.94
2025-04-01T13:00,0.884,0.0,31.94
2025-04-01T14:00,0.886,0.0,32.01
2025-04-01T15:00,0.886,0.0,32.01
2025-04-01T16:00,0.881,0.0,31.84
2025-04-01T17:00,0.889,0.0,32.12
2025-04-01T18:00,0.886,0.0,32.01
2025-04-01T19:00,0.888,0.0,32.08
2025-04-01T20:00,0.89,0.0,32.15
2025-04-01T21:00,0.893,0.0,32.26
2025-04-01T22:00,0.895,0.0,32.33
2025-04-01T23:00,0.897,0.0,32.4
2025-04-02T00:00,0.899,0.0,32.47
2025-04-02T01:00,0.899,0.0,32.47
2025-04-02T02:00,0.9,0.0,32.5
2025-04-02T03:00,0.901,0.0,32.54
2025-04-02T04:00,0.9,0.0,32.5
2025-04-02T05:00,0.898,0.0,32.43
2025-04-02T06:00,0.896,0.0,32.36
2025-04-02T07:00,0.894,0.0,32.29
2025-04-02T08:00,0.89,0.0,32.15
2025-04-02T09:00,0.887,0.0,32.05
2025-04-02T10:00,0.882,0.0,31.87
2025-04-02T11:00,0.873,0.0,31.56
2025-04-02T12:00,0.865,0.0,31.28
2025-04-02T13:00,0.869,0.0,31.42
2025-04-02T14:00,0.854,0.0,30.89
2025-04-02T15:00,0.853,0.0,30.86
2025-04-02T16:00,0.838,0.0,30.33
2025-04-02T17:00,0.836,0.0,30.26
2025-04-02T18:00,0.828,0.0,29.98
2025-04-02T19:00,0.82,0.0,29.7
2025-04-02T20:00,0.813,0.0,29.46
2025-04-02T21:00,0.806,0.0,29.21
2025-04-02T22:00,0.799,0.0,28.97
2025-04-02T23:00,0.793,0.0,28.76
2025-04-03T00:00,0.787,0.0,28.55
2025-04-03T01:00,0.782,0.0,28.37
2025-04-03T02:00,0.778,0.0,28.23
2025-04-03T03:00,0.774,0.0,28.09
2025-04-03T04:00,0.769,0.0,27.92
2025-04-03T05:00,0.765,0.0,27.78
2025-04-03T06:00,0.761,0.0,27.64
2025-04-03T07:00,0.759,0.0,27.57
2025-04-03T08:00,0.757,0.0,27.5
2025-04-03T09:00,0.755,0.0,27.43
2025-04-03T10:00,0.734,0.0,26.69
2025-04-03T11:00,0.733,0.0,26.66
2025-04-03T12:00,0.733,0.0,26.66
2025-04-03T13:00,0.738,0.0,26.83
2025-04-03T14:00,0.746,0.0,27.11
2025-04-03T15:00,0.745,0.0,27.08
2025-04-03T16:00,0.74,0.0,26.9
2025-04-03T17:00,0.727,2.6,26.45
2025-04-03T18:00,0.748,1.6,27.18
2025-04-04T07:00,0.77,0.0,27.95
2025-04-04T08:00,0.773,0.0,28.06
2025-04-04T09:00,0.776,0.0,28.16
2025-04-04T10:00,0.777,0.0,28.2
2025-04-04T11:00,0.777,0.0,28.2
2025-04-04T12:00,0.779,0.0,28.27
2025-04-04T13:00,0.788,0.0,28.58
2025-04-04T14:00,0.788,0.0,28.58
2025-04-04T15:00,0.787,0.0,28.55
2025-04-04T16:00,0.787,0.0,28.55
2025-04-04T17:00,0.791,0.0,28.69
2025-04-04T18:00,0.789,0.0,28.62
2025-04-04T19:00,0.784,0.0,28.44
2025-04-04T20:00,0.785,0.0,28.48
2025-04-04T21:00,0.785,0.0,28.48
2025-04-04T22:00,0.785,0.0,28.48
2025-04-04T23:00,0.784,0.0,28.44
2025-04-05T00:00,0.781,0.0,28.34
2025-04-05T01:00,0.786,0.0,28.51
2025-04-05T02:00,0.795,0.0,28.83
2025-04-05T03:00,0.801,0.0,29.04
2025-04-05T04:00,0.806,0.0,29.21
2025-04-05T05:00,0.812,0.0,29.42
2025-04-05T06:00,0.818,0.0,29.63
2025-04-05T07:00,0.825,0.0,29.88
2025-04-05T08:00,0.831,0.0,30.09
2025-04-05T09:00,0.838,0.0,30.33
2025-04-05T10:00,0.838,0.0,30.33
2025-04-05T11:00,0.839,0.0,30.37
2025-04-05T12:00,0.837,0.0,30.3
2025-04-05T13:00,0.846,0.0,30.61
2025-04-05T14:00,0.855,0.0,30.93
2025-04-05T15:00,0.858,0.0,31.03
2025-04-05T16:00,0.855,0.0,30.93
2025-04-05T17:00,0.857,0.0,31.0
2025-04-05T18:00,0.856,0.0,30.96
2025-04-05T19:00,0.853,0.0,30.86
2025-04-05T20:00,0.851,0.0,30.79
2025-04-05T21:00,0.849,0.0,30.72
2025-04-05T22:00,0.846,0.0,30.61
2025-04-05T23:00,0.843,0.0,30.51
2025-04-06T00:00,0.841,0.0,30.44
2025-04-06T01:00,0.839,0.0,30.37
2025-04-06T02:00,0.839,0.0,30.37
2025-04-06T07:00,0.838,0.0,30.33
2025-04-06T08:00,0.837,0.0,30.3
2025-04-06T09:00,0.833,0.0,30.16
2025-04-06T10:00,0.833,0.0,30.16
2025-04-06T11:00,0.824,0.0,29.84
2025-04-06T12:00,0.826,0.0,29.91
2025-04-06T13:00,0.824,0.0,29.84
2025-04-06T14:00,0.816,0.0,29.56
2025-04-06T15:00,0.812,0.0,29.42
2025-04-06T16:00,0.81,0.0,29.35
2025-04-06T17:00,0.803,0.0,29.11
2025-04-06T18:00,0.792,0.0,28.72
2025-04-06T19:00,0.794,0.0,28.79
2025-04-06T20:00,0.788,0.0,28.58
2025-04-06T21:00,0.782,0.0,28.37
2025-04-06T22:00,0.777,0.0,28.2
2025-04-06T23:00,0.773,0.0,28.06
2025-04-07T00:00,0.77,0.0,27.95
2025-04-07T01:00,0.766,0.0,27.81
2025-04-07T02:00,0.764,0.0,27.74
2025-04-07T03:00,0.763,0.0,27.71
2025-04-07T04:00,0.761,0.0,27.64
2025-04-07T05:00,0.759,0.0,27.57
2025-04-07T06:00,0.758,0.0,27.53
2025-04-07T07:00,0.758,0.0,27.53
2025-04-07T08:00,0.758,0.0,27.53
2025-04-07T09:00,0.759,0.0,27.57
2025-04-07T10:00,0.759,0.0,27.57
2025-04-07T11:00,0.758,0.0,27.53
2025-04-07T12:00,0.758,0.0,27.53
2025-04-07T13:00,0.757,0.0,27.5
2025-04-07T14:00,0.753,0.0,27.36
2025-04-07T15:00,0.751,0.0,27.29
2025-04-07T16:00,0.749,0.0,27.22
2025-04-07T17:00,0.743,0.0,27.01
2025-04-07T18:00,0.743,0.0,27.01
2025-04-07T19:00,0.741,0.0,26.94
2025-04-07T20:00,0.738,0.0,26.83
2025-04-07T21:00,0.736,0.0,26.76
2025-04-07T22:00,0.734,0.0,26.69
2025-04-07T23:00,0.732,0.0,26.62
2025-04-08T00:00,0.73,0.0,26.55
2025-04-08T01:00,0.728,0.0,26.48
2025-04-08T02:00,0.728,0.0,26.48
2025-04-08T03:00,0.729,0.0,26.52
2025-04-08T04:00,0.729,0.0,26.52
2025-04-08T05:00,0.728,0.0,26.48
2025-04-08T06:00,0.729,0.0,26.52
2025-04-08T07:00,0.729,0.0,26.52
2025-04-08T08:00,0.733,0.0,26.66
2025-04-08T09:00,0.733,0.0,26.66
2025-04-08T10:00,0.736,0.0,26.76
2025-04-08T11:00,0.732,0.0,26.62
2025-04-08T12:00,0.73,0.0,26.55
2025-04-08T13:00,0.742,0.0,26.97
2025-04-08T14:00,0.743,0.0,27.01
2025-04-08T15:00,0.743,0.2,27.01
2025-04-08T16:00,0.75,2.4,27.25
2025-04-08T17:00,0.751,0.8,27.29
2025-04-09T05:00,0.791,0.0,28.69
2025-04-09T06:00,0.789,0.0,28.62
2025-04-09T08:00,0.787,0.0,28.55
2025-04-09T09:00,0.789,0.0,28.62
2025-04-09T10:00,0.791,0.0,28.69
2025-04-09T11:00,0.797,0.0,28.9
2025-04-09T12:00,0.801,0.0,29.04
2025-04-09T13:00,0.801,0.0,29.04
2025-04-09T14:00,0.817,0.0,29.6
2025-04-09T15:00,0.826,0.0,29.91
2025-04-09T16:00,0.838,0.0,30.33
2025-04-09T17:00,0.845,0.0,30.58
2025-04-09T18:00,0.856,0.0,30.96
2025-04-09T19:00,0.867,0.0,31.35
2025-04-09T20:00,0.877,0.0,31.7
2025-04-09T21:00,0.888,0.0,32.08
2025-04-09T22:00,0.898,0.0,32.43
2025-04-09T23:00,0.907,0.0,32.75
2025-04-10T00:00,0.917,0.0,33.1
2025-04-10T01:00,0.927,0.0,33.45
2025-04-10T02:00,0.937,0.0,33.8
2025-04-10T03:00,0.947,0.0,34.15
2025-04-10T04:00,0.958,0.0,34.53
2025-04-10T05:00,0.967,0.0,34.85
2025-04-10T07:00,0.987,0.8,35.55
2025-04-10T08:00,0.995,0.0,35.83
2025-04-10T09:00,1.0,0.0,36.0
2025-04-10T10:00,1.006,0.0,36.26
2025-04-10T11:00,1.011,0.0,36.47
2025-04-10T12:00,1.018,0.0,36.77
2025-04-10T13:00,1.017,0.0,36.72
2025-04-10T14:00,1.02,0.0,36.85
2025-04-10T15:00,1.019,0.0,36.81
2025-04-10T16:00,1.018,0.0,36.77
2025-04-10T17:00,1.015,0.0,36.64
2025-04-10T18:00,1.011,0.0,36.47
2025-04-10T19:00,1.006,0.0,36.26
2025-04-10T20:00,1.002,0.0,36.09
2025-04-10T21:00,0.998,0.0,35.93
2025-04-10T22:00,0.993,0.0,35.76
2025-04-10T23:00,0.987,0.0,35.55
2025-04-11T00:00,0.984,0.0,35.44
2025-04-11T01:00,0.979,0.0,35.27
2025-04-11T02:00,0.975,0.0,35.13
2025-04-11T03:00,0.972,0.0,35.02
2025-04-11T04:00,0.968,0.0,34.88
2025-04-11T05:00,0.966,0.0,34.81
2025-04-11T06:00,0.964,0.0,34.74
2025-04-11T07:00,0.962,0.0,34.67
2025-04-11T08:00,0.96,0.0,34.6
2025-04-11T09:00,0.959,0.0,34.57
2025-04-11T10:00,0.958,0.0,34.53
2025-04-11T11:00,0.957,0.0,34.5
2025-04-11T12:00,0.956,0.0,34.46
2025-04-11T13:00,0.957,0.0,34.5
2025-04-11T14:00,0.956,0.0,34.46
2025-04-11T15:00,0.947,0.0,34.15
2025-04-11T16:00,0.949,0.0,34.22
2025-04-11T17:00,0.944,0.0,34.04
2025-04-11T18:00,0.94,0.0,33.9
2025-04-11T19:00,0.937,0.0,33.8
2025-04-11T20:00,0.935,0.0,33.73
2025-04-11T21:00,0.932,0.0,33.62
2025-04-11T22:00,0.929,0.0,33.52
2025-04-11T23:00,0.928,0.0,33.48
2025-04-12T00:00,0.926,0.0,33.41
2025-04-12T01:00,0.925,0.0,33.38
2025-04-12T02:00,0.923,0.0,33.31
2025-04-12T03:00,0.922,0.0,33.27
2025-04-12T04:00,0.921,0.0,33.24
2025-04-12T05:00,0.92,0.0,33.2
2025-04-12T06:00,0.92,0.0,33.2
2025-04-12T07:00,0.919,0.0,33.17
2025-04-12T08:00,0.919,0.0,33.17
2025-04-12T09:00,0.92,0.0,33.2
2025-04-12T10:00,0.918,0.0,33.13
2025-04-12T11:00,0.92,0.0,33.2
2025-04-12T12:00,0.918,0.0,33.13
2025-04-12T13:00,0.92,0.0,33.2
2025-04-12T14:00,0.918,0.0,33.13
2025-04-12T15:00,0.916,0.0,33.06
2025-04-12T16:00,0.916,0.0,33.06
2025-04-12T17:00,0.907,0.0,32.75
2025-04-12T18:00,0.898,0.0,32.43
2025-04-12T19:00,0.9,0.0,32.5
2025-04-12T20:00,0.895,0.0,32.33
2025-04-12T21:00,0.89,0.0,32.15
2025-04-12T22:00,0.885,0.0,31.98
2025-04-12T23:00,0.88,0.0,31.8
2025-04-13T00:00,0.875,0.0,31.63
2025-04-13T01:00,0.871,0.0,31.49
2025-04-13T02:00,0.868,0.0,31.38
2025-04-13T03:00,0.866,0.0,31.31
2025-04-13T04:00,0.863,0.0,31.21
2025-04-13T05:00,0.861,0.0,31.14
2025-04-13T06:00,0.859,0.0,31.07
2025-04-13T07:00,0.86,0.0,31.1
2025-04-13T08:00,0.856,0.0,30.96
2025-04-13T09:00,0.862,0.0,31.17
2025-04-13T10:00,0.865,0.0,31.28
2025-04-13T11:00,0.867,0.0,31.35
2025-04-13T12:00,0.864,0.8,31.24
2025-04-13T13:00,0.88,1.0,31.8
2025-04-13T14:00,0.885,0.6,31.98
2025-04-13T15:00,0.9,8.6,32.5
2025-04-13T16:00,0.949,5.4,34.22
2025-04-13T17:00,0.963,1.2,34.71
2025-04-13T18:00,0.967,1.2,34.85
2025-04-14T07:00,0.935,0.2,33.73
2025-04-14T08:00,0.939,0.0,33.87
2025-04-14T09:00,0.942,0.0,33.97
2025-04-14T10:00,0.946,0.0,34.11
2025-04-14T11:00,0.95,0.0,34.25
2025-04-14T12:00,0.953,0.0,34.36
2025-04-14T13:00,0.959,0.0,34.57
2025-04-14T14:00,0.964,0.0,34.74
2025-04-14T15:00,0.971,0.0,34.99
2025-04-14T16:00,0.979,0.0,35.27
2025-04-14T17:00,0.987,0.0,35.55
2025-04-14T18:00,0.993,0.0,35.76
2025-04-14T19:00,1.002,0.0,36.09
2025-04-14T20:00,1.012,0.0,36.51
2025-04-14T21:00,1.021,0.0,36.89
2025-04-14T22:00,1.031,0.0,37.32
2025-04-14T23:00,1.04,0.0,37.7
2025-04-15T00:00,1.047,0.0,38.0
2025-04-15T01:00,1.054,0.0,38.3
2025-04-15T02:00,1.061,0.0,38.59
2025-04-15T03:00,1.068,0.0,38.89
2025-04-15T04:00,1.073,0.0,39.1
2025-04-15T05:00,1.077,0.0,39.27
2025-04-15T06:00,1.08,0.0,39.4
2025-04-15T07:00,1.082,0.0,39.49
2025-04-15T08:00,1.085,0.0,39.61
2025-04-15T09:00,1.086,0.0,39.66
2025-04-15T10:00,1.086,0.0,39.66
2025-04-15T11:00,1.086,0.0,39.66
2025-04-15T12:00,1.085,0.0,39.61
2025-04-15T13:00,1.084,0.0,39.57
2025-04-15T14:00,1.081,0.0,39.44
2025-04-15T15:00,1.078,0.0,39.32
2025-04-15T16:00,1.076,0.0,39.23
2025-04-15T17:00,1.072,0.0,39.06
2025-04-15T18:00,1.069,0.0,38.93
2025-04-16T00:00,1.116,0.0,40.93
2025-04-16T01:00,1.104,0.0,40.42
2025-04-16T02:00,1.097,0.0,40.12
2025-04-16T03:00,1.092,0.0,39.91
2025-04-16T04:00,1.088,0.0,39.74
2025-04-16T05:00,1.083,0.0,39.53
2025-04-16T06:00,1.079,0.0,39.36
2025-04-16T07:00,1.075,0.0,39.19
2025-04-16T08:00,1.071,0.0,39.02
2025-04-16T09:00,1.068,0.0,38.89
2025-04-16T10:00,1.063,0.0,38.68
2025-04-16T11:00,1.057,0.0,38.42
2025-04-16T12:00,1.055,0.0,38.34
2025-04-16T13:00,1.05,0.0,38.13
2025-04-16T14:00,1.047,0.0,38.0
2025-04-16T15:00,1.04,0.0,37.7
2025-04-16T16:00,1.046,0.0,37.96
2025-04-16T17:00,1.044,0.0,37.87
2025-04-16T18:00,1.036,0.0,37.53
2025-04-16T19:00,1.032,0.0,37.36
2025-04-16T20:00,1.031,0.0,37.32
2025-04-17T06:00,1.017,0.0,36.72
2025-04-17T07:00,1.013,0.0,36.55
2025-04-17T08:00,1.01,0.0,36.43
2025-04-17T09:00,1.006,0.0,36.26
2025-04-17T10:00,1.001,0.0,36.04
2025-04-17T11:00,0.997,0.0,35.9
2025-04-17T12:00,0.994,0.0,35.79
2025-04-17T13:00,0.997,0.0,35.9
2025-04-17T14:00,0.991,0.0,35.69
2025-04-17T15:00,0.987,0.0,35.55
2025-04-17T16:00,0.982,0.0,35.37
2025-04-17T17:00,0.974,0.0,35.09
2025-04-17T18:00,0.964,0.0,34.74
2025-04-17T19:00,0.957,0.0,34.5
2025-04-17T20:00,0.954,0.0,34.39
2025-04-17T21:00,0.952,0.0,34.32
2025-04-17T22:00,0.949,0.0,34.22
2025-04-17T23:00,0.947,0.0,34.15
2025-04-18T00:00,0.945,0.0,34.08
2025-04-18T01:00,0.943,0.0,34.01
2025-04-18T02:00,0.942,0.0,33.97
2025-04-18T03:00,0.942,0.0,33.97
2025-04-18T07:00,0.932,0.0,33.62
2025-04-18T08:00,0.93,0.0,33.55
2025-04-18T09:00,0.927,0.0,33.45
2025-04-18T10:00,0.923,0.0,33.31
2025-04-18T11:00,0.923,0.0,33.31
2025-04-18T12:00,0.924,0.0,33.34
2025-04-18T13:00,0.92,0.0,33.2
2025-04-18T14:00,0.911,0.0,32.89
2025-04-18T15:00,0.906,0.0,32.71
2025-04-18T16:00,0.899,0.0,32.47
2025-04-18T17:00,0.894,0.2,32.29
2025-04-18T18:00,0.89,0.0,32.15
2025-04-18T19:00,0.884,0.0,31.94
2025-04-18T20:00,0.881,0.0,31.84
2025-04-18T21:00,0.878,0.0,31.73
2025-04-19T00:00,0.87,0.0,31.45
2025-04-19T01:00,0.867,0.0,31.35
2025-04-19T02:00,0.864,0.0,31.24
2025-04-19T07:00,0.858,0.0,31.03
2025-04-19T08:00,0.856,0.0,30.96
2025-04-19T09:00,0.853,0.0,30.86
2025-04-19T10:00,0.853,0.0,30.86
2025-04-19T11:00,0.851,0.0,30.79
2025-04-19T12:00,0.846,0.0,30.61
2025-04-19T13:00,0.845,0.0,30.58
2025-04-19T14:00,0.839,0.0,30.37
2025-04-19T15:00,0.838,0.0,30.33
2025-04-19T16:00,0.837,0.0,30.3
2025-04-19T17:00,0.837,0.0,30.3
2025-04-19T18:00,0.83,0.0,30.05
2025-04-19T19:00,0.825,0.0,29.88
2025-04-19T20:00,0.823,0.0,29.81
2025-04-19T21:00,0.819,0.0,29.67
2025-04-19T23:00,0.815,0.0,29.53
2025-04-20T01:00,0.81,0.0,29.35
2025-04-20T02:00,0.809,0.0,29.32
2025-04-20T03:00,0.808,0.0,29.28
2025-04-20T04:00,0.809,0.0,29.32
2025-04-20T05:00,0.807,0.0,29.25
2025-04-20T06:00,0.809,0.0,29.32
2025-04-20T07:00,0.81,0.0,29.35
2025-04-20T08:00,0.813,0.0,29.46
2025-04-20T09:00,0.817,0.0,29.6
2025-04-20T10:00,0.82,0.0,29.7
2025-04-20T11:00,0.824,0.0,29.84
2025-04-20T12:00,0.828,0.0,29.98
2025-04-20T13:00,0.831,0.0,30.09
2025-04-20T14:00,0.835,0.0,30.23
2025-04-20T15:00,0.843,0.0,30.51
2025-04-20T16:00,0.846,0.0,30.61
2025-04-20T17:00,0.85,0.0,30.75
2025-04-20T18:00,0.85,0.0,30.75
2025-04-20T19:00,0.853,0.0,30.86
2025-04-20T20:00,0.857,0.0,31.0
2025-04-20T21:00,0.86,0.0,31.1
2025-04-20T22:00,0.865,0.0,31.28
2025-04-20T23:00,0.867,0.0,31.35
2025-04-21T00:00,0.869,0.0,31.42
2025-04-21T01:00,0.87,0.0,31.45
2025-04-21T02:00,0.87,0.0,31.45
2025-04-21T03:00,0.871,0.0,31.49
2025-04-21T04:00,0.871,0.0,31.49
2025-04-21T05:00,0.868,0.0,31.38
2025-04-21T06:00,0.867,0.0,31.35
2025-04-21T07:00,0.865,0.0,31.28
2025-04-21T08:00,0.863,0.0,31.21
2025-04-21T09:00,0.863,0.0,31.21
2025-04-21T10:00,0.862,0.0,31.17
2025-04-21T11:00,0.859,0.0,31.07
2025-04-21T12:00,0.86,0.0,31.1
2025-04-21T13:00,0.857,0.0,31.0
2025-04-21T14:00,0.855,0.0,30.93
2025-04-21T15:00,0.857,0.0,31.0
2025-04-21T16:00,0.854,0.0,30.89
2025-04-21T17:00,0.85,0.0,30.75
2025-04-21T18:00,0.842,0.0,30.47
2025-04-21T19:00,0.84,0.0,30.4
2025-04-21T20:00,0.827,0.0,29.95
2025-04-21T21:00,0.832,0.0,30.12
2025-04-21T22:00,0.828,0.0,29.98
2025-04-21T23:00,0.822,0.0,29.77
2025-04-22T00:00,0.82,0.0,29.7
2025-04-22T01:00,0.814,0.0,29.49
2025-04-22T02:00,0.81,0.0,29.35
2025-04-22T03:00,0.808,0.0,29.28
2025-04-22T04:00,0.805,0.0,29.18
2025-04-22T05:00,0.803,0.0,29.11
2025-04-22T06:00,0.802,0.0,29.07
2025-04-22T07:00,0.8,0.0,29.0
2025-04-22T08:00,0.802,0.0,29.07
2025-04-22T09:00,0.804,0.0,29.14
2025-04-22T10:00,0.804,0.0,29.14
2025-04-22T11:00,0.807,0.0,29.25
2025-04-22T12:00,0.813,0.0,29.46
2025-04-22T13:00,0.816,0.0,29.56
2025-04-22T14:00,0.816,0.0,29.56
2025-04-22T15:00,0.815,0.0,29.53
2025-04-22T16:00,0.814,0.0,29.49
2025-04-22T17:00,0.809,0.0,29.32
2025-04-22T18:00,0.804,0.0,29.14
2025-04-22T19:00,0.801,0.0,29.04
2025-04-22T20:00,0.799,0.0,28.97
2025-04-22T21:00,0.796,0.0,28.86
2025-04-22T22:00,0.796,0.0,28.86
2025-04-22T23:00,0.795,0.0,28.83
2025-04-23T00:00,0.791,0.0,28.69
2025-04-23T01:00,0.79,0.0,28.65
2025-04-23T02:00,0.788,0.0,28.58
2025-04-23T03:00,0.788,0.0,28.58
2025-04-23T04:00,0.784,0.0,28.44
2025-04-23T07:00,0.779,0.0,28.27
2025-04-23T08:00,0.778,0.0,28.23
2025-04-23T09:00,0.779,0.0,28.27
2025-04-23T10:00,0.778,0.0,28.23
2025-04-23T11:00,0.783,0.0,28.41
2025-04-23T12:00,0.781,0.0,28.34
2025-04-23T13:00,0.784,0.0,28.44
2025-04-23T14:00,0.786,0.0,28.51
2025-04-23T15:00,0.784,0.0,28.44
2025-04-23T16:00,0.78,0.0,28.3
2025-04-23T17:00,0.773,0.0,28.06
2025-04-23T18:00,0.768,0.0,27.88
2025-04-23T19:00,0.764,0.0,27.74
2025-04-23T20:00,0.76,0.0,27.6
2025-04-23T21:00,0.756,0.0,27.46
2025-04-23T22:00,0.752,0.0,27.32
2025-04-23T23:00,0.749,0.0,27.22
2025-04-24T00:00,0.745,0.0,27.08
2025-04-24T01:00,0.741,0.0,26.94
2025-04-24T02:00,0.738,0.0,26.83
2025-04-24T07:00,0.726,0.0,26.41
2025-04-24T08:00,0.726,0.0,26.41
2025-04-24T09:00,0.726,0.0,26.41
2025-04-24T10:00,0.725,0.0,26.38
2025-04-24T11:00,0.724,0.0,26.34
2025-04-24T12:00,0.717,0.0,26.1
2025-04-24T13:00,0.713,0.0,25.96
2025-04-24T14:00,0.727,0.2,26.45
2025-04-24T15:00,0.729,0.6,26.52
2025-04-24T16:00,0.728,0.4,26.48
2025-04-24T17:00,0.729,0.4,26.52
2025-04-25T07:00,0.715,0.0,26.03
2025-04-25T08:00,0.711,0.0,25.89
2025-04-25T09:00,0.711,0.0,25.89
2025-04-25T10:00,0.709,0.0,25.82
2025-04-25T11:00,0.715,0.0,26.03
2025-04-25T12:00,0.714,0.0,25.99
2025-04-25T13:00,0.718,0.0,26.13
2025-04-25T14:00,0.715,0.0,26.03
2025-04-25T15:00,0.715,0.0,26.03
2025-04-25T16:00,0.714,0.0,25.99
2025-04-25T17:00,0.714,0.0,25.99
2025-04-25T18:00,0.714,0.0,25.99
2025-04-25T19:00,0.714,0.0,25.99
2025-04-25T20:00,0.712,0.0,25.92
2025-04-25T21:00,0.711,0.0,25.89
2025-04-25T22:00,0.71,0.0,25.85
2025-04-25T23:00,0.708,0.0,25.78
2025-04-26T00:00,0.706,0.0,25.71
2025-04-26T01:00,0.704,0.0,25.64
2025-04-26T02:00,0.702,0.0,25.57
2025-04-26T03:00,0.7,0.0,25.5
2025-04-26T04:00,0.699,0.0,25.47
2025-04-26T05:00,0.697,0.0,25.4
2025-04-26T06:00,0.695,0.0,25.33
2025-04-26T07:00,0.694,0.0,25.29
2025-04-26T08:00,0.694,0.0,25.29
2025-04-26T09:00,0.693,0.0,25.26
2025-04-26T10:00,0.691,0.0,25.19
2025-04-26T11:00,0.69,0.0,25.15
2025-04-26T12:00,0.689,0.0,25.12
2025-04-26T13:00,0.687,0.0,25.05
2025-04-26T14:00,0.689,0.0,25.12
2025-04-26T15:00,0.688,0.0,25.08
2025-04-26T16:00,0.692,0.0,25.22
2025-04-26T17:00,0.693,0.0,25.26
2025-04-26T18:00,0.686,0.0,25.01
2025-04-26T19:00,0.686,0.0,25.01
2025-04-27T07:00,0.702,0.0,25.57
2025-04-27T08:00,0.701,0.0,25.54
2025-04-27T09:00,0.702,0.0,25.57
2025-04-27T10:00,0.701,0.0,25.54
2025-04-27T11:00,0.702,0.0,25.57
2025-04-27T12:00,0.699,0.0,25.47
2025-04-27T13:00,0.684,0.0,24.94
2025-04-27T14:00,0.695,0.0,25.33
2025-04-27T15:00,0.689,0.0,25.12
2025-04-27T16:00,0.696,0.0,25.36
2025-04-27T17:00,0.693,0.0,25.26
2025-04-27T18:00,0.691,0.0,25.19
2025-04-27T19:00,0.691,0.0,25.19
2025-04-28T08:00,0.685,0.0,24.98
2025-04-28T09:00,0.687,0.0,25.05
2025-04-28T10:00,0.683,0.0,24.91
2025-04-28T11:00,0.676,0.0,24.66
2025-04-28T12:00,0.686,0.0,25.01
2025-04-28T13:00,0.688,0.0,25.08
2025-04-28T14:00,0.694,0.0,25.29
2025-04-28T15:00,0.685,0.0,24.98
2025-04-28T16:00,0.691,0.0,25.19
2025-04-28T17:00,0.689,0.0,25.12
2025-04-28T18:00,0.68,0.0,24.8
2025-04-28T19:00,0.675,0.0,24.63
2025-04-28T20:00,0.671,0.0,24.49
2025-04-28T21:00,0.668,0.0,24.38
2025-04-28T22:00,0.666,0.0,24.31
2025-04-28T23:00,0.667,0.0,24.35
2025-04-29T07:00,0.653,0.0,23.86
2025-04-29T08:00,0.652,0.0,23.82
2025-04-29T09:00,0.652,0.0,23.82
2025-04-29T10:00,0.651,0.0,23.79
2025-04-29T11:00,0.648,0.0,23.68
2025-04-29T12:00,0.659,0.0,24.07
2025-04-29T13:00,0.663,0.0,24.21
2025-04-29T14:00,0.66,0.0,24.1
2025-04-29T15:00,0.658,0.0,24.03
2025-04-29T16:00,0.665,0.0,24.28
2025-04-29T17:00,0.665,0.0,24.28
2025-04-29T18:00,0.658,0.0,24.03
2025-04-29T19:00,0.655,0.0,23.93
2025-04-29T20:00,0.652,0.0,23.82
2025-04-29T21:00,0.654,0.0,23.89
2025-04-29T22:00,0.654,0.0,23.89
2025-04-29T23:00,0.655,0.0,23.93
2025-04-30T00:00,0.659,0.0,24.07
2025-04-30T01:00,0.66,0.0,24.1
2025-04-30T02:00,0.656,0.0,23.96
2025-04-30T03:00,0.658,0.0,24.03
2025-04-30T04:00,0.657,0.0,24.0
2025-04-30T05:00,0.655,0.0,23.93
2025-04-30T06:00,0.653,0.0,23.86
2025-04-30T07:00,0.651,0.0,23.79
2025-04-30T08:00,0.648,0.0,23.68
2025-04-30T09:00,0.648,0.0,23.68
2025-04-30T10:00,0.649,0.0,23.72
2025-04-30T11:00,0.648,0.0,23.68
2025-04-30T12:00,0.642,0.0,23.47
2025-04-30T13:00,0.647,0.0,23.65
2025-04-30T14:00,0.637,0.0,23.3
2025-04-30T15:00,0.645,0.0,23.58
2025-04-30T16:00,0.64,0.0,23.4
2025-04-30T17:00,0.637,0.0,23.3
2025-04-30T18:00,0.633,0.0,23.16
2025-04-30T19:00,0.631,0.0,23.09
2025-04-30T20:00,0.628,0.0,22.98
2025-04-30T21:00,0.627,0.0,22.95
2025-04-30T22:00,0.625,0.0,22.88
2025-04-30T23:00,0.625,0.0,22.88
2025-05-01T00:00,0.624,0.0,22.84
2025-05-01T01:00,0.625,0.0,22.88
2025-05-01T02:00,0.626,0.0,22.91
2025-05-01T03:00,0.628,0.0,22.98
2025-05-01T04:00,0.629,0.0,23.02
2025-05-01T05:00,0.627,0.0,22.95
2025-05-01T07:00,0.625,0.0,22.88
2025-05-01T08:00,0.622,0.0,22.77
2025-05-01T09:00,0.622,0.0,22.77
2025-05-01T10:00,0.622,0.0,22.77
2025-05-01T11:00,0.624,0.0,22.84
2025-05-01T12:00,0.628,0.0,22.98
2025-05-01T13:00,0.63,0.0,23.05
2025-05-01T14:00,0.621,0.0,22.74
2025-05-01T15:00,0.634,0.0,23.19
2025-05-01T16:00,0.633,0.0,23.16
2025-05-01T17:00,0.633,0.0,23.16
2025-05-01T18:00,0.627,0.0,22.95
2025-05-01T19:00,0.626,0.0,22.91
2025-05-01T20:00,0.625,0.0,22.88
2025-05-01T21:00,0.623,0.0,22.81
2025-05-01T22:00,0.622,0.0,22.77
2025-05-02T05:00,0.614,0.0,22.49
2025-05-02T06:00,0.613,0.0,22.46
2025-05-02T07:00,0.612,0.0,22.42
2025-05-02T08:00,0.614,0.0,22.49
2025-05-02T09:00,0.614,0.0,22.49
2025-05-02T10:00,0.616,0.0,22.56
2025-05-02T11:00,0.621,0.0,22.74
2025-05-02T12:00,0.623,0.0,22.81
2025-05-02T13:00,0.619,0.0,22.67
2025-05-02T14:00,0.627,0.0,22.95
2025-05-02T15:00,0.626,0.0,22.91
2025-05-02T16:00,0.626,0.0,22.91
2025-05-02T17:00,0.624,0.0,22.84
2025-05-02T18:00,0.619,0.0,22.67
2025-05-02T19:00,0.617,0.0,22.6
2025-05-02T20:00,0.615,0.0,22.53
2025-05-02T21:00,0.614,0.0,22.49
2025-05-02T23:00,0.612,0.0,22.42
2025-05-03T00:00,0.609,0.0,22.32
2025-05-03T01:00,0.608,0.0,22.28
2025-05-03T02:00,0.607,0.0,22.25
2025-05-03T03:00,0.605,0.0,22.18
2025-05-03T04:00,0.603,0.0,22.11
2025-05-03T05:00,0.6,0.0,22.0
2025-05-03T06:00,0.597,0.0,21.92
2025-05-03T07:00,0.595,0.0,21.86
2025-05-03T08:00,0.593,0.0,21.81
2025-05-03T09:00,0.593,0.0,21.81
2025-05-03T10:00,0.593,0.0,21.81
2025-05-03T11:00,0.592,0.0,21.78
2025-05-03T12:00,0.588,0.0,21.67
2025-05-03T13:00,0.584,0.0,21.56
2025-05-03T14:00,0.589,0.0,21.7
2025-05-03T15:00,0.591,0.0,21.75
2025-05-03T16:00,0.587,0.0,21.64
2025-05-03T17:00,0.586,0.0,21.62
2025-05-03T18:00,0.58,0.0,21.45
2025-05-03T19:00,0.577,0.0,21.37
2025-05-03T20:00,0.576,0.0,21.34
2025-05-03T21:00,0.576,0.0,21.34
2025-05-04T01:00,0.578,0.0,21.4
2025-05-04T02:00,0.579,0.0,21.42
2025-05-04T03:00,0.581,0.0,21.48
2025-05-04T04:00,0.581,0.0,21.48
2025-05-04T05:00,0.581,0.0,21.48
2025-05-04T06:00,0.581,0.0,21.48
2025-05-04T07:00,0.58,0.0,21.45
2025-05-04T08:00,0.581,0.0,21.48
2025-05-04T09:00,0.582,0.0,21.51
2025-05-04T10:00,0.583,0.0,21.53
2025-05-04T11:00,0.585,0.0,21.59
2025-05-04T12:00,0.585,0.0,21.59
2025-05-04T13:00,0.592,0.0,21.78
2025-05-04T14:00,0.594,0.0,21.84
2025-05-04T15:00,0.593,0.0,21.81
2025-05-04T16:00,0.593,0.0,21.81
2025-05-04T17:00,0.591,0.0,21.75
2025-05-04T18:00,0.589,0.0,21.7
2025-05-04T19:00,0.589,0.0,21.7
2025-05-04T20:00,0.588,0.0,21.67
2025-05-04T21:00,0.588,0.0,21.67
2025-05-05T07:00,0.576,0.0,21.34
2025-05-05T08:00,0.575,0.0,21.31
2025-05-05T09:00,0.574,0.0,21.29
2025-05-05T10:00,0.576,0.0,21.34
2025-05-05T11:00,0.577,0.0,21.37
2025-05-05T12:00,0.579,0.0,21.42
2025-05-05T13:00,0.581,0.0,21.48
2025-05-05T14:00,0.573,0.0,21.26
2025-05-05T15:00,0.584,0.0,21.56
2025-05-05T16:00,0.585,0.0,21.59
2025-05-05T17:00,0.584,0.0,21.56
2025-05-05T18:00,0.582,0.0,21.51
2025-05-05T19:00,0.581,0.0,21.48
2025-05-05T20:00,0.582,0.0,21.51
2025-05-05T21:00,0.582,0.0,21.51
2025-05-05T23:00,0.584,0.0,21.56
2025-05-06T01:00,0.583,0.0,21.53
2025-05-06T04:00,0.582,0.0,21.51
2025-05-06T05:00,0.581,0.0,21.48
2025-05-06T06:00,0.58,0.0,21.45
2025-05-06T07:00,0.577,0.0,21.37
2025-05-06T08:00,0.576,0.0,21.34
2025-05-06T09:00,0.577,0.0,21.37
2025-05-06T10:00,0.575,0.0,21.31
2025-05-06T11:00,0.557,0.0,20.82
2025-05-06T12:00,0.571,0.0,21.2
2025-05-06T13:00,0.579,0.8,21.42
2025-05-06T14:00,0.575,0.0,21.31
2025-05-06T15:00,0.569,0.0,21.15
2025-05-06T16:00,0.558,0.0,20.85
2025-05-06T17:00,0.568,0.0,21.12
2025-05-06T18:00,0.566,0.0,21.07
2025-05-06T19:00,0.565,0.0,21.04
2025-05-06T20:00,0.564,0.0,21.01
2025-05-06T21:00,0.563,0.0,20.98
2025-05-06T22:00,0.561,0.0,20.93
2025-05-06T23:00,0.558,0.0,20.85
2025-05-07T00:00,0.558,0.0,20.85
2025-05-07T01:00,0.558,0.0,20.85
2025-05-07T02:00,0.558,0.0,20.85
2025-05-07T03:00,0.558,0.0,20.85
2025-05-07T04:00,0.558,0.0,20.85
2025-05-07T05:00,0.557,0.0,20.82
2025-05-07T06:00,0.557,0.0,20.82
2025-05-07T07:00,0.558,0.0,20.85
2025-05-07T08:00,0.56,0.0,20.9
2025-05-07T09:00,0.559,0.0,20.87
2025-05-07T10:00,0.565,0.0,21.04
2025-05-07T11:00,0.555,0.0,20.76
2025-05-07T12:00,0.567,0.0,21.09
2025-05-07T13:00,0.569,0.0,21.15
2025-05-07T14:00,0.569,0.0,21.15
2025-05-07T15:00,0.563,0.0,20.98
2025-05-07T16:00,0.565,0.0,21.04
2025-05-07T17:00,0.567,0.0,21.09
2025-05-07T18:00,0.567,0.0,21.09
2025-05-07T19:00,0.567,0.0,21.09
2025-05-07T20:00,0.567,0.0,21.09
2025-05-07T21:00,0.566,0.0,21.07
2025-05-07T22:00,0.564,0.0,21.01
2025-05-07T23:00,0.563,0.0,20.98
2025-05-08T00:00,0.562,0.0,20.96
2025-05-08T01:00,0.561,0.0,20.93
2025-05-08T02:00,0.559,0.0,20.87
2025-05-08T03:00,0.56,0.0,20.9
2025-05-08T04:00,0.56,0.0,20.9
2025-05-08T05:00,0.558,0.0,20.85
2025-05-08T06:00,0.556,0.0,20.79
2025-05-08T07:00,0.556,0.0,20.79
2025-05-08T08:00,0.555,0.0,20.76
2025-05-08T09:00,0.554,0.0,20.74
2025-05-08T10:00,0.555,0.0,20.76
2025-05-08T11:00,0.537,0.0,20.27
2025-05-08T12:00,0.538,0.0,20.3
2025-05-08T13:00,0.54,0.0,20.35
2025-05-08T14:00,0.556,0.0,20.79
2025-05-08T15:00,0.559,0.0,20.87
2025-05-08T16:00,0.558,0.0,20.85
2025-05-08T17:00,0.558,0.0,20.85
2025-05-08T18:00,0.555,0.0,20.76
2025-05-08T19:00,0.554,0.0,20.74
2025-05-08T20:00,0.554,0.0,20.74
2025-05-08T21:00,0.556,0.0,20.79
2025-05-08T22:00,0.556,0.0,20.79
2025-05-08T23:00,0.557,0.0,20.82
2025-05-09T00:00,0.556,0.0,20.79
2025-05-09T01:00,0.555,0.0,20.76
2025-05-09T02:00,0.555,0.0,20.76
2025-05-09T03:00,0.558,0.0,20.85
2025-05-09T04:00,0.56,0.0,20.9
2025-05-09T05:00,0.561,0.0,20.93
2025-05-09T06:00,0.561,0.0,20.93
2025-05-09T07:00,0.561,0.0,20.93
2025-05-09T08:00,0.561,0.0,20.93
2025-05-09T09:00,0.559,0.0,20.87
2025-05-09T10:00,0.539,0.0,20.32
2025-05-09T11:00,0.543,0.0,20.43
2025-05-09T12:00,0.54,0.0,20.35
2025-05-09T13:00,0.545,0.0,20.49
2025-05-09T14:00,0.539,0.0,20.32
2025-05-09T15:00,0.539,0.0,20.32
2025-05-09T16:00,0.542,0.0,20.41
2025-05-09T17:00,0.556,0.0,20.79
2025-05-09T18:00,0.553,0.0,20.71
2025-05-09T19:00,0.551,0.0,20.65
2025-05-09T20:00,0.55,0.0,20.63
2025-05-09T21:00,0.547,3.2,20.54
2025-05-09T22:00,0.566,3.4,21.07
2025-05-09T23:00,0.563,1.4,20.98
2025-05-10T00:00,0.568,0.2,21.12
2025-05-10T01:00,0.566,0.0,21.07
2025-05-10T02:00,0.567,0.6,21.09
2025-05-10T03:00,0.568,0.0,21.12
2025-05-10T04:00,0.569,0.0,21.15
2025-05-10T05:00,0.567,0.0,21.09
2025-05-10T06:00,0.565,0.0,21.04
2025-05-10T07:00,0.563,0.0,20.98
2025-05-10T08:00,0.563,0.0,20.98
2025-05-10T09:00,0.565,0.0,21.04
2025-05-10T10:00,0.567,0.0,21.09
2025-05-10T11:00,0.569,0.0,21.15
2025-05-10T12:00,0.571,0.0,21.2
2025-05-10T13:00,0.572,0.0,21.23
2025-05-10T14:00,0.579,0.0,21.42
2025-05-10T15:00,0.576,0.0,21.34
2025-05-10T16:00,0.577,0.0,21.37
2025-05-10T17:00,0.577,0.0,21.37
2025-05-10T18:00,0.577,0.0,21.37
2025-05-10T19:00,0.579,0.0,21.42
2025-05-10T20:00,0.578,0.0,21.4
2025-05-10T21:00,0.577,0.0,21.37
2025-05-10T22:00,0.576,0.0,21.34
2025-05-10T23:00,0.576,0.0,21.34
2025-05-11T00:00,0.575,0.0,21.31
2025-05-11T01:00,0.574,0.0,21.29
2025-05-11T02:00,0.574,0.0,21.29
2025-05-11T03:00,0.575,0.0,21.31
2025-05-11T04:00,0.576,0.0,21.34
2025-05-11T05:00,0.576,0.0,21.34
2025-05-11T06:00,0.576,0.0,21.34
2025-05-11T07:00,0.578,0.0,21.4
2025-05-11T08:00,0.579,0.0,21.42
2025-05-11T09:00,0.58,0.0,21.45
2025-05-11T10:00,0.583,0.0,21.53
2025-05-11T11:00,0.587,0.0,21.64
2025-05-11T12:00,0.591,0.0,21.75
2025-05-11T13:00,0.595,0.0,21.86
2025-05-11T14:00,0.599,0.0,21.97
2025-05-11T15:00,0.596,0.0,21.89
2025-05-11T16:00,0.601,0.0,22.04
2025-05-11T17:00,0.599,0.0,21.97
2025-05-11T18:00,0.6,0.0,22.0
2025-05-11T19:00,0.598,0.0,21.95
2025-05-11T20:00,0.6,0.0,22.0
2025-05-11T21:00,0.6,0.0,22.0
2025-05-11T22:00,0.6,0.0,22.0
2025-05-11T23:00,0.6,0.0,22.0
2025-05-12T00:00,0.598,0.0,21.95
2025-05-12T01:00,0.596,0.0,21.89
2025-05-12T02:00,0.595,0.0,21.86
2025-05-12T03:00,0.592,0.0,21.78
2025-05-12T04:00,0.591,0.0,21.75
2025-05-12T05:00,0.589,0.0,21.7
2025-05-12T06:00,0.587,0.0,21.64
2025-05-12T07:00,0.584,0.0,21.56
2025-05-12T08:00,0.583,0.0,21.53
2025-05-12T09:00,0.583,0.0,21.53
2025-05-12T10:00,0.572,0.0,21.23
2025-05-12T11:00,0.568,0.0,21.12
2025-05-12T12:00,0.575,0.0,21.31
2025-05-12T13:00,0.581,0.0,21.48
2025-05-12T14:00,0.585,0.0,21.59
2025-05-12T15:00,0.591,0.0,21.75
2025-05-12T16:00,0.592,0.0,21.78
2025-05-12T17:00,0.592,0.0,21.78
2025-05-12T18:00,0.591,0.0,21.75
2025-05-12T19:00,0.591,0.0,21.75
2025-05-12T20:00,0.589,0.0,21.7
2025-05-12T21:00,0.586,0.0,21.62
2025-05-12T22:00,0.582,0.0,21.51
2025-05-12T23:00,0.578,0.0,21.4
2025-05-13T00:00,0.574,0.0,21.29
2025-05-13T01:00,0.571,0.0,21.2
2025-05-13T02:00,0.567,0.0,21.09
2025-05-13T03:00,0.565,0.0,21.04
2025-05-13T04:00,0.561,0.0,20.93
2025-05-13T05:00,0.557,0.0,20.82
2025-05-13T06:00,0.554,0.0,20.74
2025-05-13T07:00,0.551,0.0,20.65
2025-05-13T08:00,0.548,0.0,20.57
2025-05-13T09:00,0.547,0.0,20.54
2025-05-13T10:00,0.545,0.0,20.49
2025-05-13T11:00,0.543,0.0,20.43
2025-05-13T12:00,0.543,0.0,20.43
2025-05-13T13:00,0.546,0.0,20.52
2025-05-13T14:00,0.548,0.0,20.57
2025-05-13T15:00,0.556,0.0,20.79
2025-05-13T16:00,0.556,0.0,20.79
2025-05-13T17:00,0.552,0.0,20.68
2025-05-13T18:00,0.554,0.0,20.74
2025-05-13T19:00,0.558,0.0,20.85
2025-05-13T20:00,0.559,0.0,20.87
2025-05-13T21:00,0.56,0.0,20.9
2025-05-13T22:00,0.562,0.0,20.96
2025-05-13T23:00,0.563,0.0,20.98
2025-05-14T00:00,0.564,0.0,21.01
2025-05-14T01:00,0.567,0.0,21.09
2025-05-14T02:00,0.569,0.0,21.15
2025-05-14T03:00,0.57,0.0,21.18
2025-05-14T04:00,0.569,0.0,21.15
2025-05-14T05:00,0.569,0.0,21.15
2025-05-14T06:00,0.568,0.0,21.12
2025-05-14T07:00,0.568,0.0,21.12
2025-05-14T08:00,0.567,0.0,21.09
2025-05-14T09:00,0.566,0.0,21.07
2025-05-14T10:00,0.568,0.0,21.12
2025-05-14T11:00,0.563,0.0,20.98
2025-05-14T12:00,0.572,0.0,21.23
2025-05-14T13:00,0.55,0.0,20.63
2025-05-14T14:00,0.567,0.0,21.09
2025-05-14T15:00,0.566,0.0,21.07
2025-05-14T16:00,0.564,0.0,21.01
2025-05-14T17:00,0.563,0.0,20.98
2025-05-14T18:00,0.562,0.0,20.96
2025-05-14T19:00,0.56,0.0,20.9
2025-05-14T20:00,0.557,0.0,20.82
2025-05-14T21:00,0.557,0.0,20.82
2025-05-14T22:00,0.556,0.0,20.79
2025-05-14T23:00,0.556,0.0,20.79
2025-05-15T00:00,0.555,0.0,20.76
2025-05-15T01:00,0.553,0.0,20.71
2025-05-15T02:00,0.554,0.0,20.74
2025-05-15T03:00,0.555,0.0,20.76
2025-05-15T04:00,0.556,0.0,20.79
2025-05-15T05:00,0.556,0.0,20.79
2025-05-15T06:00,0.556,0.0,20.79
2025-05-15T07:00,0.554,0.0,20.74
2025-05-15T08:00,0.553,0.0,20.71
2025-05-15T09:00,0.554,0.0,20.74
2025-05-15T10:00,0.554,0.0,20.74
2025-05-15T11:00,0.552,0.0,20.68
2025-05-15T12:00,0.542,0.0,20.41
2025-05-15T13:00,0.552,0.0,20.68
2025-05-15T14:00,0.547,0.0,20.54
2025-05-15T15:00,0.547,0.0,20.54
2025-05-15T16:00,0.541,0.0,20.38
2025-05-15T17:00,0.539,0.0,20.32
2025-05-15T18:00,0.535,0.0,20.21
2025-05-15T19:00,0.538,0.0,20.3
2025-05-15T20:00,0.536,0.0,20.24
2025-05-15T21:00,0.536,0.0,20.24
2025-05-15T22:00,0.535,0.0,20.21
2025-05-15T23:00,0.534,0.0,20.19
2025-05-16T00:00,0.533,0.0,20.16
2025-05-16T01:00,0.534,0.0,20.19
2025-05-16T02:00,0.533,0.0,20.16
2025-05-16T03:00,0.534,0.0,20.19
2025-05-16T04:00,0.535,0.0,20.21
2025-05-16T05:00,0.535,0.0,20.21
2025-05-16T06:00,0.537,0.0,20.27
2025-05-16T07:00,0.54,0.0,20.35
2025-05-16T08:00,0.54,0.0,20.35
2025-05-16T09:00,0.543,0.0,20.43
2025-05-16T10:00,0.546,0.0,20.52
2025-05-16T11:00,0.546,0.0,20.52
2025-05-16T12:00,0.549,0.0,20.6
2025-05-16T13:00,0.532,0.0,20.13
2025-05-16T14:00,0.529,0.0,20.05
2025-05-16T15:00,0.54,0.0,20.35
2025-05-16T16:00,0.539,0.0,20.32
2025-05-16T17:00,0.532,0.0,20.13
2025-05-16T18:00,0.527,0.0,19.99
2025-05-16T19:00,0.524,0.0,19.91
2025-05-16T20:00,0.521,0.0,19.83
2025-05-16T21:00,0.519,0.0,19.77
2025-05-16T22:00,0.517,0.0,19.72
2025-05-16T23:00,0.516,0.0,19.69
2025-05-17T00:00,0.517,0.0,19.72
2025-05-17T01:00,0.517,0.0,19.72
2025-05-17T02:00,0.517,0.0,19.72
2025-05-17T03:00,0.52,0.0,19.8
2025-05-17T04:00,0.522,0.0,19.86
2025-05-17T05:00,0.524,0.0,19.91
2025-05-17T06:00,0.525,0.0,19.94
2025-05-17T07:00,0.525,0.0,19.94
2025-05-17T08:00,0.528,0.0,20.02
2025-05-17T09:00,0.529,0.0,20.05
2025-05-17T10:00,0.531,0.0,20.1
2025-05-17T11:00,0.535,0.0,20.21
2025-05-17T12:00,0.525,0.0,19.94
2025-05-17T13:00,0.538,0.0,20.3
2025-05-17T14:00,0.518,0.0,19.75
2025-05-17T15:00,0.53,0.0,20.08
2025-05-17T16:00,0.534,0.0,20.19
2025-05-17T17:00,0.53,0.0,20.08
2025-05-17T18:00,0.528,0.0,20.02
2025-05-17T19:00,0.527,0.0,19.99
2025-05-17T20:00,0.526,0.0,19.97
2025-05-17T21:00,0.524,0.0,19.91
2025-05-17T22:00,0.521,0.0,19.83
2025-05-17T23:00,0.52,0.0,19.8
2025-05-18T00:00,0.518,0.0,19.75
2025-05-18T01:00,0.517,0.0,19.72
2025-05-18T02:00,0.516,0.0,19.69
2025-05-18T03:00,0.515,0.0,19.66
2025-05-18T04:00,0.512,0.0,19.58
2025-05-18T05:00,0.51,0.0,19.53
2025-05-18T06:00,0.509,0.0,19.5
2025-05-18T07:00,0.508,0.0,19.47
2025-05-18T08:00,0.505,0.0,19.39
2025-05-18T09:00,0.506,0.0,19.42
2025-05-18T10:00,0.508,0.0,19.47
2025-05-18T11:00,0.512,0.0,19.58
2025-05-18T12:00,0.518,0.0,19.75
2025-05-18T13:00,0.495,0.0,19.11
2025-05-18T14:00,0.508,0.0,19.47
2025-05-18T15:00,0.499,0.0,19.22
2025-05-18T16:00,0.5,0.0,19.25
2025-05-18T17:00,0.516,0.0,19.69
2025-05-18T18:00,0.52,0.0,19.8
2025-05-18T19:00,0.523,0.0,19.88
2025-05-18T20:00,0.525,0.0,19.94
2025-05-18T21:00,0.517,0.0,19.72
2025-05-18T22:00,0.53,0.0,20.08
2025-05-18T23:00,0.521,2.8,19.83
2025-05-19T00:00,0.583,4.4,21.53
2025-05-19T01:00,0.576,0.0,21.34
2025-05-19T02:00,0.572,0.0,21.23
2025-05-19T03:00,0.578,0.0,21.4
2025-05-19T04:00,0.584,0.2,21.56
2025-05-19T05:00,0.585,0.0,21.59
2025-05-19T06:00,0.584,0.0,21.56
2025-05-19T07:00,0.582,0.0,21.51
2025-05-19T08:00,0.579,0.0,21.42
2025-05-19T09:00,0.575,0.0,21.31
2025-05-19T10:00,0.572,0.0,21.23
2025-05-19T11:00,0.57,0.0,21.18
2025-05-19T12:00,0.566,0.0,21.07
2025-05-19T13:00,0.563,0.0,20.98
2025-05-19T14:00,0.563,0.0,20.98
2025-05-19T15:00,0.559,0.0,20.87
2025-05-19T16:00,0.561,0.0,20.93
2025-05-19T17:00,0.558,0.0,20.85
2025-05-19T18:00,0.551,0.0,20.65
2025-05-19T19:00,0.544,0.4,20.46
2025-05-19T20:00,0.601,7.8,22.04
2025-05-19T21:00,0.59,0.2,21.73
2025-05-19T22:00,0.583,0.0,21.53
2025-05-19T23:00,0.584,1.2,21.56
2025-05-20T00:00,0.582,0.0,21.51
2025-05-20T01:00,0.58,0.0,21.45
2025-05-20T02:00,0.577,0.0,21.37
2025-05-20T03:00,0.576,0.0,21.34
2025-05-20T04:00,0.574,0.2,21.29
2025-05-20T05:00,0.572,0.0,21.23
2025-05-20T06:00,0.571,0.0,21.2
2025-05-20T07:00,0.568,0.0,21.12
2025-05-20T08:00,0.568,0.0,21.12
2025-05-20T09:00,0.566,0.0,21.07
2025-05-20T10:00,0.567,0.0,21.09
2025-05-20T11:00,0.56,0.0,20.9
2025-05-20T12:00,0.565,0.0,21.04
2025-05-20T13:00,0.56,0.0,20.9
2025-05-20T14:00,0.553,0.0,20.71
2025-05-20T15:00,0.561,0.0,20.93
2025-05-20T16:00,0.559,0.0,20.87
2025-05-20T17:00,0.56,0.0,20.9
2025-05-20T18:00,0.556,0.0,20.79
2025-05-20T19:00,0.555,0.0,20.76
2025-05-20T20:00,0.553,0.0,20.71
2025-05-20T21:00,0.553,0.0,20.71
2025-05-20T22:00,0.552,0.0,20.68
2025-05-20T23:00,0.552,0.0,20.68
2025-05-21T00:00,0.551,0.0,20.65
2025-05-21T01:00,0.55,0.0,20.63
2025-05-21T02:00,0.551,0.0,20.65
2025-05-21T03:00,0.553,0.0,20.71
2025-05-21T04:00,0.554,0.0,20.74
2025-05-21T05:00,0.555,0.0,20.76
2025-05-21T06:00,0.558,0.0,20.85
2025-05-21T07:00,0.559,0.0,20.87
2025-05-21T08:00,0.561,0.0,20.93
2025-05-21T09:00,0.563,0.0,20.98
2025-05-21T10:00,0.564,0.0,21.01
2025-05-21T11:00,0.566,0.0,21.07
2025-05-21T12:00,0.57,0.0,21.18
2025-05-21T13:00,0.571,0.0,21.2
2025-05-21T14:00,0.57,0.0,21.18
2025-05-21T15:00,0.572,0.0,21.23
2025-05-21T16:00,0.573,0.0,21.26
2025-05-21T17:00,0.571,0.0,21.2
2025-05-21T18:00,0.569,0.0,21.15
2025-05-21T20:00,0.703,0.8,25.61
2025-05-21T21:00,0.678,0.6,24.73
2025-05-21T22:00,0.675,0.2,24.63
2025-05-21T23:00,0.666,0.2,24.31
2025-05-22T00:00,0.654,0.0,23.89
2025-05-22T01:00,0.642,0.0,23.47
2025-05-22T02:00,0.633,0.0,23.16
2025-05-22T03:00,0.625,0.2,22.88
2025-05-22T04:00,0.606,2.0,22.21
2025-05-22T05:00,0.622,0.4,22.77
2025-05-22T06:00,0.619,0.0,22.67
2025-05-22T07:00,0.617,0.0,22.6
2025-05-22T08:00,0.617,0.0,22.6
2025-05-22T09:00,0.618,0.0,22.63
2025-05-22T10:00,0.618,0.0,22.63
2025-05-22T11:00,0.619,0.2,22.67
2025-05-22T12:00,0.614,5.6,22.49
2025-05-22T13:00,0.654,0.6,23.89
2025-05-22T14:00,0.653,0.0,23.86
2025-05-22T15:00,0.655,0.0,23.93
2025-05-22T16:00,0.658,0.0,24.03
2025-05-22T17:00,0.661,1.2,24.14
2025-05-22T18:00,0.669,0.2,24.42
2025-05-22T19:00,0.67,0.0,24.45
2025-05-22T20:00,0.673,0.2,24.56
2025-05-22T21:00,0.676,0.0,24.66
2025-05-22T22:00,0.673,2.0,24.56
2025-05-22T23:00,0.688,0.2,25.08
2025-05-23T00:00,0.689,0.0,25.12
2025-05-23T01:00,0.691,0.0,25.19
2025-05-23T02:00,0.69,0.0,25.15
2025-05-23T03:00,0.69,0.2,25.15
2025-05-23T04:00,0.691,0.0,25.19
2025-05-23T05:00,0.689,0.0,25.12
2025-05-23T06:00,0.688,0.0,25.08
2025-05-23T07:00,0.688,0.0,25.08
2025-05-23T08:00,0.687,0.0,25.05
2025-05-23T09:00,0.686,0.0,25.01
2025-05-23T10:00,0.687,0.0,25.05
2025-05-23T11:00,0.689,0.0,25.12
2025-05-23T12:00,0.69,0.0,25.15
2025-05-23T13:00,0.692,0.0,25.22
2025-05-23T14:00,0.696,0.0,25.36
2025-05-23T15:00,0.7,0.0,25.5
2025-05-23T16:00,0.706,0.0,25.71
2025-05-23T17:00,0.712,0.0,25.92
2025-05-23T18:00,0.718,0.0,26.13
2025-05-23T19:00,0.725,0.0,26.38
2025-05-23T20:00,0.731,0.0,26.59
2025-05-23T21:00,0.736,0.0,26.76
2025-05-23T22:00,0.742,0.0,26.97
2025-05-23T23:00,0.746,0.0,27.11
2025-05-24T00:00,0.752,0.0,27.32
2025-05-24T01:00,0.758,0.0,27.53
2025-05-24T02:00,0.762,0.0,27.67
2025-05-24T03:00,0.768,0.0,27.88
2025-05-24T04:00,0.772,0.0,28.02
2025-05-24T05:00,0.776,0.0,28.16
2025-05-24T06:00,0.78,0.0,28.3
2025-05-24T07:00,0.785,0.0,28.48
2025-05-24T08:00,0.787,0.0,28.55
2025-05-24T09:00,0.793,0.0,28.76
2025-05-24T10:00,0.796,0.0,28.86
2025-05-24T11:00,0.8,0.0,29.0
2025-05-24T13:00,0.804,0.0,29.14
2025-05-24T14:00,0.807,0.0,29.25
2025-05-24T15:00,0.807,0.0,29.25
2025-05-24T16:00,0.806,0.0,29.21
2025-05-24T17:00,0.807,0.0,29.25
2025-05-24T18:00,0.806,0.0,29.21
2025-05-24T19:00,0.806,0.0,29.21
2025-05-24T20:00,0.805,0.0,29.18
2025-05-24T21:00,0.804,0.0,29.14
2025-05-24T22:00,0.803,0.0,29.11
2025-05-24T23:00,0.801,0.0,29.04
2025-05-25T00:00,0.798,0.0,28.93
2025-05-25T01:00,0.797,0.0,28.9
2025-05-25T02:00,0.797,0.0,28.9
2025-05-25T03:00,0.796,0.0,28.86
2025-05-25T04:00,0.795,0.0,28.83
2025-05-25T05:00,0.793,0.0,28.76
2025-05-25T06:00,0.79,0.0,28.65
2025-05-25T07:00,0.788,0.0,28.58
2025-05-25T08:00,0.785,0.0,28.48
2025-05-25T09:00,0.783,0.0,28.41
2025-05-25T10:00,0.783,0.0,28.41
2025-05-25T11:00,0.778,0.0,28.23
2025-05-25T12:00,0.767,0.0,27.85
2025-05-25T13:00,0.771,0.0,27.99
2025-05-25T14:00,0.778,0.0,28.23
2025-05-25T15:00,0.775,0.0,28.13
2025-05-25T16:00,0.774,0.0,28.09
2025-05-25T17:00,0.772,0.0,28.02
2025-05-25T18:00,0.769,0.0,27.92
2025-05-25T19:00,0.765,0.0,27.78
2025-05-25T20:00,0.762,0.0,27.67
2025-05-25T21:00,0.761,0.0,27.64
2025-05-25T22:00,0.76,0.0,27.6
2025-05-25T23:00,0.758,0.0,27.53
2025-05-26T00:00,0.756,0.0,27.46
2025-05-26T01:00,0.756,0.0,27.46
2025-05-26T02:00,0.753,0.0,27.36
2025-05-26T03:00,0.751,0.0,27.29
2025-05-26T04:00,0.75,0.0,27.25
2025-05-26T05:00,0.746,0.0,27.11
2025-05-26T06:00,0.744,0.0,27.04
2025-05-26T07:00,0.742,0.0,26.97
2025-05-26T08:00,0.74,0.0,26.9
2025-05-26T09:00,0.738,0.0,26.83
2025-05-26T10:00,0.722,0.0,26.27
2025-05-26T11:00,0.733,0.0,26.66
2025-05-26T12:00,0.732,0.0,26.62
2025-05-26T13:00,0.713,0.0,25.96
2025-05-26T14:00,0.723,0.0,26.31
2025-05-26T15:00,0.725,0.0,26.38
2025-05-26T16:00,0.716,0.0,26.06
2025-05-26T17:00,0.71,0.0,25.85
2025-05-26T18:00,0.703,0.0,25.61
2025-05-26T19:00,0.698,0.0,25.43
2025-05-26T20:00,0.693,0.0,25.26
2025-05-26T21:00,0.688,0.0,25.08
2025-05-26T22:00,0.683,0.0,24.91
2025-05-26T23:00,0.678,0.0,24.73
2025-05-27T00:00,0.674,0.0,24.59
2025-05-27T01:00,0.671,0.0,24.49
2025-05-27T02:00,0.668,0.0,24.38
2025-05-27T03:00,0.667,0.0,24.35
2025-05-27T04:00,0.666,0.0,24.31
2025-05-27T05:00,0.664,0.0,24.24
2025-05-27T06:00,0.662,0.0,24.17
2025-05-27T07:00,0.659,0.0,24.07
2025-05-27T08:00,0.656,0.0,23.96
2025-05-27T09:00,0.656,0.0,23.96
2025-05-27T10:00,0.658,0.0,24.03
2025-05-27T11:00,0.655,0.0,23.93
2025-05-27T12:00,0.639,0.0,23.37
2025-05-27T13:00,0.631,0.0,23.09
2025-05-27T14:00,0.64,0.0,23.4
2025-05-27T15:00,0.63,0.0,23.05
2025-05-27T16:00,0.637,0.0,23.3
2025-05-27T17:00,0.644,0.0,23.54
2025-05-27T18:00,0.639,0.0,23.37
2025-05-27T19:00,0.637,0.0,23.3
2025-05-27T20:00,0.636,0.0,23.26
2025-05-27T21:00,0.634,0.0,23.19
2025-05-27T22:00,0.631,0.0,23.09
2025-05-27T23:00,0.628,0.0,22.98
2025-05-28T00:00,0.627,0.0,22.95
2025-05-28T01:00,0.625,0.0,22.88
2025-05-28T02:00,0.622,0.0,22.77
2025-05-28T03:00,0.622,0.0,22.77
2025-05-28T04:00,0.621,0.0,22.74
2025-05-28T05:00,0.617,0.0,22.6
2025-05-28T06:00,0.616,0.0,22.56
2025-05-28T07:00,0.609,2.6,22.32
2025-05-28T08:00,0.608,1.6,22.28
2025-05-28T09:00,0.624,0.2,22.84
2025-05-28T10:00,0.622,0.0,22.77
2025-05-28T11:00,0.615,0.0,22.53
2025-05-28T12:00,0.605,0.0,22.18
2025-05-28T13:00,0.61,0.0,22.35
2025-05-28T14:00,0.597,0.2,21.92
2025-05-28T15:00,0.602,0.0,22.07
2025-05-28T16:00,0.597,0.8,21.92
2025-05-28T17:00,0.604,0.0,22.14
2025-05-28T18:00,0.601,0.0,22.04
2025-05-28T19:00,0.602,0.0,22.07
2025-05-28T20:00,0.604,0.0,22.14
2025-05-28T21:00,0.604,0.0,22.14
2025-05-28T22:00,0.62,0.0,22.7
2025-05-28T23:00,0.625,0.0,22.88
2025-05-29T00:00,0.623,0.0,22.81
2025-05-29T01:00,0.613,0.0,22.46
2025-05-29T02:00,0.631,0.0,23.09
2025-05-29T03:00,0.632,0.0,23.12
2025-05-29T04:00,0.635,0.0,23.23
2025-05-29T05:00,0.619,0.0,22.67
2025-05-29T06:00,0.625,0.0,22.88
2025-05-29T07:00,0.63,0.0,23.05
2025-05-29T08:00,0.619,0.0,22.67
2025-05-29T09:00,0.621,0.0,22.74
2025-05-29T10:00,0.617,0.0,22.6
2025-05-29T11:00,0.623,0.0,22.81
2025-05-29T12:00,0.635,0.0,23.23
2025-05-29T13:00,0.627,0.0,22.95
2025-05-29T14:00,0.627,0.0,22.95
2025-05-29T15:00,0.622,0.0,22.77
2025-05-29T16:00,0.621,0.0,22.74
2025-05-29T17:00,0.622,0.0,22.77
2025-05-29T18:00,0.628,0.0,22.98
2025-05-29T19:00,0.624,0.0,22.84
2025-05-29T20:00,0.63,0.0,23.05
2025-05-29T21:00,0.629,0.0,23.02
2025-05-29T22:00,0.628,0.0,22.98
2025-05-29T23:00,0.625,0.0,22.88
2025-05-30T00:00,0.623,0.0,22.81
2025-05-30T01:00,0.621,0.0,22.74
2025-05-30T02:00,0.618,0.0,22.63
2025-05-30T03:00,0.615,0.0,22.53
2025-05-30T04:00,0.613,0.0,22.46
2025-05-30T05:00,0.61,0.0,22.35
2025-05-30T06:00,0.608,0.0,22.28
2025-05-30T07:00,0.605,0.0,22.18
2025-05-30T08:00,0.602,0.0,22.07
2025-05-30T09:00,0.599,0.0,21.97
2025-05-30T10:00,0.597,0.0,21.92
2025-05-30T11:00,0.582,0.0,21.51
2025-05-30T12:00,0.591,0.0,21.75
2025-05-30T13:00,0.588,0.0,21.67
2025-05-30T14:00,0.587,0.0,21.64
2025-05-30T15:00,0.591,0.0,21.75
2025-05-30T16:00,0.589,0.0,21.7
2025-05-30T17:00,0.586,0.0,21.62
2025-05-30T18:00,0.576,0.0,21.34
2025-05-30T19:00,0.574,0.0,21.29
2025-05-30T20:00,0.574,0.0,21.29
2025-05-30T21:00,0.573,0.0,21.26
2025-05-30T22:00,0.572,0.0,21.23
2025-05-30T23:00,0.57,0.0,21.18
2025-05-31T00:00,0.569,0.0,21.15
2025-05-31T01:00,0.568,0.0,21.12
2025-05-31T02:00,0.567,0.0,21.09
2025-05-31T03:00,0.566,0.0,21.07
2025-05-31T04:00,0.565,0.0,21.04
2025-05-31T05:00,0.564,0.0,21.01
2025-05-31T06:00,0.563,0.0,20.98
2025-05-31T07:00,0.562,0.0,20.96
2025-05-31T08:00,0.559,0.0,20.87
2025-05-31T09:00,0.559,0.0,20.87
2025-05-31T10:00,0.558,0.0,20.85
2025-05-31T11:00,0.562,0.0,20.96
2025-05-31T12:00,0.562,0.0,20.96
2025-05-31T13:00,0.55,0.0,20.63
2025-05-31T14:00,0.545,0.0,20.49
2025-05-31T15:00,0.539,0.0,20.32
2025-05-31T16:00,0.549,0.0,20.6
2025-05-31T17:00,0.544,0.0,20.46
2025-05-31T18:00,0.542,0.0,20.41
2025-05-31T19:00,0.539,0.0,20.32
2025-05-31T20:00,0.537,0.0,20.27
2025-05-31T21:00,0.536,0.0,20.24
2025-05-31T22:00,0.534,0.0,20.19
2025-05-31T23:00,0.532,0.0,20.13
2025-06-01T00:00,0.53,0.0,20.08
2025-06-01T01:00,0.528,0.0,20.02
2025-06-01T02:00,0.529,0.0,20.05
2025-06-01T03:00,0.53,0.0,20.08
2025-06-01T04:00,0.531,0.0,20.1
2025-06-01T05:00,0.53,0.0,20.08
2025-06-01T06:00,0.531,0.0,20.1
2025-06-01T07:00,0.53,0.0,20.08
2025-06-01T08:00,0.53,0.0,20.08
2025-06-01T09:00,0.528,0.0,20.02
2025-06-01T10:00,0.528,0.0,20.02
2025-06-01T11:00,0.534,0.0,20.19
2025-06-01T12:00,0.533,0.0,20.16
2025-06-01T13:00,0.536,0.0,20.24
2025-06-01T14:00,0.536,0.0,20.24
2025-06-01T15:00,0.533,0.0,20.16
2025-06-01T16:00,0.528,0.0,20.02
2025-06-01T17:00,0.525,0.0,19.94
2025-06-01T18:00,0.521,0.0,19.83
2025-06-01T19:00,0.518,0.0,19.75
2025-06-01T20:00,0.515,0.0,19.66
2025-06-01T21:00,0.514,0.0,19.64
2025-06-01T22:00,0.513,0.0,19.61
2025-06-01T23:00,0.511,0.0,19.55
2025-06-02T00:00,0.509,0.0,19.5
2025-06-02T01:00,0.507,0.0,19.44
2025-06-02T02:00,0.504,0.0,19.36
2025-06-02T03:00,0.503,0.0,19.33
2025-06-02T04:00,0.501,0.0,19.28
2025-06-02T05:00,0.497,0.0,19.17
2025-06-02T06:00,0.495,0.0,19.11
2025-06-02T07:00,0.492,0.0,19.03
2025-06-02T08:00,0.489,0.0,18.95
2025-06-02T09:00,0.487,0.0,18.89
2025-06-02T10:00,0.487,0.0,18.89
2025-06-02T11:00,0.485,0.0,18.84
2025-06-02T12:00,0.484,0.0,18.81
2025-06-02T13:00,0.484,0.2,18.81
2025-06-02T14:00,0.483,0.0,18.78
2025-06-02T15:00,0.486,0.0,18.87
2025-06-02T16:00,0.486,0.0,18.87
2025-06-02T17:00,0.483,0.0,18.78
2025-06-02T18:00,0.484,0.0,18.81
2025-06-02T19:00,0.486,0.0,18.87
2025-06-02T20:00,0.487,0.0,18.89
2025-06-02T21:00,0.486,0.0,18.87
2025-06-02T22:00,0.488,0.0,18.92
2025-06-02T23:00,0.489,0.0,18.95
2025-06-03T00:00,0.491,0.0,19.0
2025-06-03T01:00,0.492,0.0,19.03
2025-06-03T02:00,0.496,0.0,19.14
2025-06-03T03:00,0.499,0.0,19.22
2025-06-03T04:00,0.504,0.0,19.36
2025-06-03T05:00,0.505,0.6,19.39
2025-06-03T06:00,0.543,9.8,20.43
2025-06-03T07:00,0.576,1.6,21.34
2025-06-03T08:00,0.568,0.2,21.12
2025-06-03T09:00,0.571,0.0,21.2
2025-06-03T10:00,0.571,0.0,21.2
2025-06-03T11:00,0.569,0.0,21.15
2025-06-03T12:00,0.563,0.0,20.98
2025-06-03T13:00,0.561,0.0,20.93
2025-06-03T14:00,0.553,0.0,20.71
2025-06-03T15:00,0.542,0.0,20.41
2025-06-03T16:00,0.55,0.0,20.63
2025-06-03T17:00,0.548,0.0,20.57
2025-06-03T18:00,0.545,0.0,20.49
2025-06-03T19:00,0.543,0.0,20.43
2025-06-03T20:00,0.541,0.0,20.38
2025-06-03T21:00,0.54,0.0,20.35
2025-06-03T22:00,0.54,0.0,20.35
2025-06-03T23:00,0.538,0.0,20.3
2025-06-04T00:00,0.537,0.0,20.27
2025-06-04T01:00,0.537,0.0,20.27
2025-06-04T02:00,0.535,0.0,20.21
2025-06-04T03:00,0.537,0.0,20.27
2025-06-04T04:00,0.538,0.0,20.3
2025-06-04T05:00,0.537,0.0,20.27
2025-06-04T06:00,0.536,0.0,20.24
2025-06-04T07:00,0.537,0.0,20.27
2025-06-04T08:00,0.538,0.0,20.3
2025-06-04T09:00,0.54,0.0,20.35
2025-06-04T10:00,0.544,0.0,20.46
2025-06-04T11:00,0.546,0.0,20.52
2025-06-04T12:00,0.548,0.0,20.57
2025-06-04T13:00,0.546,0.0,20.52
2025-06-04T14:00,0.536,0.0,20.24
2025-06-04T15:00,0.541,0.0,20.38
2025-06-04T16:00,0.552,0.0,20.68
2025-06-04T17:00,0.553,0.0,20.71
2025-06-04T18:00,0.555,0.0,20.76
2025-06-04T19:00,0.555,0.0,20.76
2025-06-04T20:00,0.556,0.0,20.79
2025-06-04T21:00,0.557,0.0,20.82
2025-06-04T22:00,0.558,0.0,20.85
2025-06-04T23:00,0.568,2.6,21.12
2025-06-05T00:00,0.567,0.0,21.09
2025-06-05T01:00,0.566,0.2,21.07
2025-06-05T02:00,0.564,1.8,21.01
2025-06-05T03:00,0.579,1.4,21.42
2025-06-05T04:00,0.577,0.0,21.37
2025-06-05T05:00,0.575,0.4,21.31
2025-06-05T06:00,0.601,11.2,22.04
2025-06-05T07:00,0.783,14.8,28.41
2025-06-05T08:00,0.776,4.0,28.16
2025-06-05T09:00,0.813,2.0,29.46
2025-06-05T10:00,0.816,1.2,29.56
2025-06-05T11:00,0.816,0.6,29.56
2025-06-05T12:00,0.814,0.6,29.49
2025-06-05T13:00,0.814,0.0,29.49
2025-06-05T14:00,0.819,0.0,29.67
2025-06-05T15:00,0.829,0.0,30.02
2025-06-05T16:00,0.84,0.2,30.4
2025-06-05T17:00,0.852,0.2,30.82
2025-06-05T18:00,0.862,0.0,31.17
2025-06-05T19:00,0.869,0.0,31.42
2025-06-05T20:00,0.875,0.0,31.63
2025-06-05T21:00,0.881,0.0,31.84
2025-06-05T22:00,0.886,0.0,32.01
2025-06-05T23:00,0.892,0.0,32.22
2025-06-06T00:00,0.897,0.0,32.4
2025-06-06T01:00,0.904,0.0,32.64
2025-06-06T02:00,0.912,0.0,32.92
2025-06-06T03:00,0.923,0.0,33.31
2025-06-06T04:00,0.936,0.0,33.76
2025-06-06T05:00,0.951,0.0,34.29
2025-06-06T06:00,0.973,0.0,35.06
2025-06-06T07:00,1.0,0.0,36.0
2025-06-06T08:00,1.033,0.0,37.4
2025-06-06T09:00,1.069,0.0,38.93
2025-06-06T10:00,1.102,0.0,40.34
2025-06-06T11:00,1.139,0.0,41.91
2025-06-06T12:00,1.18,0.0,43.65
2025-06-06T13:00,1.221,0.0,45.45
2025-06-06T14:00,1.248,0.0,46.66
2025-06-06T15:00,1.282,0.0,48.19
2025-06-06T16:00,1.307,0.0,49.32
2025-06-06T17:00,1.328,0.0,50.26
2025-06-06T18:00,1.339,0.0,50.76
2025-06-06T19:00,1.357,0.0,51.57
2025-06-06T20:00,1.375,0.0,52.38
2025-06-06T21:00,1.382,0.0,52.69
2025-06-06T22:00,1.398,0.0,53.41
2025-06-06T23:00,1.405,0.0,53.73
2025-06-07T00:00,1.412,0.0,54.04
2025-06-07T01:00,1.415,0.0,54.18
2025-06-07T02:00,1.416,0.0,54.22
2025-06-07T03:00,1.419,0.0,54.36
2025-06-07T04:00,1.413,0.0,54.09
2025-06-07T05:00,1.409,0.0,53.91
2025-06-07T06:00,1.411,0.0,54.0
2025-06-07T07:00,1.399,0.0,53.46
2025-06-07T08:00,1.393,0.0,53.19
2025-06-07T09:00,1.383,0.0,52.74
2025-06-07T10:00,1.376,0.0,52.42
2025-06-07T12:00,1.364,0.0,51.88
2025-06-07T13:00,1.358,0.0,51.61
2025-06-07T14:00,1.349,0.0,51.21
2025-06-07T15:00,1.342,0.0,50.89
2025-06-07T16:00,1.332,0.0,50.44
2025-06-07T17:00,1.324,0.0,50.08
2025-06-07T18:00,1.318,0.0,49.81
2025-06-07T19:00,1.307,0.0,49.32
2025-06-07T20:00,1.301,0.0,49.05
2025-06-07T21:00,1.286,6.6,48.37
2025-06-07T22:00,1.305,0.4,49.23
2025-06-07T23:00,1.292,0.0,48.64
2025-06-08T00:00,1.282,0.0,48.19
2025-06-08T01:00,1.271,0.6,47.7
2025-06-08T02:00,1.322,13.6,49.99
2025-06-08T03:00,1.322,1.8,49.99
2025-06-08T04:00,1.317,1.4,49.77
2025-06-08T05:00,1.308,0.0,49.36
2025-06-08T06:00,1.298,0.0,48.91
2025-06-08T07:00,1.287,0.0,48.42
2025-06-08T08:00,1.278,0.0,48.01
2025-06-08T09:00,1.27,0.0,47.65
2025-06-08T10:00,1.264,0.0,47.38
2025-06-08T11:00,1.254,0.0,46.93
2025-06-08T12:00,1.235,0.0,46.08
2025-06-08T13:00,1.247,0.0,46.62
2025-06-08T14:00,1.233,0.0,45.99
2025-06-08T15:00,1.238,0.0,46.21
2025-06-08T16:00,1.233,0.0,45.99
2025-06-08T17:00,1.225,0.0,45.63
2025-06-08T18:00,1.218,0.0,45.31
2025-06-08T19:00,1.214,0.0,45.13
2025-06-08T20:00,1.212,0.0,45.04
2025-06-08T21:00,1.21,0.0,44.95
2025-06-08T22:00,1.209,0.0,44.91
2025-06-08T23:00,1.209,0.0,44.91
2025-06-09T00:00,1.209,0.0,44.91
2025-06-09T01:00,1.215,0.0,45.18
2025-06-09T02:00,1.22,0.0,45.4
2025-06-09T03:00,1.229,0.0,45.81
2025-06-09T04:00,1.24,0.0,46.3
2025-06-09T05:00,1.251,0.0,46.8
2025-06-09T06:00,1.265,0.0,47.43
2025-06-09T07:00,1.279,0.0,48.06
2025-06-09T08:00,1.297,0.0,48.87
2025-06-09T09:00,1.313,0.0,49.59
2025-06-09T10:00,1.327,0.0,50.22
2025-06-09T11:00,1.341,0.2,50.85
2025-06-09T12:00,1.365,0.4,51.93
2025-06-09T13:00,1.376,0.0,52.42
2025-06-09T14:00,1.392,0.0,53.14
2025-06-09T15:00,1.408,0.0,53.86
2025-06-09T16:00,1.419,0.0,54.36
2025-06-09T17:00,1.43,0.0,54.85
2025-06-09T18:00,1.443,0.0,55.44
2025-06-09T19:00,1.448,0.0,55.66
2025-06-09T20:00,1.46,0.0,56.2
2025-06-09T21:00,1.464,0.0,56.38
2025-06-09T22:00,1.474,1.2,56.83
2025-06-09T23:00,1.474,0.0,56.83
2025-06-10T00:00,1.477,0.0,56.97
2025-06-10T01:00,1.479,0.0,57.06
2025-06-10T02:00,1.477,0.0,56.97
2025-06-10T03:00,1.476,0.0,56.92
2025-06-10T04:00,1.471,0.0,56.7
2025-06-10T05:00,1.467,0.0,56.52
2025-06-10T06:00,1.461,0.0,56.25
2025-06-10T07:00,1.456,0.0,56.02
2025-06-10T08:00,1.447,0.0,55.62
2025-06-10T09:00,1.442,0.0,55.39
2025-06-10T10:00,1.437,0.0,55.17
2025-06-10T11:00,1.43,0.0,54.85
2025-06-10T12:00,1.419,0.0,54.36
2025-06-10T13:00,1.413,0.0,54.09
2025-06-10T14:00,1.401,0.0,53.55
2025-06-10T15:00,1.397,0.0,53.37
2025-06-10T16:00,1.39,0.0,53.05
2025-06-10T17:00,1.382,0.0,52.69
2025-06-10T18:00,1.375,0.0,52.38
2025-06-10T19:00,1.363,0.0,51.84
2025-06-10T20:00,1.351,0.0,51.3
2025-06-10T21:00,1.349,0.0,51.21
2025-06-10T22:00,1.343,0.0,50.94
2025-06-10T23:00,1.341,0.0,50.85
2025-06-11T00:00,1.326,0.0,50.17
2025-06-11T01:00,1.33,0.0,50.35
2025-06-11T02:00,1.321,0.0,49.95
2025-06-11T03:00,1.318,0.0,49.81
2025-06-11T04:00,1.31,0.0,49.45
2025-06-11T05:00,1.313,0.0,49.59
2025-06-11T06:00,1.308,0.0,49.36
2025-06-11T07:00,1.308,0.0,49.36
2025-06-11T08:00,1.307,0.0,49.32
2025-06-11T09:00,1.306,0.0,49.27
2025-06-11T10:00,1.308,0.0,49.36
2025-06-11T11:00,1.306,0.0,49.27
2025-06-11T12:00,1.315,0.0,49.68
2025-06-11T13:00,1.315,0.0,49.68
2025-06-11T14:00,1.31,0.0,49.45
2025-06-11T15:00,1.309,0.0,49.41
2025-06-11T16:00,1.305,0.0,49.23
2025-06-11T17:00,1.296,0.0,48.82
2025-06-11T18:00,1.287,0.0,48.42
2025-06-11T19:00,1.283,0.0,48.24
2025-06-11T20:00,1.279,0.0,48.06
2025-06-11T21:00,1.273,0.0,47.79
2025-06-11T22:00,1.267,0.0,47.52
2025-06-11T23:00,1.262,0.0,47.29
2025-06-12T00:00,1.258,0.0,47.11
2025-06-12T01:00,1.252,0.0,46.84
2025-06-12T02:00,1.247,0.0,46.62
2025-06-12T03:00,1.24,0.0,46.3
2025-06-12T04:00,1.234,0.0,46.03
2025-06-12T05:00,1.226,0.0,45.67
2025-06-12T06:00,1.22,0.0,45.4
2025-06-12T07:00,1.213,0.0,45.09
2025-06-12T08:00,1.205,0.0,44.73
2025-06-12T09:00,1.197,0.0,44.37
2025-06-12T10:00,1.191,0.0,44.12
2025-06-12T11:00,1.182,0.0,43.74
2025-06-12T12:00,1.174,0.0,43.4
2025-06-12T13:00,1.168,0.0,43.14
2025-06-12T14:00,1.161,0.0,42.84
2025-06-12T15:00,1.153,0.0,42.5
2025-06-12T16:00,1.146,0.0,42.21
2025-06-12T17:00,1.137,0.0,41.82
2025-06-12T18:00,1.13,0.0,41.53
2025-06-12T19:00,1.122,0.0,41.19
2025-06-12T20:00,1.114,0.0,40.85
2025-06-12T21:00,1.11,0.0,40.68
2025-06-12T22:00,1.105,0.0,40.46
2025-06-12T23:00,1.099,0.0,40.21
2025-06-13T00:00,1.094,0.0,40.0
2025-06-13T01:00,1.088,0.0,39.74
2025-06-13T02:00,1.084,0.0,39.57
2025-06-13T03:00,1.081,0.0,39.44
2025-06-13T04:00,1.077,0.0,39.27
2025-06-13T05:00,1.072,0.0,39.06
2025-06-13T06:00,1.068,0.0,38.89
2025-06-13T07:00,1.062,0.0,38.64
2025-06-13T08:00,1.059,0.0,38.51
2025-06-13T09:00,1.054,0.0,38.3
2025-06-13T10:00,1.051,0.0,38.17
2025-06-13T11:00,1.047,0.2,38.0
2025-06-13T12:00,1.049,0.0,38.08
2025-06-13T13:00,1.043,0.0,37.83
2025-06-13T14:00,1.04,0.0,37.7
2025-06-13T15:00,1.038,0.0,37.62
2025-06-13T16:00,1.034,0.0,37.45
2025-06-13T17:00,1.027,0.0,37.15
2025-06-13T18:00,1.018,0.0,36.77
2025-06-13T19:00,1.013,0.0,36.55
2025-06-13T20:00,1.008,0.0,36.34
2025-06-13T21:00,1.003,0.0,36.13
2025-06-13T22:00,1.0,0.0,36.0
2025-06-13T23:00,0.994,0.0,35.79
2025-06-14T00:00,0.989,0.0,35.62
2025-06-14T01:00,0.984,0.0,35.44
2025-06-14T02:00,0.979,0.0,35.27
2025-06-14T03:00,0.975,0.0,35.13
2025-06-14T04:00,0.97,0.0,34.95
2025-06-14T05:00,0.967,0.0,34.85
2025-06-14T06:00,0.962,0.0,34.67
2025-06-14T07:00,0.961,0.0,34.64
2025-06-14T08:00,0.96,0.0,34.6
2025-06-14T09:00,0.956,0.0,34.46
2025-06-14T10:00,0.956,0.0,34.46
2025-06-14T11:00,0.951,0.0,34.29
2025-06-14T12:00,0.955,0.0,34.43
2025-06-14T13:00,0.953,0.0,34.36
2025-06-14T14:00,0.949,0.0,34.22
2025-06-14T15:00,0.944,0.0,34.04
2025-06-14T16:00,0.938,0.0,33.83
2025-06-14T17:00,0.933,0.0,33.66
2025-06-14T18:00,0.925,0.0,33.38
2025-06-14T19:00,0.922,0.0,33.27
2025-06-14T20:00,0.917,0.0,33.1
2025-06-14T21:00,0.913,0.0,32.96
2025-06-14T22:00,0.909,0.0,32.82
2025-06-14T23:00,0.905,0.0,32.68
2025-06-15T00:00,0.901,0.0,32.54
2025-06-15T01:00,0.897,0.0,32.4
2025-06-15T02:00,0.892,0.0,32.22
2025-06-15T03:00,0.89,0.0,32.15
2025-06-15T04:00,0.887,0.0,32.05
2025-06-15T05:00,0.877,1.4,31.7
2025-06-15T06:00,0.882,4.2,31.87
2025-06-15T07:00,0.926,8.0,33.41
2025-06-15T08:00,0.933,1.6,33.66
2025-06-15T09:00,0.945,1.0,34.08
2025-06-15T10:00,0.947,0.0,34.15
2025-06-15T11:00,0.945,0.0,34.08
2025-06-15T12:00,0.93,0.0,33.55
2025-06-15T13:00,0.914,0.0,32.99
2025-06-15T14:00,0.922,0.0,33.27
2025-06-15T15:00,0.924,0.0,33.34
2025-06-15T16:00,0.923,0.0,33.31
2025-06-15T17:00,0.921,0.0,33.24
2025-06-15T18:00,0.918,0.0,33.13
2025-06-15T19:00,0.916,0.0,33.06
2025-06-15T20:00,0.914,0.0,32.99
2025-06-15T21:00,0.915,0.0,33.03
2025-06-15T22:00,0.917,0.0,33.1
2025-06-15T23:00,0.917,0.0,33.1
2025-06-16T00:00,0.916,0.0,33.06
2025-06-16T01:00,0.916,0.0,33.06
2025-06-16T02:00,0.917,0.0,33.1
2025-06-16T03:00,0.921,0.0,33.24
2025-06-16T04:00,0.921,0.0,33.24
2025-06-16T05:00,0.923,0.0,33.31
2025-06-16T06:00,0.923,0.0,33.31
2025-06-16T07:00,0.926,0.0,33.41
2025-06-16T08:00,0.927,0.0,33.45
2025-06-16T09:00,0.929,0.0,33.52
2025-06-16T10:00,0.932,0.0,33.62
2025-06-16T11:00,0.937,0.0,33.8
2025-06-16T12:00,0.941,0.0,33.94
2025-06-16T13:00,0.945,0.0,34.08
2025-06-16T14:00,0.948,0.0,34.18
2025-06-16T15:00,0.954,0.0,34.39
2025-06-16T16:00,0.958,0.0,34.53
2025-06-16T17:00,0.963,0.0,34.71
2025-06-16T18:00,0.97,0.0,34.95
2025-06-16T19:00,0.975,0.0,35.13
2025-06-16T20:00,0.981,0.0,35.34
2025-06-16T21:00,0.988,0.0,35.58
2025-06-16T22:00,0.995,0.0,35.83
2025-06-16T23:00,1.001,0.0,36.04
2025-06-17T00:00,1.006,0.0,36.26
2025-06-17T01:00,1.009,0.0,36.38
2025-06-17T02:00,1.016,0.0,36.68
2025-06-17T03:00,1.023,0.0,36.98
2025-06-17T04:00,1.027,0.0,37.15
2025-06-17T05:00,1.03,0.0,37.28
2025-06-17T06:00,1.034,0.0,37.45
2025-06-17T07:00,1.036,0.0,37.53
2025-06-17T08:00,1.038,0.0,37.62
2025-06-17T09:00,1.041,0.0,37.74
2025-06-17T10:00,1.043,0.0,37.83
2025-06-17T11:00,1.033,0.0,37.4
2025-06-17T12:00,1.039,0.0,37.66
2025-06-17T13:00,1.032,0.0,37.36
2025-06-17T14:00,1.021,0.0,36.89
2025-06-17T15:00,1.029,0.0,37.23
2025-06-17T16:00,1.031,0.0,37.32
2025-06-17T17:00,1.022,0.0,36.94
2025-06-17T18:00,1.013,0.0,36.55
2025-06-17T19:00,1.008,0.0,36.34
2025-06-17T20:00,1.002,0.0,36.09
2025-06-17T21:00,0.997,0.0,35.9
2025-06-17T22:00,0.994,0.0,35.79
2025-06-17T23:00,0.99,0.0,35.65
2025-06-18T00:00,0.986,0.0,35.51
2025-06-18T01:00,0.983,0.0,35.41
2025-06-18T02:00,0.981,0.0,35.34
2025-06-18T03:00,0.978,0.0,35.23
2025-06-18T04:00,0.977,0.0,35.2
2025-06-18T05:00,0.972,0.0,35.02
2025-06-18T06:00,0.968,0.0,34.88
2025-06-18T07:00,0.965,0.0,34.78
2025-06-18T08:00,0.961,0.0,34.64
2025-06-18T09:00,0.958,0.0,34.53
2025-06-18T10:00,0.959,0.0,34.57
2025-06-18T11:00,0.958,0.0,34.53
2025-06-18T12:00,0.953,0.0,34.36
2025-06-18T13:00,0.949,0.0,34.22
2025-06-18T14:00,0.948,0.0,34.18
2025-06-18T15:00,0.94,0.0,33.9
2025-06-18T16:00,0.938,0.0,33.83
2025-06-18T17:00,0.932,0.0,33.62
2025-06-18T18:00,0.926,0.0,33.41
2025-06-18T19:00,0.92,0.0,33.2
2025-06-18T20:00,0.915,0.0,33.03
2025-06-18T21:00,0.911,0.0,32.89
2025-06-18T22:00,0.906,0.0,32.71
2025-06-18T23:00,0.901,0.0,32.54
2025-06-19T00:00,0.897,0.0,32.4
2025-06-19T01:00,0.893,0.0,32.26
2025-06-19T02:00,0.89,0.0,32.15
2025-06-19T03:00,0.888,0.0,32.08
2025-06-19T04:00,0.885,0.0,31.98
2025-06-19T05:00,0.881,0.0,31.84
2025-06-19T06:00,0.877,0.0,31.7
2025-06-19T07:00,0.873,0.0,31.56
2025-06-19T08:00,0.87,0.0,31.45
2025-06-19T09:00,0.867,0.0,31.35
2025-06-19T10:00,0.867,0.0,31.35
2025-06-19T11:00,0.87,0.0,31.45
2025-06-19T12:00,0.866,0.0,31.31
2025-06-19T13:00,0.871,0.0,31.49
2025-06-19T14:00,0.869,0.0,31.42
2025-06-19T15:00,0.868,0.0,31.38
2025-06-19T16:00,0.862,0.0,31.17
2025-06-19T17:00,0.859,0.0,31.07
2025-06-19T18:00,0.856,0.0,30.96
2025-06-19T19:00,0.854,0.0,30.89
2025-06-19T20:00,0.853,0.0,30.86
2025-06-19T21:00,0.851,0.0,30.79
2025-06-19T22:00,0.849,0.0,30.72
2025-06-19T23:00,0.846,0.0,30.61
2025-06-20T00:00,0.843,0.0,30.51
2025-06-20T01:00,0.84,0.0,30.4
2025-06-20T02:00,0.838,0.0,30.33
2025-06-20T03:00,0.837,0.0,30.3
2025-06-20T04:00,0.835,0.0,30.23
2025-06-20T05:00,0.833,0.0,30.16
2025-06-20T06:00,0.83,0.0,30.05
2025-06-20T07:00,0.827,0.0,29.95
2025-06-20T08:00,0.824,0.2,29.84
2025-06-20T09:00,0.824,0.0,29.84
2025-06-20T10:00,0.821,0.0,29.74
2025-06-20T11:00,0.821,0.0,29.74
2025-06-20T12:00,0.82,0.0,29.7
2025-06-20T13:00,0.818,0.0,29.63
2025-06-20T14:00,0.814,0.0,29.49
2025-06-20T15:00,0.809,0.0,29.32
2025-06-20T16:00,0.813,0.8,29.46
2025-06-20T17:00,0.811,0.2,29.39
2025-06-20T18:00,0.792,1.6,28.72
2025-06-20T19:00,0.808,0.4,29.28
2025-06-20T20:00,0.812,0.2,29.42
2025-06-20T21:00,0.811,0.0,29.39
2025-06-20T22:00,0.81,0.0,29.35
2025-06-20T23:00,0.809,0.0,29.32
2025-06-21T00:00,0.808,0.0,29.28
2025-06-21T01:00,0.804,0.0,29.14
2025-06-21T02:00,0.799,0.0,28.97
2025-06-21T03:00,0.803,0.0,29.11
2025-06-21T04:00,0.801,0.0,29.04
2025-06-21T05:00,0.801,0.0,29.04
2025-06-21T06:00,0.801,0.0,29.04
2025-06-21T07:00,0.799,0.0,28.97
2025-06-21T08:00,0.802,0.0,29.07
2025-06-21T09:00,0.802,0.0,29.07
2025-06-21T10:00,0.806,0.0,29.21
2025-06-21T11:00,0.797,0.0,28.9
2025-06-21T12:00,0.809,0.0,29.32
2025-06-21T13:00,0.817,0.0,29.6
2025-06-21T14:00,0.819,0.0,29.67
2025-06-21T15:00,0.825,0.0,29.88
2025-06-21T16:00,0.83,0.0,30.05
2025-06-21T17:00,0.832,0.0,30.12
2025-06-21T18:00,0.83,0.0,30.05
2025-06-21T19:00,0.831,0.0,30.09
2025-06-21T20:00,0.836,0.0,30.26
2025-06-21T21:00,0.838,0.0,30.33
2025-06-21T22:00,0.841,0.0,30.44
2025-06-21T23:00,0.843,0.0,30.51
2025-06-22T00:00,0.844,0.0,30.54
2025-06-22T01:00,0.845,1.0,30.58
2025-06-22T02:00,0.852,0.6,30.82
2025-06-22T03:00,0.855,0.0,30.93
2025-06-22T04:00,0.859,0.0,31.07
2025-06-22T05:00,0.861,0.0,31.14
2025-06-22T06:00,0.866,0.2,31.31
2025-06-22T07:00,0.867,0.0,31.35
2025-06-22T08:00,0.876,1.4,31.66
2025-06-22T09:00,0.881,0.0,31.84
2025-06-22T10:00,0.888,0.6,32.08
2025-06-22T11:00,0.896,4.0,32.36
2025-06-22T12:00,0.926,0.6,33.41
2025-06-22T13:00,0.93,0.0,33.55
2025-06-22T14:00,0.93,0.0,33.55
2025-06-22T15:00,0.933,0.0,33.66
2025-06-22T16:00,0.937,0.0,33.8
2025-06-22T17:00,0.937,0.2,33.8
2025-06-22T18:00,0.938,0.0,33.83
2025-06-22T19:00,0.939,0.0,33.87
2025-06-22T20:00,0.944,0.0,34.04
2025-06-22T21:00,0.949,0.0,34.22
2025-06-22T22:00,0.953,0.0,34.36
2025-06-22T23:00,0.958,0.0,34.53
2025-06-23T00:00,0.962,0.0,34.67
2025-06-23T01:00,0.967,0.0,34.85
2025-06-23T02:00,0.969,0.0,34.92
2025-06-23T03:00,0.972,0.6,35.02
2025-06-23T04:00,0.995,3.8,35.83
2025-06-23T05:00,0.997,0.8,35.9
2025-06-23T06:00,1.025,8.4,37.06
2025-06-23T07:00,1.086,3.0,39.66
2025-06-23T08:00,1.11,2.4,40.68
2025-06-23T09:00,1.129,1.0,41.48
2025-06-23T10:00,1.149,1.6,42.33
2025-06-23T11:00,1.168,0.2,43.14
2025-06-23T12:00,1.187,0.6,43.95
2025-06-23T13:00,1.201,0.2,44.55
2025-06-23T14:00,1.23,0.0,45.85
2025-06-23T15:00,1.256,0.0,47.02
2025-06-23T16:00,1.288,0.0,48.46
2025-06-23T17:00,1.322,0.0,49.99
2025-06-23T18:00,1.351,0.0,51.3
2025-06-23T19:00,1.388,0.0,52.96
2025-06-23T20:00,1.428,0.0,54.76
2025-06-23T21:00,1.471,0.0,56.7
2025-06-23T22:00,1.517,0.0,58.77
2025-06-23T23:00,1.566,0.0,60.97
2025-06-24T00:00,1.616,0.0,63.22
2025-06-24T01:00,1.667,0.0,65.52
2025-06-24T02:00,1.722,0.0,67.99
2025-06-24T03:00,1.776,0.0,70.42
2025-06-24T04:00,1.835,0.0,73.08
2025-06-24T05:00,1.906,0.0,76.27
2025-06-24T06:00,1.972,0.0,79.24
2025-06-24T07:00,2.038,0.0,82.21
2025-06-24T08:00,2.105,0.0,85.23
2025-06-24T09:00,2.163,0.0,87.84
2025-06-24T10:00,2.222,0.0,90.49
2025-06-24T11:00,2.277,0.0,92.97
2025-06-24T12:00,2.348,0.0,96.16
2025-06-24T13:00,2.397,0.0,98.37
2025-06-24T14:00,2.461,0.0,101.25
2025-06-24T15:00,2.502,0.0,103.09
2025-06-24T16:00,2.548,0.0,105.16
2025-06-24T17:00,2.586,0.0,106.87
2025-06-24T18:00,2.617,0.0,108.27
2025-06-24T19:00,2.644,0.0,109.48
2025-06-24T20:00,2.668,0.0,110.56
2025-06-24T21:00,2.688,0.0,111.46
2025-06-24T22:00,2.705,0.0,112.23
2025-06-24T23:00,2.718,0.0,112.81
2025-06-25T00:00,2.726,0.0,113.17
2025-06-25T01:00,2.734,0.0,113.53
2025-06-25T02:00,2.736,0.0,113.62
2025-06-25T03:00,2.735,0.0,113.58
2025-06-25T04:00,2.731,0.0,113.4
2025-06-25T05:00,2.723,0.0,113.04
2025-06-25T06:00,2.712,0.0,112.54
2025-06-25T07:00,2.701,0.0,112.05
2025-06-25T08:00,2.686,0.0,111.37
2025-06-25T09:00,2.67,0.0,110.65
2025-06-25T10:00,2.652,0.0,109.84
2025-06-25T11:00,2.636,0.0,109.12
2025-06-25T12:00,2.618,0.0,108.31
2025-06-25T13:00,2.595,0.0,107.28
2025-06-25T14:00,2.573,0.0,106.29
2025-06-25T15:00,2.55,0.0,105.25
2025-06-25T16:00,2.524,0.0,104.08
2025-06-25T17:00,2.499,0.0,102.96
2025-06-25T18:00,2.467,0.0,101.52
2025-06-25T19:00,2.44,0.0,100.3
2025-06-25T20:00,2.414,0.0,99.13
2025-06-25T21:00,2.386,0.0,97.87
2025-06-25T22:00,2.361,0.0,96.75
2025-06-25T23:00,2.334,0.0,95.53
2025-06-26T00:00,2.309,0.0,94.41
2025-06-26T01:00,2.283,0.0,93.24
2025-06-26T02:00,2.256,0.2,92.02
2025-06-26T03:00,2.231,0.0,90.9
2025-06-26T04:00,2.205,0.0,89.73
2025-06-26T05:00,2.179,0.0,88.56
2025-06-26T06:00,2.155,0.0,87.48
2025-06-26T07:00,2.13,0.4,86.35
2025-06-26T08:00,2.108,1.2,85.36
2025-06-26T09:00,2.089,4.6,84.51
2025-06-26T10:00,2.073,1.6,83.79
2025-06-26T11:00,2.061,5.4,83.25
2025-06-26T12:00,2.079,6.4,84.06
2025-06-26T13:00,2.081,2.2,84.15
2025-06-26T14:00,2.075,4.0,83.88
2025-06-26T15:00,2.079,2.0,84.06
2025-06-26T16:00,2.088,3.6,84.46
2025-06-26T17:00,2.114,4.2,85.63
2025-06-26T18:00,2.121,0.4,85.95
2025-06-26T19:00,2.117,2.6,85.77
2025-06-26T20:00,2.187,7.2,88.92
2025-06-26T21:00,2.218,2.4,90.31
2025-06-26T22:00,2.241,0.0,91.35
2025-06-26T23:00,2.264,0.0,92.38
2025-06-27T00:00,2.288,0.2,93.46
2025-06-27T01:00,2.315,0.0,94.68
2025-06-27T02:00,2.344,0.0,95.98
2025-06-27T03:00,2.372,0.0,97.24
2025-06-27T04:00,2.405,0.0,98.73
2025-06-27T05:00,2.438,0.0,100.21
2025-06-27T06:00,2.475,0.0,101.88
2025-06-27T07:00,2.513,0.0,103.59
2025-06-27T08:00,2.557,0.0,105.57
2025-06-27T09:00,2.605,0.0,107.73
2025-06-27T10:00,2.656,0.0,110.02
2025-06-27T11:00,2.712,0.0,112.54
2025-06-27T12:00,2.772,0.0,115.24
2025-06-27T13:00,2.833,0.0,117.99
2025-06-27T14:00,2.901,0.0,121.05
2025-06-27T15:00,2.967,0.0,124.02
2025-06-27T16:00,3.029,0.0,126.81
2025-06-27T17:00,3.089,0.0,129.51
2025-06-27T18:00,3.147,0.0,132.12
2025-06-27T19:00,3.207,0.0,134.83
2025-06-27T20:00,3.264,0.0,137.54
2025-06-27T21:00,3.319,0.0,140.15
2025-06-27T22:00,3.37,0.0,142.58
2025-06-27T23:00,3.419,0.0,144.95
2025-06-28T00:00,3.464,0.0,147.2
2025-06-28T01:00,3.503,1.0,149.15
2025-06-28T02:00,3.545,0.6,151.25
2025-06-28T03:00,3.581,0.0,153.05
2025-06-28T04:00,3.614,0.0,154.7
2025-06-28T05:00,3.644,0.2,156.2
2025-06-28T06:00,3.669,0.0,157.45
2025-06-28T07:00,3.69,0.0,158.5
2025-06-28T08:00,3.711,0.0,159.55
2025-06-28T09:00,3.727,1.0,160.35
2025-06-28T10:00,3.742,1.4,161.1
2025-06-28T11:00,3.773,3.2,162.65
2025-06-28T12:00,3.789,0.0,163.45
2025-06-28T13:00,3.805,0.0,164.25
2025-06-28T14:00,3.826,0.2,165.3
2025-06-28T15:00,3.844,0.0,166.2
2025-06-28T16:00,3.868,0.0,167.4
2025-06-28T17:00,3.89,0.0,168.5
2025-06-28T18:00,3.91,0.0,169.5
2025-06-28T19:00,3.931,0.0,170.55
2025-06-28T20:00,3.954,0.0,171.7
2025-06-28T21:00,3.978,0.0,172.9
2025-06-28T22:00,4.003,0.0,174.15
2025-06-28T23:00,4.029,0.0,175.45
2025-06-29T00:00,4.055,0.0,176.75
2025-06-29T01:00,4.082,0.0,178.1
2025-06-29T02:00,4.109,0.0,179.45
2025-06-29T03:00,4.137,0.0,180.85
2025-06-29T04:00,4.166,0.0,182.3
2025-06-29T05:00,4.196,0.0,183.8
2025-06-29T06:00,4.222,0.0,185.1
2025-06-29T07:00,4.252,0.0,186.6
2025-06-29T08:00,4.28,0.0,188.0
2025-06-29T09:00,4.308,0.0,189.4
2025-06-29T10:00,4.335,2.6,190.75
2025-06-29T11:00,4.366,1.0,192.3
2025-06-29T12:00,4.392,0.0,193.6
2025-06-29T13:00,4.421,0.0,195.05
2025-06-29T14:00,4.443,0.2,196.15
2025-06-29T15:00,4.458,0.0,196.9
2025-06-29T16:00,4.478,0.0,197.9
2025-06-29T17:00,4.494,0.0,198.7
2025-06-29T18:00,4.51,0.0,199.5
2025-06-29T19:00,4.523,0.0,200.15
2025-06-29T20:00,4.535,0.0,200.75
2025-06-29T21:00,4.546,0.0,201.3
2025-06-29T22:00,4.557,0.0,201.85
2025-06-29T23:00,4.563,0.0,202.15
2025-06-30T00:00,4.571,0.0,202.55
2025-06-30T01:00,4.574,0.0,202.7
2025-06-30T02:00,4.576,0.0,202.8
2025-06-30T03:00,4.576,0.0,202.8
2025-06-30T04:00,4.578,0.2,202.9
2025-06-30T05:00,4.573,0.0,202.65
2025-06-30T06:00,4.57,0.0,202.5
2025-06-30T07:00,4.565,0.0,202.25
2025-06-30T08:00,4.556,0.4,201.8
2025-06-30T09:00,4.548,2.6,201.4
2025-06-30T10:00,4.543,1.4,201.15
2025-06-30T11:00,4.54,0.6,201.0
2025-06-30T12:00,4.535,2.0,200.75
2025-06-30T13:00,4.525,0.0,200.25
2025-06-30T14:00,4.514,0.2,199.7
2025-06-30T15:00,4.503,0.0,199.15
2025-06-30T16:00,4.489,0.0,198.45
2025-06-30T17:00,4.478,0.4,197.9
2025-06-30T18:00,4.463,0.0,197.15
2025-06-30T19:00,4.446,0.0,196.3
2025-06-30T20:00,4.429,0.0,195.45
2025-06-30T21:00,4.413,0.0,194.65
2025-06-30T22:00,4.398,1.2,193.9
2025-06-30T23:00,4.383,0.2,193.15
2025-07-01T00:00,4.367,0.0,192.35
2025-07-01T01:00,4.347,0.4,191.35
2025-07-01T02:00,4.329,0.4,190.45
2025-07-01T03:00,4.311,0.0,189.55
2025-07-01T04:00,4.291,0.0,188.55
2025-07-01T05:00,4.271,0.0,187.55
2025-07-01T06:00,4.25,0.0,186.5
2025-07-01T07:00,4.229,0.0,185.45
2025-07-01T08:00,4.208,0.0,184.4
2025-07-01T09:00,4.185,0.0,183.25
2025-07-01T10:00,4.164,0.0,182.2
2025-07-01T11:00,4.141,0.0,181.05
2025-07-01T12:00,4.116,0.0,179.8
2025-07-01T13:00,4.094,0.0,178.7
2025-07-01T14:00,4.069,0.0,177.45
2025-07-01T15:00,4.044,0.0,176.2
2025-07-01T16:00,4.018,0.0,174.9
2025-07-01T17:00,3.991,0.0,173.55
2025-07-01T18:00,3.964,0.0,172.2
2025-07-01T19:00,3.937,0.0,170.85
2025-07-01T20:00,3.908,0.0,169.4
2025-07-01T21:00,3.881,0.4,168.05
2025-07-01T23:00,3.82,0.0,165.0
2025-07-02T00:00,3.789,0.0,163.45
2025-07-02T01:00,3.758,0.0,161.9
2025-07-02T03:00,3.696,0.4,158.8
2025-07-02T04:00,3.667,0.4,157.35
2025-07-02T05:00,3.634,0.0,155.7
2025-07-02T09:00,3.509,0.0,149.45
2025-07-02T10:00,3.478,0.0,147.9
2025-07-02T11:00,3.447,0.0,146.35
2025-07-02T12:00,3.417,0.0,144.85
2025-07-02T13:00,3.386,0.2,143.34
2025-07-02T14:00,3.357,0.0,141.96
2025-07-02T15:00,3.327,0.0,140.53
2025-07-02T16:00,3.299,0.0,139.2
2025-07-02T17:00,3.27,0.0,137.83
2025-07-02T18:00,3.243,0.0,136.54
2025-07-02T19:00,3.215,0.0,135.21
2025-07-02T20:00,3.189,0.0,134.01
2025-07-02T21:00,3.163,0.0,132.84
2025-07-02T22:00,3.136,0.0,131.62
2025-07-02T23:00,3.109,0.0,130.41
2025-07-03T00:00,3.084,0.0,129.28
2025-07-03T01:00,3.058,0.0,128.11
2025-07-03T02:00,3.034,0.0,127.03
2025-07-03T03:00,3.01,0.0,125.95
2025-07-03T04:00,2.986,0.0,124.87
2025-07-03T05:00,2.964,0.0,123.88
2025-07-03T06:00,2.939,0.0,122.76
2025-07-03T07:00,2.918,0.0,121.81
2025-07-03T08:00,2.897,0.0,120.87
2025-07-03T09:00,2.876,0.0,119.92
2025-07-03T10:00,2.854,0.0,118.93
2025-07-03T11:00,2.833,0.0,117.99
2025-07-03T15:00,2.755,0.0,114.48
2025-07-03T16:00,2.738,0.0,113.71
2025-07-03T17:00,2.72,0.2,112.9
2025-07-03T18:00,2.701,0.0,112.05
2025-07-03T19:00,2.684,0.0,111.28
2025-07-03T20:00,2.665,0.0,110.43
2025-07-03T21:00,2.648,0.0,109.66
2025-07-03T22:00,2.63,0.0,108.85
2025-07-03T23:00,2.614,0.0,108.13
2025-07-04T00:00,2.597,0.0,107.37
2025-07-04T01:00,2.581,0.0,106.65
2025-07-04T02:00,2.566,0.0,105.97
2025-07-04T03:00,2.551,0.0,105.3
2025-07-04T04:00,2.537,0.0,104.67
2025-07-04T05:00,2.523,0.0,104.04
2025-07-04T06:00,2.508,0.0,103.36
2025-07-04T07:00,2.495,0.0,102.78
2025-07-04T08:00,2.482,0.0,102.19
2025-07-04T09:00,2.469,0.0,101.61
2025-07-04T10:00,2.456,0.0,101.02
2025-07-04T11:00,2.443,0.0,100.44
2025-07-04T12:00,2.431,0.0,99.9
2025-07-04T13:00,2.422,0.0,99.49
2025-07-04T14:00,2.408,0.0,98.86
2025-07-04T15:00,2.398,0.0,98.41
2025-07-04T16:00,2.387,0.0,97.92
2025-07-04T17:00,2.375,0.0,97.38
2025-07-04T18:00,2.364,0.0,96.88
2025-07-04T19:00,2.353,0.0,96.39
2025-07-04T20:00,2.342,0.0,95.89
2025-07-04T21:00,2.332,0.0,95.44
2025-07-04T22:00,2.32,0.0,94.9
2025-07-04T23:00,2.31,0.0,94.45
2025-07-05T00:00,2.3,0.0,94.0
2025-07-05T01:00,2.29,0.0,93.55
2025-07-05T02:00,2.28,0.0,93.1
2025-07-05T03:00,2.271,0.0,92.7
2025-07-05T04:00,2.261,0.0,92.25
2025-07-05T05:00,2.25,0.0,91.75
2025-07-05T06:00,2.241,0.0,91.35
2025-07-05T07:00,2.232,0.0,90.94
2025-07-05T08:00,2.223,0.0,90.54
2025-07-05T09:00,2.214,0.0,90.13
2025-07-05T10:00,2.205,0.0,89.73
2025-07-05T11:00,2.195,0.0,89.28
2025-07-05T12:00,2.186,0.0,88.87
2025-07-05T13:00,2.179,0.0,88.56
2025-07-05T14:00,2.167,0.0,88.02
2025-07-05T15:00,2.17,0.0,88.15
2025-07-05T16:00,2.16,0.0,87.7
2025-07-05T17:00,2.137,0.0,86.67
2025-07-05T18:00,2.119,0.0,85.86
2025-07-05T19:00,2.128,0.0,86.26
2025-07-05T20:00,2.119,0.0,85.86
2025-07-05T21:00,2.112,0.0,85.54
2025-07-05T22:00,2.105,0.0,85.23
2025-07-05T23:00,2.099,0.0,84.96
2025-07-06T00:00,2.092,0.0,84.64
2025-07-06T01:00,2.086,0.0,84.37
2025-07-06T02:00,2.08,0.0,84.1
2025-07-06T03:00,2.074,0.0,83.83
2025-07-06T04:00,2.068,0.0,83.56
2025-07-06T05:00,2.061,0.0,83.25
2025-07-06T06:00,2.055,0.0,82.98
2025-07-06T07:00,2.05,0.0,82.75
2025-07-06T08:00,2.043,0.0,82.44
2025-07-06T09:00,2.038,0.0,82.21
2025-07-06T10:00,2.032,0.0,81.94
2025-07-06T11:00,2.026,0.0,81.67
2025-07-06T13:00,2.024,0.0,81.58
2025-07-06T14:00,2.016,0.0,81.22
2025-07-06T17:00,1.998,0.0,80.41
2025-07-06T18:00,1.988,0.0,79.96
2025-07-06T19:00,1.978,0.0,79.51
2025-07-06T20:00,1.97,0.0,79.15
2025-07-06T21:00,1.963,0.0,78.84
2025-07-06T22:00,1.956,0.0,78.52
2025-07-06T23:00,1.948,0.0,78.16
2025-07-07T00:00,1.942,0.0,77.89
2025-07-07T01:00,1.934,0.0,77.53
2025-07-07T02:00,1.928,0.0,77.26
2025-07-07T03:00,1.921,0.0,76.95
2025-07-07T04:00,1.915,0.0,76.68
2025-07-07T05:00,1.907,0.0,76.32
2025-07-07T06:00,1.9,0.0,76.0
2025-07-07T07:00,1.892,0.0,75.64
2025-07-07T08:00,1.886,0.0,75.37
2025-07-07T10:00,1.872,0.0,74.74
2025-07-07T12:00,1.869,0.0,74.61
2025-07-07T16:00,1.844,0.0,73.48
2025-07-07T17:00,1.836,0.0,73.12
2025-07-07T18:00,1.827,0.0,72.72
2025-07-07T19:00,1.82,0.0,72.4
2025-07-07T20:00,1.815,0.0,72.18
2025-07-07T21:00,1.81,0.0,71.95
2025-07-07T22:00,1.805,0.0,71.73
2025-07-07T23:00,1.793,0.0,71.19
2025-07-08T00:00,1.794,0.0,71.23
2025-07-08T01:00,1.787,0.0,70.92
2025-07-08T02:00,1.783,0.0,70.74
2025-07-08T03:00,1.778,0.0,70.51
2025-07-08T04:00,1.773,0.0,70.29
2025-07-08T05:00,1.767,0.0,70.02
2025-07-08T06:00,1.762,0.0,69.79
2025-07-08T07:00,1.756,0.0,69.52
2025-07-08T08:00,1.752,0.0,69.34
2025-07-08T10:00,1.742,0.0,68.89
2025-07-08T11:00,1.736,0.0,68.62
2025-07-08T12:00,1.732,0.0,68.44
2025-07-08T13:00,1.735,0.0,68.58
2025-07-08T14:00,1.734,0.0,68.53
2025-07-08T15:00,1.727,0.0,68.22
2025-07-08T16:00,1.721,0.0,67.95
2025-07-08T17:00,1.714,0.0,67.63
2025-07-08T18:00,1.702,0.0,67.09
2025-07-08T19:00,1.695,0.0,66.78
2025-07-08T20:00,1.687,0.0,66.42
2025-07-08T21:00,1.679,0.0,66.06
2025-07-08T22:00,1.674,0.0,65.83
2025-07-08T23:00,1.668,0.0,65.56
2025-07-09T00:00,1.663,0.0,65.34
2025-07-09T01:00,1.657,0.0,65.07
2025-07-09T02:00,1.652,0.0,64.84
2025-07-09T03:00,1.649,0.0,64.71
2025-07-09T04:00,1.645,0.0,64.53
2025-07-09T05:00,1.64,0.0,64.3
2025-07-09T06:00,1.636,0.0,64.12
2025-07-09T07:00,1.633,0.0,63.99
2025-07-09T08:00,1.63,0.0,63.85
2025-07-09T09:00,1.628,0.0,63.76
2025-07-09T10:00,1.624,0.0,63.58
2025-07-09T11:00,1.621,0.0,63.45
2025-07-09T12:00,1.622,0.0,63.49
2025-07-09T13:00,1.62,0.0,63.4
2025-07-09T14:00,1.612,0.0,63.04
2025-07-09T15:00,1.607,0.0,62.82
2025-07-09T16:00,1.603,0.0,62.64
2025-07-09T17:00,1.6,0.0,62.5
2025-07-09T18:00,1.589,0.0,62.01
2025-07-09T19:00,1.584,0.0,61.78
2025-07-09T20:00,1.577,0.0,61.47
2025-07-09T21:00,1.571,0.0,61.2
2025-07-09T22:00,1.566,0.0,60.97
2025-07-09T23:00,1.561,0.0,60.75
2025-07-10T00:00,1.556,0.0,60.52
2025-07-10T01:00,1.551,0.0,60.3
2025-07-10T02:00,1.546,0.0,60.07
2025-07-10T03:00,1.543,0.0,59.94
2025-07-10T04:00,1.54,0.0,59.8
2025-07-10T05:00,1.535,0.0,59.58
2025-07-10T06:00,1.533,0.0,59.49
2025-07-10T07:00,1.531,0.0,59.4
2025-07-10T08:00,1.528,0.0,59.26
2025-07-10T09:00,1.524,0.0,59.08
2025-07-10T10:00,1.523,0.0,59.04
2025-07-10T11:00,1.52,0.0,58.9
2025-07-10T12:00,1.52,0.0,58.9
2025-07-10T13:00,1.523,0.0,59.04
2025-07-10T14:00,1.515,0.0,58.68
2025-07-10T15:00,1.512,0.0,58.54
2025-07-10T16:00,1.51,0.0,58.45
2025-07-10T17:00,1.502,0.0,58.09
2025-07-10T18:00,1.492,0.0,57.64
2025-07-10T19:00,1.487,0.0,57.42
2025-07-10T20:00,1.479,0.0,57.06
2025-07-10T21:00,1.475,0.0,56.88
2025-07-10T22:00,1.469,0.0,56.61
2025-07-10T23:00,1.464,0.0,56.38
2025-07-11T00:00,1.461,0.0,56.25
2025-07-11T01:00,1.456,0.0,56.02
2025-07-11T02:00,1.448,0.0,55.66
2025-07-11T03:00,1.446,0.0,55.57
2025-07-11T04:00,1.443,0.0,55.44
2025-07-11T05:00,1.438,0.0,55.21
2025-07-11T06:00,1.432,0.0,54.94
2025-07-11T07:00,1.431,0.0,54.9
2025-07-11T08:00,1.429,0.0,54.81
2025-07-11T09:00,1.422,0.0,54.49
2025-07-11T10:00,1.422,0.0,54.49
2025-07-11T11:00,1.425,0.0,54.63
2025-07-11T12:00,1.426,0.0,54.67
2025-07-11T13:00,1.428,0.0,54.76
2025-07-11T14:00,1.426,0.0,54.67
2025-07-11T15:00,1.426,0.0,54.67
2025-07-11T16:00,1.419,0.0,54.36
2025-07-11T17:00,1.416,0.0,54.22
2025-07-11T18:00,1.412,0.0,54.04
2025-07-11T19:00,1.405,0.0,53.73
2025-07-11T20:00,1.396,0.0,53.32
2025-07-11T21:00,1.399,0.0,53.46
2025-07-11T22:00,1.394,0.0,53.23
2025-07-11T23:00,1.391,0.0,53.1
2025-07-12T00:00,1.386,0.0,52.87
2025-07-12T01:00,1.376,0.0,52.42
2025-07-12T02:00,1.375,0.0,52.38
2025-07-12T03:00,1.375,0.0,52.38
2025-07-12T04:00,1.369,0.0,52.11
2025-07-12T05:00,1.369,0.0,52.11
2025-07-12T06:00,1.36,0.0,51.7
2025-07-12T07:00,1.36,0.0,51.7
2025-07-12T08:00,1.346,0.0,51.07
2025-07-12T09:00,1.353,0.0,51.39
2025-07-12T10:00,1.353,0.0,51.39
2025-07-12T11:00,1.348,0.0,51.16
2025-07-12T12:00,1.35,0.0,51.25
2025-07-12T13:00,1.353,0.0,51.39
2025-07-12T14:00,1.343,0.0,50.94
2025-07-12T15:00,1.348,0.0,51.16
2025-07-12T16:00,1.338,0.0,50.71
2025-07-12T17:00,1.341,0.0,50.85
2025-07-12T18:00,1.337,0.0,50.67
2025-07-12T19:00,1.34,0.0,50.8
2025-07-12T20:00,1.335,0.0,50.58
2025-07-12T21:00,1.333,0.0,50.49
2025-07-12T22:00,1.33,0.0,50.35
2025-07-12T23:00,1.327,0.0,50.22
2025-07-13T00:00,1.331,0.0,50.4
2025-07-13T01:00,1.322,0.0,49.99
2025-07-13T02:00,1.322,0.0,49.99
2025-07-13T03:00,1.318,0.0,49.81
2025-07-13T04:00,1.317,0.0,49.77
2025-07-13T05:00,1.316,0.0,49.72
2025-07-13T06:00,1.309,0.0,49.41
2025-07-13T07:00,1.309,0.0,49.41
2025-07-13T08:00,1.303,0.0,49.14
2025-07-13T09:00,1.3,0.0,49.0
2025-07-13T10:00,1.298,0.0,48.91
2025-07-13T11:00,1.293,0.0,48.69
2025-07-13T12:00,1.29,0.0,48.55
2025-07-13T13:00,1.288,0.0,48.46
2025-07-13T14:00,1.285,0.0,48.33
2025-07-13T15:00,1.286,0.0,48.37
2025-07-13T16:00,1.279,0.0,48.06
2025-07-13T17:00,1.28,0.0,48.1
2025-07-13T18:00,1.275,0.0,47.88
2025-07-13T19:00,1.271,0.0,47.7
2025-07-13T20:00,1.268,0.0,47.56
2025-07-13T21:00,1.267,0.0,47.52
2025-07-13T22:00,1.267,0.0,47.52
2025-07-13T23:00,1.266,0.0,47.47
2025-07-14T00:00,1.265,0.0,47.43
2025-07-14T01:00,1.263,0.0,47.34
2025-07-14T02:00,1.263,0.0,47.34
2025-07-14T03:00,1.261,0.0,47.25
2025-07-14T04:00,1.26,0.0,47.2
2025-07-14T05:00,1.259,0.0,47.16
2025-07-14T06:00,1.257,0.0,47.07
2025-07-14T07:00,1.256,0.0,47.02
2025-07-14T08:00,1.254,0.0,46.93
2025-07-14T09:00,1.252,0.0,46.84
2025-07-14T10:00,1.252,0.0,46.84
2025-07-14T11:00,1.251,0.0,46.8
2025-07-14T12:00,1.257,0.0,47.07
2025-07-14T13:00,1.255,0.0,46.98
2025-07-14T14:00,1.26,0.0,47.2
2025-07-14T15:00,1.259,0.0,47.16
2025-07-14T16:00,1.257,0.0,47.07
2025-07-14T17:00,1.25,0.0,46.75
2025-07-14T18:00,1.243,0.0,46.44
2025-07-14T19:00,1.238,0.0,46.21
2025-07-14T20:00,1.235,0.0,46.08
2025-07-14T21:00,1.235,0.0,46.08
2025-07-14T22:00,1.233,0.0,45.99
2025-07-14T23:00,1.232,0.0,45.94
2025-07-15T00:00,1.232,0.0,45.94
2025-07-15T01:00,1.233,0.0,45.99
2025-07-15T02:00,1.234,0.0,46.03
2025-07-15T03:00,1.236,0.0,46.12
2025-07-15T04:00,1.236,0.0,46.12
2025-07-15T05:00,1.234,0.0,46.03
2025-07-15T06:00,1.233,0.0,45.99
2025-07-15T07:00,1.232,0.0,45.94
2025-07-15T08:00,1.23,0.0,45.85
2025-07-15T09:00,1.228,0.0,45.76
2025-07-15T10:00,1.225,0.0,45.63
2025-07-15T11:00,1.225,0.0,45.63
2025-07-15T13:00,1.23,0.0,45.85
2025-07-15T14:00,1.228,0.0,45.76
2025-07-15T15:00,1.228,0.0,45.76
2025-07-15T16:00,1.224,0.0,45.58
2025-07-15T17:00,1.22,0.0,45.4
2025-07-15T18:00,1.212,0.0,45.04
2025-07-15T19:00,1.206,0.0,44.77
2025-07-15T20:00,1.204,0.0,44.68
2025-07-15T21:00,1.204,0.0,44.68
2025-07-15T22:00,1.203,0.0,44.64
2025-07-15T23:00,1.202,0.0,44.59
2025-07-16T00:00,1.2,0.0,44.5
2025-07-16T01:00,1.2,0.0,44.5
2025-07-16T02:00,1.198,0.0,44.42
2025-07-16T03:00,1.196,0.0,44.33
2025-07-16T04:00,1.194,0.0,44.25
2025-07-16T05:00,1.191,0.0,44.12
2025-07-16T06:00,1.188,0.0,43.99
2025-07-16T07:00,1.184,0.0,43.82
2025-07-16T08:00,1.18,0.0,43.65
2025-07-16T09:00,1.177,0.0,43.52
2025-07-16T10:00,1.174,0.0,43.4
2025-07-16T12:00,1.173,0.0,43.35
2025-07-16T13:00,1.167,0.0,43.1
2025-07-16T14:00,1.165,0.0,43.01
2025-07-16T15:00,1.165,0.0,43.01
2025-07-16T16:00,1.162,0.0,42.89
2025-07-16T17:00,1.156,0.0,42.63
2025-07-16T18:00,1.151,0.0,42.42
2025-07-16T19:00,1.146,0.0,42.21
2025-07-16T20:00,1.144,0.0,42.12
2025-07-16T21:00,1.143,0.0,42.08
2025-07-16T22:00,1.143,0.0,42.08
2025-07-16T23:00,1.141,0.0,41.99
2025-07-17T00:00,1.141,0.0,41.99
2025-07-17T01:00,1.139,0.0,41.91
2025-07-17T02:00,1.14,0.0,41.95
2025-07-17T03:00,1.138,0.0,41.87
2025-07-17T04:00,1.136,0.0,41.78
2025-07-17T05:00,1.131,0.0,41.57
2025-07-17T06:00,1.129,0.0,41.48
2025-07-17T07:00,1.124,0.0,41.27
2025-07-17T08:00,1.121,0.0,41.14
2025-07-17T09:00,1.118,0.0,41.02
2025-07-17T10:00,1.118,0.0,41.02
2025-07-17T12:00,1.119,0.0,41.06
2025-07-17T13:00,1.12,0.0,41.1
2025-07-17T15:00,1.108,0.0,40.59
2025-07-17T17:00,1.114,0.0,40.85
2025-07-17T18:00,1.115,0.0,40.89
2025-07-17T19:00,1.117,0.0,40.97
2025-07-17T20:00,1.116,0.0,40.93
2025-07-17T21:00,1.116,0.0,40.93
2025-07-17T22:00,1.11,0.0,40.68
2025-07-17T23:00,1.111,0.0,40.72
2025-07-18T00:00,1.108,0.0,40.59
2025-07-18T01:00,1.097,0.0,40.12
2025-07-18T02:00,1.107,0.0,40.55
2025-07-18T03:00,1.108,0.0,40.59
2025-07-18T04:00,1.103,0.0,40.38
2025-07-18T05:00,1.099,0.0,40.21
2025-07-18T06:00,1.098,0.0,40.17
2025-07-18T07:00,1.095,0.0,40.04
2025-07-18T08:00,1.083,0.0,39.53
2025-07-18T09:00,1.082,0.0,39.49
2025-07-18T10:00,1.077,0.0,39.27
2025-07-18T15:00,1.052,0.0,38.21
2025-07-18T16:00,1.055,0.0,38.34
2025-07-18T17:00,1.055,0.0,38.34
2025-07-18T19:00,1.039,0.0,37.66
2025-07-18T20:00,1.035,0.0,37.49
2025-07-18T21:00,1.03,0.0,37.28
2025-07-18T22:00,1.028,0.0,37.19
2025-07-18T23:00,1.025,0.0,37.06
2025-07-19T00:00,1.021,0.0,36.89
2025-07-19T01:00,1.019,0.0,36.81
2025-07-19T02:00,1.018,0.0,36.77
2025-07-19T03:00,1.014,0.0,36.6
2025-07-19T04:00,1.01,0.0,36.43
2025-07-19T05:00,1.007,0.0,36.3
2025-07-19T06:00,1.003,0.0,36.13
2025-07-19T07:00,0.999,0.0,35.97
2025-07-19T08:00,0.996,0.0,35.86
2025-07-19T09:00,0.99,0.0,35.65
2025-07-19T10:00,0.987,0.0,35.55
2025-07-19T11:00,0.99,0.0,35.65
2025-07-19T12:00,0.991,0.0,35.69
2025-07-19T13:00,0.987,0.0,35.55
2025-07-19T14:00,0.984,0.0,35.44
2025-07-19T15:00,0.984,0.0,35.44
2025-07-19T16:00,0.979,0.0,35.27
2025-07-19T17:00,0.973,0.0,35.06
2025-07-19T19:00,0.959,0.0,34.57
2025-07-19T20:00,0.955,0.0,34.43
2025-07-19T21:00,0.954,0.0,34.39
2025-07-19T22:00,0.951,0.0,34.29
2025-07-19T23:00,0.951,0.0,34.29
2025-07-20T00:00,0.948,0.0,34.18
2025-07-20T01:00,0.948,0.0,34.18
2025-07-20T02:00,0.949,0.0,34.22
2025-07-20T03:00,0.95,0.0,34.25
2025-07-20T04:00,0.949,0.0,34.22
2025-07-20T05:00,0.948,0.0,34.18
2025-07-20T06:00,0.947,0.0,34.15
2025-07-20T07:00,0.948,0.0,34.18
2025-07-20T08:00,0.948,0.0,34.18
2025-07-20T09:00,0.948,0.0,34.18
2025-07-20T10:00,0.947,0.0,34.15
2025-07-20T11:00,0.947,0.0,34.15
2025-07-20T12:00,0.946,0.0,34.11
2025-07-20T13:00,0.945,0.0,34.08
2025-07-20T14:00,0.949,0.0,34.22
2025-07-20T16:00,0.948,0.0,34.18
2025-07-20T17:00,0.946,0.0,34.11
2025-07-20T18:00,0.937,0.0,33.8
2025-07-20T19:00,0.933,0.0,33.66
2025-07-20T20:00,0.931,0.0,33.59
2025-07-20T21:00,0.93,0.0,33.55
2025-07-20T22:00,0.929,0.0,33.52
2025-07-20T23:00,0.928,0.0,33.48
2025-07-21T00:00,0.928,0.0,33.48
2025-07-21T01:00,0.928,0.0,33.48
2025-07-21T02:00,0.926,0.0,33.41
2025-07-21T03:00,0.927,0.0,33.45
2025-07-21T04:00,0.925,0.0,33.38
2025-07-21T05:00,0.923,0.0,33.31
2025-07-21T06:00,0.923,0.0,33.31
2025-07-21T07:00,0.923,0.0,33.31
2025-07-21T08:00,0.923,0.0,33.31
2025-07-21T09:00,0.921,0.0,33.24
2025-07-21T10:00,0.919,0.0,33.17
2025-07-21T11:00,0.917,0.0,33.1
2025-07-21T12:00,0.918,0.0,33.13
2025-07-21T13:00,0.917,0.0,33.1
2025-07-21T14:00,0.919,0.0,33.17
2025-07-21T15:00,0.916,0.0,33.06
2025-07-21T16:00,0.919,0.0,33.17
2025-07-21T17:00,0.918,0.0,33.13
2025-07-21T18:00,0.911,0.0,32.89
2025-07-21T19:00,0.907,0.0,32.75
2025-07-21T20:00,0.908,0.0,32.78
2025-07-21T21:00,0.906,0.0,32.71
2025-07-21T22:00,0.904,0.0,32.64
2025-07-21T23:00,0.902,0.0,32.57
2025-07-22T00:00,0.9,0.0,32.5
2025-07-22T01:00,0.898,0.0,32.43
2025-07-22T02:00,0.896,0.0,32.36
2025-07-22T03:00,0.895,0.0,32.33
2025-07-22T04:00,0.894,0.0,32.29
2025-07-22T05:00,0.895,0.0,32.33
2025-07-22T06:00,0.896,0.0,32.36
2025-07-22T07:00,0.898,0.0,32.43
2025-07-22T08:00,0.899,0.0,32.47
2025-07-22T09:00,0.901,0.0,32.54
2025-07-22T10:00,0.901,0.0,32.54
2025-07-22T11:00,0.905,0.0,32.68
2025-07-22T12:00,0.913,0.0,32.96
2025-07-22T13:00,0.915,0.0,33.03
2025-07-22T14:00,0.915,0.0,33.03
2025-07-22T15:00,0.916,0.0,33.06
2025-07-22T16:00,0.914,0.0,32.99
2025-07-22T17:00,0.911,0.0,32.89
2025-07-22T18:00,0.905,0.0,32.68
2025-08-05T12:00,0.723,0.6,26.31
2025-08-05T13:00,0.775,0.0,28.13
2025-08-05T14:00,0.776,0.0,28.16
2025-08-05T15:00,0.775,0.0,28.13
2025-08-05T16:00,0.775,0.0,28.13
2025-08-05T17:00,0.775,0.0,28.13
2025-08-05T18:00,0.774,0.0,28.09
2025-08-05T19:00,0.774,0.0,28.09
2025-08-05T20:00,0.768,0.0,27.88
2025-08-05T21:00,0.771,0.0,27.99
2025-08-05T22:00,0.769,0.0,27.92
2025-08-05T23:00,0.769,0.0,27.92
2025-08-06T00:00,0.769,0.0,27.92
2025-08-06T01:00,0.768,0.0,27.88
2025-08-06T02:00,0.768,0.0,27.88
2025-08-06T03:00,0.769,0.0,27.92
2025-08-06T04:00,0.77,0.0,27.95
2025-08-06T05:00,0.771,0.0,27.99
2025-08-06T06:00,0.772,0.0,28.02
2025-08-06T07:00,0.774,0.0,28.09
2025-08-06T08:00,0.776,0.0,28.16
2025-08-06T09:00,0.778,0.0,28.23
2025-08-06T10:00,0.78,0.0,28.3
2025-08-06T11:00,0.78,0.0,28.3
2025-08-06T12:00,0.784,0.0,28.44
2025-08-06T13:00,0.786,0.0,28.51
2025-08-06T14:00,0.789,0.0,28.62
2025-08-06T15:00,0.789,0.0,28.62
2025-08-06T16:00,0.791,0.0,28.69
2025-08-06T17:00,0.791,0.0,28.69
2025-08-06T18:00,0.791,0.0,28.69
2025-08-06T19:00,0.79,0.0,28.65
2025-08-06T20:00,0.789,0.0,28.62
2025-08-06T21:00,0.786,0.0,28.51
2025-08-06T22:00,0.782,0.0,28.37
2025-08-06T23:00,0.778,0.0,28.23
2025-08-07T00:00,0.773,0.0,28.06
2025-08-07T01:00,0.767,0.0,27.85
2025-08-07T02:00,0.762,0.0,27.67
2025-08-11T14:00,0.836,0.0,30.26
2025-08-11T15:00,0.886,0.0,32.01
2025-08-11T16:00,0.882,0.0,31.87
2025-08-11T17:00,0.878,0.0,31.73
2025-08-11T18:00,0.875,0.0,31.63
2025-08-11T19:00,0.87,0.0,31.45
2025-08-11T20:00,0.867,0.0,31.35
2025-08-11T21:00,0.862,0.0,31.17
2025-08-11T22:00,0.86,0.0,31.1
2025-08-11T23:00,0.855,0.0,30.93
2025-08-12T00:00,0.851,0.0,30.79
2025-08-12T01:00,0.847,0.0,30.65
2025-08-12T02:00,0.844,0.0,30.54
2025-08-12T03:00,0.841,0.0,30.44
2025-08-12T04:00,0.839,0.0,30.37
2025-08-12T05:00,0.835,0.0,30.23
2025-08-12T07:00,0.832,0.0,30.12
2025-08-12T08:00,0.83,0.0,30.05
2025-08-12T09:00,0.829,0.0,30.02
2025-08-12T10:00,0.827,0.0,29.95
2025-08-12T11:00,0.826,0.0,29.91
2025-08-12T12:00,0.83,0.0,30.05
2025-08-12T13:00,0.832,0.0,30.12
2025-08-12T14:00,0.814,0.0,29.49
2025-08-12T15:00,0.831,0.0,30.09
2025-08-12T16:00,0.832,0.0,30.12
2025-08-12T17:00,0.833,0.0,30.16
2025-08-12T18:00,0.832,0.0,30.12
2025-08-12T19:00,0.831,0.0,30.09
2025-08-12T20:00,0.831,0.0,30.09
2025-08-12T21:00,0.83,0.0,30.05
2025-08-12T22:00,0.827,0.0,29.95
2025-08-12T23:00,0.824,0.0,29.84
2025-08-13T00:00,0.821,0.0,29.74
2025-08-13T01:00,0.817,0.0,29.6
2025-08-13T02:00,0.813,0.0,29.46
2025-08-13T03:00,0.811,0.0,29.39
2025-08-13T04:00,0.808,0.0,29.28
2025-08-13T05:00,0.805,0.0,29.18
2025-08-13T06:00,0.802,0.0,29.07
2025-08-13T07:00,0.8,0.0,29.0
2025-08-13T08:00,0.798,0.0,28.93
2025-08-13T09:00,0.795,0.0,28.83
2025-08-13T10:00,0.795,0.0,28.83
2025-08-13T11:00,0.794,0.0,28.79
2025-08-13T12:00,0.791,0.0,28.69
2025-08-13T13:00,0.789,0.0,28.62
2025-08-13T14:00,0.786,0.0,28.51
2025-08-13T15:00,0.79,0.0,28.65
2025-08-13T16:00,0.786,0.0,28.51
2025-08-13T17:00,0.79,0.0,28.65
2025-08-13T18:00,0.787,0.0,28.55
2025-08-13T19:00,0.786,0.0,28.51
2025-08-13T20:00,0.786,0.0,28.51
2025-08-13T21:00,0.784,0.0,28.44
2025-08-13T22:00,0.779,0.0,28.27
2025-08-13T23:00,0.776,0.0,28.16
2025-08-14T00:00,0.772,0.0,28.02
2025-08-14T01:00,0.768,0.0,27.88
2025-08-14T02:00,0.763,0.0,27.71
2025-08-14T03:00,0.759,0.0,27.57
2025-08-14T04:00,0.755,0.0,27.43
2025-08-14T05:00,0.75,0.0,27.25
2025-08-14T06:00,0.745,0.0,27.08
2025-08-14T07:00,0.741,0.0,26.94
2025-08-14T08:00,0.738,0.0,26.83
2025-08-14T09:00,0.736,0.0,26.76
2025-08-14T10:00,0.73,0.0,26.55
2025-08-14T11:00,0.729,0.0,26.52
2025-08-14T12:00,0.725,0.0,26.38
2025-08-14T13:00,0.722,0.0,26.27
2025-08-14T14:00,0.716,0.0,26.06
2025-08-14T15:00,0.713,0.0,25.96
2025-08-14T16:00,0.713,0.0,25.96
2025-08-14T17:00,0.708,0.0,25.78
2025-08-14T18:00,0.707,0.0,25.75
2025-08-14T19:00,0.708,0.0,25.78
2025-08-14T20:00,0.706,0.0,25.71
2025-08-14T21:00,0.705,0.0,25.68
2025-08-14T22:00,0.701,0.0,25.54
2025-08-14T23:00,0.701,0.0,25.54
2025-08-15T00:00,0.703,0.0,25.61
2025-08-15T01:00,0.702,0.0,25.57
2025-08-15T02:00,0.704,0.0,25.64
2025-08-15T03:00,0.706,0.0,25.71
2025-08-15T04:00,0.707,0.0,25.75
2025-08-15T05:00,0.709,0.0,25.82
2025-08-15T06:00,0.71,0.0,25.85
2025-08-15T07:00,0.711,0.0,25.89
2025-08-15T08:00,0.712,0.0,25.92
2025-08-15T09:00,0.712,0.0,25.92
2025-08-15T10:00,0.713,0.0,25.96
2025-08-15T11:00,0.713,0.0,25.96
2025-08-15T12:00,0.71,0.0,25.85
2025-08-15T13:00,0.709,0.0,25.82
2025-08-15T14:00,0.706,0.0,25.71
2025-08-15T15:00,0.702,0.0,25.57
2025-08-15T16:00,0.701,0.0,25.54
2025-08-15T17:00,0.7,0.0,25.5
2025-08-15T18:00,0.696,0.0,25.36
2025-08-15T19:00,0.696,0.0,25.36
2025-08-15T20:00,0.693,0.0,25.26
2025-08-15T21:00,0.69,0.0,25.15
2025-08-15T22:00,0.689,0.0,25.12
2025-08-15T23:00,0.688,0.0,25.08
2025-08-16T00:00,0.684,0.0,24.94
2025-08-16T01:00,0.683,0.0,24.91
2025-08-16T02:00,0.681,0.0,24.84
2025-08-16T03:00,0.68,0.0,24.8
2025-08-16T04:00,0.679,0.0,24.77
2025-08-16T05:00,0.679,0.0,24.77
2025-08-16T06:00,0.679,0.0,24.77
2025-08-16T07:00,0.68,0.0,24.8
2025-08-16T08:00,0.681,0.0,24.84
2025-08-16T09:00,0.685,0.0,24.98
2025-08-16T10:00,0.686,0.0,25.01
2025-08-16T11:00,0.689,0.0,25.12
2025-08-16T12:00,0.689,0.0,25.12
2025-08-16T13:00,0.689,0.0,25.12
2025-08-16T14:00,0.689,0.0,25.12
2025-08-16T15:00,0.689,0.0,25.12
2025-08-16T16:00,0.685,0.0,24.98
2025-08-16T17:00,0.688,0.0,25.08
2025-08-16T18:00,0.688,0.0,25.08
2025-08-16T19:00,0.687,0.0,25.05
2025-08-16T20:00,0.687,0.0,25.05
2025-08-16T21:00,0.684,0.0,24.94
2025-08-16T22:00,0.681,0.0,24.84
2025-08-16T23:00,0.681,0.0,24.84
2025-08-17T00:00,0.678,0.0,24.73
2025-08-17T01:00,0.675,0.0,24.63
2025-08-17T02:00,0.673,0.0,24.56
2025-08-17T03:00,0.673,0.0,24.56
2025-08-17T04:00,0.672,0.0,24.52
2025-08-17T05:00,0.671,0.0,24.49
2025-08-17T06:00,0.67,0.0,24.45
2025-08-17T07:00,0.669,0.0,24.42
2025-08-17T08:00,0.67,0.0,24.45
2025-08-17T09:00,0.67,0.0,24.45
2025-08-17T10:00,0.672,0.0,24.52
2025-08-17T11:00,0.671,0.0,24.49
2025-08-17T12:00,0.673,0.0,24.56
2025-08-17T13:00,0.675,0.0,24.63
2025-08-17T14:00,0.678,0.0,24.73
2025-08-17T15:00,0.68,0.0,24.8
2025-08-17T16:00,0.682,0.0,24.87
2025-08-17T17:00,0.69,0.0,25.15
2025-08-17T18:00,0.691,0.0,25.19
2025-08-17T19:00,0.693,0.0,25.26
2025-08-17T20:00,0.695,0.0,25.33
2025-08-17T21:00,0.697,0.0,25.4
2025-08-17T22:00,0.698,0.0,25.43
2025-08-17T23:00,0.697,0.0,25.4
2025-08-18T00:00,0.694,0.0,25.29
2025-08-18T01:00,0.692,0.0,25.22
2025-08-18T02:00,0.692,0.0,25.22
2025-08-18T03:00,0.69,0.0,25.15
2025-08-18T04:00,0.687,0.0,25.05
2025-08-18T05:00,0.686,0.0,25.01
2025-08-18T06:00,0.685,0.0,24.98
2025-08-18T07:00,0.684,0.0,24.94
2025-08-18T08:00,0.682,0.0,24.87
2025-08-18T09:00,0.681,0.0,24.84
2025-08-18T10:00,0.678,0.0,24.73
2025-08-18T11:00,0.675,0.0,24.63
2025-08-18T12:00,0.671,0.0,24.49
2025-08-18T13:00,0.672,0.0,24.52
2025-08-18T14:00,0.668,0.0,24.38
2025-08-18T15:00,0.667,0.0,24.35
2025-08-18T16:00,0.665,0.0,24.28
2025-08-18T17:00,0.664,0.0,24.24
2025-08-18T18:00,0.66,0.0,24.1
2025-08-18T19:00,0.66,0.0,24.1
2025-08-18T20:00,0.66,0.0,24.1
2025-08-18T21:00,0.657,0.0,24.0
2025-08-18T22:00,0.658,0.0,24.03
2025-08-18T23:00,0.657,0.0,24.0
2025-08-19T00:00,0.654,0.0,23.89
2025-08-19T01:00,0.653,0.0,23.86
2025-08-19T02:00,0.652,0.0,23.82
2025-08-19T03:00,0.651,0.0,23.79
2025-08-19T04:00,0.65,0.0,23.75
2025-08-19T05:00,0.65,0.0,23.75
2025-08-19T06:00,0.651,0.0,23.79
2025-08-19T07:00,0.65,0.0,23.75
2025-08-19T08:00,0.651,0.0,23.79
2025-08-19T09:00,0.651,0.0,23.79
2025-08-19T10:00,0.644,0.0,23.54
2025-08-19T11:00,0.641,0.0,23.44
2025-08-19T12:00,0.639,0.0,23.37
2025-08-19T13:00,0.639,0.0,23.37
2025-08-19T14:00,0.639,0.0,23.37
2025-08-19T15:00,0.636,0.0,23.26
2025-08-19T16:00,0.632,0.0,23.12
2025-08-19T17:00,0.63,0.0,23.05
2025-08-19T18:00,0.633,0.0,23.16
2025-08-19T19:00,0.635,0.0,23.23
2025-08-19T20:00,0.633,0.0,23.16
2025-08-19T21:00,0.63,0.0,23.05
2025-08-19T22:00,0.63,0.0,23.05
2025-08-19T23:00,0.629,0.0,23.02
2025-08-20T00:00,0.627,0.0,22.95
2025-08-20T01:00,0.626,0.0,22.91
2025-08-20T02:00,0.625,0.0,22.88
2025-08-20T03:00,0.624,0.0,22.84
2025-08-20T04:00,0.627,0.0,22.95
2025-08-20T05:00,0.627,0.0,22.95
2025-08-20T06:00,0.631,0.6,23.09
2025-08-20T07:00,0.63,2.6,23.05
2025-08-20T08:00,0.651,1.4,23.79
2025-08-20T09:00,0.655,0.6,23.93
2025-08-20T10:00,0.655,0.0,23.93
2025-08-20T11:00,0.66,0.0,24.1
2025-08-20T12:00,0.663,0.0,24.21
2025-08-20T13:00,0.652,0.2,23.82
2025-08-20T14:00,0.649,0.0,23.72
2025-08-20T15:00,0.655,0.0,23.93
2025-08-20T16:00,0.657,0.0,24.0
2025-08-20T17:00,0.664,0.0,24.24
2025-08-20T18:00,0.68,0.0,24.8
2025-08-20T19:00,0.681,0.0,24.84
2025-08-20T20:00,0.686,0.0,25.01
2025-08-20T21:00,0.69,0.0,25.15
2025-08-20T22:00,0.691,0.0,25.19
2025-08-20T23:00,0.692,0.0,25.22
2025-08-21T00:00,0.692,0.0,25.22
2025-08-21T01:00,0.691,0.0,25.19
2025-08-21T02:00,0.692,0.0,25.22
2025-08-21T03:00,0.691,0.0,25.19
2025-08-21T04:00,0.69,0.0,25.15
2025-08-21T05:00,0.687,0.0,25.05
2025-08-21T06:00,0.684,0.0,24.94
2025-08-21T07:00,0.685,0.0,24.98
2025-08-21T08:00,0.684,0.0,24.94
2025-08-21T09:00,0.681,0.0,24.84
2025-08-21T10:00,0.678,0.0,24.73
2025-08-21T11:00,0.676,0.0,24.66
2025-08-21T12:00,0.673,0.0,24.56
2025-08-21T13:00,0.668,0.0,24.38
2025-08-21T14:00,0.666,0.0,24.31
2025-08-21T15:00,0.663,0.0,24.21
2025-08-21T16:00,0.661,0.0,24.14
2025-08-21T17:00,0.659,0.0,24.07
2025-08-21T18:00,0.66,0.0,24.1
2025-08-21T19:00,0.659,0.0,24.07
2025-08-21T20:00,0.658,0.0,24.03
2025-08-21T21:00,0.66,0.0,24.1
2025-08-21T22:00,0.658,0.0,24.03
2025-08-21T23:00,0.657,0.0,24.0
2025-08-22T00:00,0.656,0.0,23.96
2025-08-22T01:00,0.656,0.0,23.96
2025-08-22T02:00,0.656,0.0,23.96
2025-08-22T03:00,0.657,0.0,24.0
2025-08-22T04:00,0.657,0.0,24.0
2025-08-22T05:00,0.657,0.0,24.0
2025-08-22T06:00,0.656,0.0,23.96
2025-08-22T07:00,0.657,0.0,24.0
2025-08-22T08:00,0.658,0.0,24.03
2025-08-22T09:00,0.656,0.0,23.96
2025-08-22T10:00,0.656,0.0,23.96
2025-08-22T11:00,0.657,0.0,24.0
2025-08-22T12:00,0.644,0.0,23.54
2025-08-22T13:00,0.648,0.0,23.68
2025-08-22T14:00,0.638,0.0,23.33
2025-08-22T15:00,0.644,0.0,23.54
2025-08-22T16:00,0.636,0.0,23.26
2025-08-22T17:00,0.646,0.0,23.61
2025-08-22T18:00,0.647,0.0,23.65
2025-08-22T19:00,0.646,0.0,23.61
2025-08-22T20:00,0.646,0.0,23.61
2025-08-22T21:00,0.646,0.0,23.61
2025-08-22T22:00,0.646,0.0,23.61
2025-08-22T23:00,0.646,0.0,23.61
2025-08-23T00:00,0.647,0.0,23.65
2025-08-23T01:00,0.646,0.0,23.61
2025-08-23T02:00,0.647,0.0,23.65
2025-08-23T03:00,0.651,0.0,23.79
2025-08-23T04:00,0.654,0.0,23.89
2025-08-23T05:00,0.657,0.0,24.0
2025-08-23T06:00,0.659,0.0,24.07
2025-08-23T07:00,0.662,0.0,24.17
2025-08-23T08:00,0.664,0.0,24.24
2025-08-23T09:00,0.667,0.0,24.35
2025-08-23T10:00,0.667,0.0,24.35
2025-08-23T11:00,0.661,0.0,24.14
2025-08-23T12:00,0.658,0.0,24.03
2025-08-23T13:00,0.655,0.0,23.93
2025-08-23T14:00,0.652,0.0,23.82
2025-08-23T15:00,0.669,0.0,24.42
2025-08-23T16:00,0.666,0.0,24.31
2025-08-23T17:00,0.668,0.0,24.38
2025-08-23T18:00,0.666,0.0,24.31
2025-08-23T19:00,0.664,0.0,24.24
2025-08-23T20:00,0.663,0.0,24.21
2025-08-23T21:00,0.66,0.0,24.1
2025-08-23T22:00,0.654,0.0,23.89
2025-08-23T23:00,0.653,0.0,23.86
2025-08-24T00:00,0.651,0.0,23.79
2025-08-24T01:00,0.646,0.0,23.61
2025-08-24T02:00,0.641,0.0,23.44
2025-08-24T03:00,0.641,0.0,23.44
2025-08-24T04:00,0.631,0.0,23.09
2025-08-24T05:00,0.621,0.0,22.74
2025-08-24T06:00,0.622,0.0,22.77
2025-08-24T07:00,0.612,0.0,22.42
2025-08-24T08:00,0.616,0.0,22.56
2025-08-24T09:00,0.619,0.0,22.67
2025-08-24T10:00,0.615,0.0,22.53
2025-08-24T11:00,0.617,0.0,22.6
2025-08-24T12:00,0.612,0.0,22.42
2025-08-24T13:00,0.608,0.0,22.28
2025-08-24T14:00,0.607,0.0,22.25
2025-08-24T15:00,0.603,0.0,22.11
2025-08-24T16:00,0.605,0.0,22.18
2025-08-24T17:00,0.604,0.0,22.14
2025-08-24T18:00,0.604,0.4,22.14
2025-08-24T19:00,0.596,4.0,21.89
2025-08-24T20:00,0.66,7.2,24.1
2025-08-24T21:00,0.657,2.4,24.0
2025-08-24T22:00,0.654,0.2,23.89
2025-08-24T23:00,0.652,0.0,23.82
2025-08-25T00:00,0.65,0.4,23.75
2025-08-25T01:00,0.646,0.0,23.61
2025-08-25T02:00,0.641,0.0,23.44
2025-08-25T03:00,0.638,0.0,23.33
2025-08-25T04:00,0.636,0.2,23.26
2025-08-25T05:00,0.632,0.0,23.12
2025-08-25T06:00,0.63,0.0,23.05
2025-08-25T07:00,0.63,0.0,23.05
2025-08-25T08:00,0.632,0.0,23.12
2025-08-25T09:00,0.634,0.0,23.19
2025-08-25T10:00,0.636,0.0,23.26
2025-08-25T11:00,0.637,0.0,23.3
2025-08-25T12:00,0.64,0.0,23.4
2025-08-25T13:00,0.645,0.0,23.58
2025-08-25T14:00,0.647,0.0,23.65
2025-08-25T15:00,0.653,0.0,23.86
2025-08-25T16:00,0.656,0.0,23.96
2025-08-25T17:00,0.66,0.0,24.1
2025-08-25T18:00,0.663,0.0,24.21
2025-08-25T19:00,0.665,0.0,24.28
2025-08-25T20:00,0.665,0.0,24.28
2025-08-25T21:00,0.667,0.0,24.35
2025-08-25T22:00,0.669,0.0,24.42
2025-08-25T23:00,0.67,0.0,24.45
2025-08-26T00:00,0.673,0.0,24.56
2025-08-26T01:00,0.677,0.0,24.7
2025-08-26T02:00,0.68,0.0,24.8
2025-08-26T03:00,0.683,0.0,24.91
2025-08-26T04:00,0.687,0.0,25.05
2025-08-26T05:00,0.688,0.0,25.08
2025-08-26T06:00,0.69,0.2,25.15
2025-08-26T07:00,0.704,3.0,25.64
2025-08-26T08:00,0.72,6.6,26.2
2025-08-26T09:00,0.763,2.0,27.71
2025-08-26T10:00,0.761,0.8,27.64
2025-08-26T11:00,0.764,2.2,27.74
2025-08-26T12:00,0.779,3.0,28.27
2025-08-26T13:00,0.793,2.2,28.76
2025-08-26T14:00,0.811,1.8,29.39
2025-08-26T15:00,0.818,0.4,29.63
2025-08-26T16:00,0.816,0.8,29.56
2025-08-26T17:00,0.824,0.2,29.84
2025-08-26T18:00,0.822,0.8,29.77
2025-08-26T19:00,0.84,2.2,30.4
2025-08-26T20:00,0.846,0.0,30.61
2025-08-26T21:00,0.856,0.2,30.96
2025-08-26T22:00,0.864,0.0,31.24
2025-08-26T23:00,0.869,0.0,31.42
2025-08-27T00:00,0.872,0.0,31.52
2025-08-27T01:00,0.874,0.0,31.59
2025-08-27T02:00,0.88,0.0,31.8
2025-08-27T03:00,0.887,0.0,32.05
2025-08-27T04:00,0.893,0.0,32.26
2025-08-27T05:00,0.901,0.0,32.54
2025-08-27T06:00,0.911,0.0,32.89
2025-08-27T07:00,0.921,0.2,33.24
2025-08-27T08:00,0.935,0.0,33.73
2025-08-27T09:00,0.948,0.0,34.18
2025-08-27T10:00,0.964,0.0,34.74
2025-08-27T11:00,0.98,0.0,35.3
2025-08-27T12:00,1.001,0.0,36.04
2025-08-27T13:00,1.023,0.0,36.98
2025-08-27T14:00,1.045,0.0,37.91
2025-08-27T15:00,1.068,0.0,38.89
2025-08-27T16:00,1.09,0.0,39.83
2025-08-27T17:00,1.111,0.0,40.72
2025-08-27T18:00,1.133,0.0,41.65
2025-08-27T19:00,1.157,0.0,42.67
2025-08-27T20:00,1.176,0.0,43.48
2025-08-27T21:00,1.193,0.0,44.2
2025-08-27T22:00,1.208,0.0,44.86
2025-08-27T23:00,1.224,0.0,45.58
2025-08-28T00:00,1.238,0.0,46.21
2025-08-28T01:00,1.249,0.0,46.71
2025-08-28T02:00,1.262,0.0,47.29
2025-08-28T03:00,1.271,0.0,47.7
2025-08-28T04:00,1.28,0.0,48.1
2025-08-28T05:00,1.286,0.0,48.37
2025-08-28T06:00,1.291,0.0,48.6
2025-08-28T07:00,1.296,0.0,48.82
2025-08-28T08:00,1.299,0.0,48.96
2025-08-28T09:00,1.302,0.0,49.09
2025-08-28T10:00,1.303,0.0,49.14
2025-08-28T11:00,1.301,0.0,49.05
2025-08-28T12:00,1.299,0.0,48.96
2025-08-28T13:00,1.299,0.0,48.96
2025-08-28T14:00,1.298,0.0,48.91
2025-08-28T15:00,1.297,0.0,48.87
2025-08-28T16:00,1.293,0.0,48.69
2025-08-28T17:00,1.291,0.0,48.6
2025-08-28T18:00,1.289,0.0,48.51
2025-08-28T19:00,1.285,0.0,48.33
2025-08-28T20:00,1.28,0.0,48.1
2025-08-28T21:00,1.274,0.0,47.83
2025-08-28T22:00,1.268,0.0,47.56
2025-08-28T23:00,1.261,0.0,47.25
2025-08-29T00:00,1.254,0.0,46.93
2025-08-29T01:00,1.247,0.0,46.62
2025-08-29T02:00,1.239,0.0,46.26
2025-08-29T03:00,1.233,0.0,45.99
2025-08-29T04:00,1.225,0.0,45.63
2025-08-29T05:00,1.217,0.0,45.27
2025-08-29T06:00,1.21,0.0,44.95
2025-08-29T07:00,1.204,0.0,44.68
2025-08-29T08:00,1.197,0.0,44.37
2025-08-29T09:00,1.192,0.0,44.16
2025-08-29T10:00,1.184,0.0,43.82
2025-08-29T11:00,1.178,0.0,43.57
2025-08-29T12:00,1.173,0.0,43.35
2025-08-29T13:00,1.167,0.0,43.1
2025-08-29T14:00,1.162,0.0,42.89
2025-08-29T15:00,1.155,0.0,42.59
2025-08-29T16:00,1.152,0.0,42.46
2025-08-29T17:00,1.142,0.0,42.04
2025-08-29T18:00,1.139,0.0,41.91
2025-08-29T19:00,1.134,0.0,41.7
2025-08-29T20:00,1.129,0.0,41.48
2025-08-29T21:00,1.122,0.0,41.19
2025-08-29T22:00,1.116,0.0,40.93
2025-08-29T23:00,1.111,0.0,40.72
2025-08-30T00:00,1.103,0.0,40.38
2025-08-30T01:00,1.097,0.0,40.12
2025-08-30T02:00,1.092,0.0,39.91
2025-08-30T03:00,1.087,0.0,39.7
2025-08-30T04:00,1.082,0.0,39.49
2025-08-30T05:00,1.077,0.0,39.27
2025-08-30T06:00,1.071,0.0,39.02
2025-08-30T07:00,1.067,0.0,38.85
2025-08-30T08:00,1.064,0.0,38.72
2025-08-30T09:00,1.062,0.0,38.64
2025-08-30T10:00,1.057,0.0,38.42
2025-08-30T11:00,1.056,0.0,38.38
2025-08-30T12:00,1.054,0.0,38.3
2025-08-30T13:00,1.055,0.0,38.34
2025-08-30T14:00,1.048,0.0,38.04
2025-08-30T15:00,1.051,0.0,38.17
2025-08-30T16:00,1.049,0.0,38.08
2025-08-30T17:00,1.047,0.0,38.0
2025-08-30T18:00,1.047,0.0,38.0
2025-08-30T19:00,1.047,0.0,38.0
2025-08-30T20:00,1.05,0.0,38.13
2025-08-30T21:00,1.049,0.0,38.08
2025-08-30T22:00,1.049,0.0,38.08
2025-08-30T23:00,1.049,0.0,38.08
2025-08-31T00:00,1.05,0.0,38.13
2025-08-31T01:00,1.049,0.0,38.08
2025-08-31T02:00,1.048,0.0,38.04
2025-08-31T03:00,1.048,0.0,38.04
2025-08-31T04:00,1.046,0.0,37.96
2025-08-31T05:00,1.045,0.0,37.91
2025-08-31T06:00,1.044,0.0,37.87
2025-08-31T07:00,1.041,0.0,37.74
2025-08-31T08:00,1.037,0.0,37.57
2025-08-31T09:00,1.033,0.0,37.4
2025-08-31T10:00,1.027,0.0,37.15
2025-08-31T11:00,1.019,0.0,36.81
2025-08-31T12:00,1.013,0.0,36.55
2025-08-31T13:00,0.997,0.0,35.9
2025-08-31T14:00,0.995,0.0,35.83
2025-08-31T15:00,0.985,0.0,35.48
2025-08-31T16:00,0.976,0.0,35.16
2025-08-31T17:00,0.968,0.0,34.88
2025-08-31T18:00,0.959,0.0,34.57
2025-08-31T19:00,0.949,0.0,34.22
2025-08-31T20:00,0.941,0.0,33.94
2025-08-31T21:00,0.932,0.0,33.62
2025-08-31T22:00,0.924,0.0,33.34
2025-08-31T23:00,0.916,0.0,33.06
2025-09-01T00:00,0.908,0.0,32.78
2025-09-01T01:00,0.9,0.0,32.5
2025-09-01T02:00,0.894,0.0,32.29
2025-09-01T03:00,0.89,0.0,32.15
2025-09-01T04:00,0.886,0.0,32.01
2025-09-01T05:00,0.882,0.0,31.87
2025-09-01T06:00,0.879,0.0,31.77
2025-09-01T07:00,0.877,0.0,31.7
2025-09-01T08:00,0.876,0.0,31.66
2025-09-01T09:00,0.875,0.0,31.63
2025-09-01T10:00,0.873,0.0,31.56
2025-09-01T11:00,0.866,0.0,31.31
2025-09-01T12:00,0.865,0.0,31.28
2025-09-01T13:00,0.868,0.0,31.38
2025-09-01T14:00,0.873,0.0,31.56
2025-09-01T15:00,0.873,0.0,31.56
2025-09-01T16:00,0.873,0.0,31.56
2025-09-01T17:00,0.872,0.0,31.52
2025-09-01T18:00,0.869,0.0,31.42
2025-09-01T19:00,0.872,0.0,31.52
2025-09-01T20:00,0.87,0.0,31.45
2025-09-01T21:00,0.868,0.0,31.38
2025-09-01T22:00,0.867,0.0,31.35
2025-09-01T23:00,0.865,0.0,31.28
2025-09-02T00:00,0.863,0.0,31.21
2025-09-02T01:00,0.862,0.0,31.17
2025-09-02T02:00,0.862,0.0,31.17
2025-09-02T03:00,0.863,0.0,31.21
2025-09-02T04:00,0.863,0.0,31.21
2025-09-02T05:00,0.866,0.0,31.31
2025-09-02T06:00,0.869,0.0,31.42
2025-09-02T07:00,0.871,0.0,31.49
2025-09-02T08:00,0.871,0.0,31.49
2025-09-02T09:00,0.871,0.0,31.49
2025-09-02T10:00,0.871,0.0,31.49
2025-09-02T11:00,0.87,0.0,31.45
2025-09-02T12:00,0.87,0.0,31.45
2025-09-02T13:00,0.87,0.0,31.45
2025-09-02T14:00,0.867,0.0,31.35
2025-09-02T15:00,0.867,0.0,31.35
2025-09-02T16:00,0.865,0.0,31.28
2025-09-02T17:00,0.864,0.0,31.24
2025-09-02T18:00,0.862,0.0,31.17
2025-09-02T19:00,0.859,0.0,31.07
2025-09-02T20:00,0.858,0.0,31.03
2025-09-02T21:00,0.856,0.0,30.96
2025-09-02T22:00,0.851,0.0,30.79
2025-09-02T23:00,0.849,0.0,30.72
2025-09-03T00:00,0.848,0.0,30.68
2025-09-03T01:00,0.842,0.0,30.47
2025-09-03T02:00,0.839,0.0,30.37
2025-09-03T03:00,0.837,0.0,30.3
2025-09-03T04:00,0.834,0.0,30.19
2025-09-03T05:00,0.831,0.0,30.09
2025-09-03T06:00,0.827,0.0,29.95
2025-09-03T07:00,0.824,0.0,29.84
2025-09-03T08:00,0.822,0.0,29.77
2025-09-03T09:00,0.819,0.0,29.67
2025-09-03T10:00,0.815,0.0,29.53
2025-09-03T11:00,0.813,0.0,29.46
2025-09-03T12:00,0.804,0.0,29.14
2025-09-03T13:00,0.792,0.0,28.72
2025-09-03T14:00,0.798,0.0,28.93
2025-09-03T15:00,0.789,0.0,28.62
2025-09-03T16:00,0.792,0.0,28.72
2025-09-03T17:00,0.79,0.0,28.65
2025-09-03T18:00,0.788,0.0,28.58
2025-09-03T19:00,0.784,0.0,28.44
2025-09-03T20:00,0.781,0.0,28.34
2025-09-03T21:00,0.779,0.0,28.27
2025-09-03T22:00,0.777,0.0,28.2
2025-09-03T23:00,0.774,0.0,28.09
2025-09-04T00:00,0.769,0.0,27.92
2025-09-04T01:00,0.766,0.0,27.81
2025-09-04T02:00,0.759,0.0,27.57
2025-09-04T03:00,0.755,0.0,27.43
2025-09-04T04:00,0.751,0.0,27.29
2025-09-04T05:00,0.745,0.0,27.08
2025-09-04T06:00,0.739,0.0,26.87
2025-09-04T07:00,0.734,0.0,26.69
2025-09-04T08:00,0.731,0.0,26.59
2025-09-04T09:00,0.724,0.0,26.34
2025-09-04T10:00,0.72,0.0,26.2
2025-09-04T11:00,0.711,0.0,25.89
2025-09-04T12:00,0.7,0.0,25.5
2025-09-04T13:00,0.698,0.0,25.43
2025-09-04T14:00,0.691,0.0,25.19
2025-09-04T15:00,0.691,0.0,25.19
2025-09-04T16:00,0.697,0.0,25.4
2025-09-04T17:00,0.695,0.0,25.33
2025-09-04T18:00,0.693,0.0,25.26
2025-09-04T19:00,0.691,0.0,25.19
2025-09-04T20:00,0.691,0.0,25.19
2025-09-04T21:00,0.693,0.0,25.26
2025-09-04T22:00,0.693,0.0,25.26
2025-09-04T23:00,0.696,0.0,25.36
2025-09-05T00:00,0.698,0.0,25.43
2025-09-05T01:00,0.699,0.0,25.47
2025-09-05T02:00,0.703,0.0,25.61
2025-09-05T03:00,0.706,0.0,25.71
2025-09-05T04:00,0.71,0.0,25.85
2025-09-05T05:00,0.714,3.6,25.99
2025-09-05T06:00,0.734,0.2,26.69
2025-09-05T07:00,0.735,0.8,26.73
2025-09-05T08:00,0.756,1.0,27.46
2025-09-05T09:00,0.763,0.0,27.71
2025-09-05T10:00,0.77,0.0,27.95
2025-09-05T11:00,0.78,0.0,28.3
2025-09-05T12:00,0.788,0.0,28.58
2025-09-05T13:00,0.793,0.0,28.76
2025-09-05T14:00,0.8,0.2,29.0
2025-09-05T15:00,0.805,0.0,29.18
2025-09-05T16:00,0.811,0.0,29.39
2025-09-05T17:00,0.817,0.0,29.6
2025-09-05T18:00,0.824,0.4,29.84
2025-09-05T19:00,0.831,1.0,30.09
2025-09-05T20:00,0.843,0.2,30.51
2025-09-05T21:00,0.852,0.0,30.82
2025-09-05T22:00,0.857,0.0,31.0
2025-09-05T23:00,0.861,0.0,31.14
2025-09-06T00:00,0.874,0.0,31.59
2025-09-06T01:00,0.882,0.0,31.87
2025-09-06T02:00,0.888,0.0,32.08
2025-09-06T03:00,0.897,0.0,32.4
2025-09-06T04:00,0.905,0.0,32.68
2025-09-06T05:00,0.911,0.0,32.89
2025-09-06T06:00,0.919,0.0,33.17
2025-09-06T07:00,0.927,0.0,33.45
2025-09-06T08:00,0.936,0.0,33.76
2025-09-06T09:00,0.948,0.0,34.18
2025-09-06T10:00,0.953,0.0,34.36
2025-09-06T11:00,0.962,0.0,34.67
2025-09-06T12:00,0.971,0.0,34.99
2025-09-06T13:00,0.975,0.0,35.13
2025-09-06T14:00,0.988,0.0,35.58
2025-09-06T15:00,0.993,0.0,35.76
2025-09-06T16:00,1.006,0.0,36.26
2025-09-06T17:00,1.016,0.0,36.68
2025-09-06T18:00,1.023,0.0,36.98
2025-09-06T19:00,1.033,0.0,37.4
2025-09-06T20:00,1.039,0.0,37.66
2025-09-06T21:00,1.049,0.0,38.08
2025-09-06T22:00,1.057,0.0,38.42
2025-09-06T23:00,1.064,0.0,38.72
2025-09-07T00:00,1.071,0.0,39.02
2025-09-07T01:00,1.076,0.4,39.23
2025-09-07T02:00,1.084,0.0,39.57
2025-09-07T03:00,1.089,0.2,39.78
2025-09-07T04:00,1.096,0.6,40.08
2025-09-07T05:00,1.104,0.0,40.42
2025-09-07T06:00,1.109,0.0,40.63
2025-09-07T07:00,1.116,0.0,40.93
2025-09-07T08:00,1.123,0.0,41.23
2025-09-07T09:00,1.129,0.0,41.48
2025-09-07T10:00,1.135,0.0,41.74
2025-09-07T11:00,1.139,0.0,41.91
2025-09-07T12:00,1.142,0.0,42.04
2025-09-07T13:00,1.145,0.0,42.16
2025-09-07T14:00,1.149,0.0,42.33
2025-09-07T15:00,1.153,0.0,42.5
2025-09-07T16:00,1.156,0.0,42.63
2025-09-07T17:00,1.158,0.0,42.72
2025-09-07T18:00,1.159,0.0,42.76
2025-09-07T19:00,1.161,0.0,42.84
2025-09-07T20:00,1.164,0.0,42.97
2025-09-07T21:00,1.165,0.0,43.01
2025-09-07T22:00,1.167,0.0,43.1
2025-09-07T23:00,1.168,0.0,43.14
2025-09-08T00:00,1.168,0.0,43.14
2025-09-08T01:00,1.166,0.0,43.06
2025-09-08T02:00,1.166,0.0,43.06
2025-09-08T03:00,1.164,0.0,42.97
2025-09-08T04:00,1.16,0.0,42.8
2025-09-08T05:00,1.157,0.0,42.67
2025-09-08T06:00,1.154,0.0,42.55
2025-09-08T07:00,1.148,0.0,42.29
2025-09-08T08:00,1.142,0.0,42.04
2025-09-08T09:00,1.137,0.0,41.82
2025-09-08T10:00,1.13,0.0,41.53
2025-09-08T11:00,1.123,0.0,41.23
2025-09-08T12:00,1.116,0.0,40.93
2025-09-08T13:00,1.108,0.0,40.59
2025-09-08T14:00,1.102,0.2,40.34
2025-09-08T15:00,1.094,0.0,40.0
2025-09-08T16:00,1.089,0.0,39.78
2025-09-08T17:00,1.082,0.0,39.49
2025-09-08T18:00,1.078,0.0,39.32
2025-09-08T19:00,1.073,0.0,39.1
2025-09-08T20:00,1.065,0.0,38.76
2025-09-08T21:00,1.061,0.0,38.59
2025-09-08T22:00,1.054,0.0,38.3
2025-09-08T23:00,1.047,0.0,38.0
2025-09-09T00:00,1.04,0.0,37.7
2025-09-09T01:00,1.031,0.0,37.32
2025-09-09T02:00,1.024,0.0,37.02
2025-09-09T03:00,1.017,0.2,36.72
2025-09-09T04:00,1.001,0.4,36.04
2025-09-09T05:00,0.993,2.0,35.76
2025-09-09T06:00,0.995,3.2,35.83
2025-09-09T07:00,1.004,1.4,36.17
2025-09-09T08:00,1.007,0.0,36.3
2025-09-09T09:00,0.998,0.0,35.93
2025-09-09T10:00,0.984,0.0,35.44
2025-09-09T11:00,0.969,0.0,34.92
2025-09-09T12:00,0.957,0.2,34.5
2025-09-09T13:00,0.955,0.0,34.43
2025-09-09T14:00,0.941,0.0,33.94
2025-09-09T15:00,0.932,0.0,33.62
2025-09-09T16:00,0.925,0.0,33.38
2025-09-09T17:00,0.929,0.0,33.52
2025-09-09T18:00,0.933,0.0,33.66
2025-09-09T19:00,0.927,0.0,33.45
2025-09-09T20:00,0.924,0.0,33.34
2025-09-09T21:00,0.921,0.0,33.24
2025-09-09T22:00,0.92,0.0,33.2
2025-09-09T23:00,0.917,0.0,33.1
2025-09-10T00:00,0.918,0.0,33.13
2025-09-10T01:00,0.916,0.0,33.06
2025-09-10T02:00,0.918,0.0,33.13
2025-09-10T03:00,0.919,0.0,33.17
2025-09-10T04:00,0.923,0.0,33.31
2025-09-10T05:00,0.926,0.0,33.41
2025-09-10T06:00,0.93,0.0,33.55
2025-09-10T07:00,0.937,0.0,33.8
2025-09-10T08:00,0.942,0.0,33.97
2025-09-10T09:00,0.949,0.0,34.22
2025-09-10T10:00,0.954,0.0,34.39
2025-09-10T11:00,0.958,0.0,34.53
2025-09-10T12:00,0.961,0.0,34.64
2025-09-10T13:00,0.963,0.0,34.71
2025-09-10T14:00,0.966,0.0,34.81
2025-09-10T15:00,0.967,0.0,34.85
2025-09-10T16:00,0.971,0.0,34.99
2025-09-10T17:00,0.974,0.0,35.09
2025-09-10T18:00,0.977,0.0,35.2
2025-09-10T19:00,0.976,0.0,35.16
2025-09-10T20:00,0.979,0.0,35.27
2025-09-10T21:00,0.98,0.0,35.3
2025-09-10T22:00,0.98,0.0,35.3
2025-09-10T23:00,0.981,0.0,35.34
2025-09-11T00:00,0.981,0.0,35.34
2025-09-11T01:00,0.983,0.0,35.41
2025-09-11T02:00,0.985,0.0,35.48
2025-09-11T03:00,0.986,0.0,35.51
2025-09-11T04:00,0.988,0.0,35.58
2025-09-11T05:00,0.992,0.0,35.72
2025-09-11T06:00,0.994,0.0,35.79
2025-09-11T07:00,0.998,0.0,35.93
2025-09-11T08:00,1.001,0.0,36.04
2025-09-11T09:00,1.006,0.0,36.26
2025-09-11T10:00,1.007,0.0,36.3
2025-09-11T11:00,1.009,0.0,36.38
2025-09-11T12:00,1.015,0.0,36.64
2025-09-11T13:00,1.018,0.0,36.77
2025-09-11T14:00,1.009,0.0,36.38
2025-09-11T15:00,1.025,0.0,37.06
2025-09-11T16:00,1.027,0.0,37.15
2025-09-11T17:00,1.032,0.0,37.36
2025-09-11T18:00,1.035,0.0,37.49
2025-09-11T19:00,1.035,0.0,37.49
2025-09-11T20:00,1.037,0.0,37.57
2025-09-11T21:00,1.041,0.0,37.74
2025-09-11T22:00,1.041,0.0,37.74
2025-09-11T23:00,1.041,0.0,37.74
2025-09-12T00:00,1.038,0.0,37.62
2025-09-12T01:00,1.037,0.0,37.57
2025-09-12T02:00,1.033,0.0,37.4
2025-09-12T03:00,1.03,0.0,37.28
2025-09-12T04:00,1.027,0.0,37.15
2025-09-12T05:00,1.022,0.0,36.94
2025-09-12T06:00,1.018,0.0,36.77
2025-09-12T07:00,1.013,0.0,36.55
2025-09-12T08:00,1.009,0.0,36.38
2025-09-12T09:00,1.003,0.0,36.13
2025-09-12T10:00,0.999,0.0,35.97
2025-09-12T11:00,0.993,0.0,35.76
2025-09-12T12:00,0.988,0.0,35.58
2025-09-12T13:00,0.985,0.0,35.48
2025-09-12T14:00,0.978,0.0,35.23
2025-09-12T15:00,0.973,0.0,35.06
2025-09-12T16:00,0.971,0.0,34.99
2025-09-12T17:00,0.963,0.0,34.71
2025-09-12T18:00,0.962,0.0,34.67
2025-09-12T19:00,0.958,0.0,34.53
2025-09-12T20:00,0.954,0.0,34.39
2025-09-12T21:00,0.951,0.0,34.29
2025-09-12T22:00,0.947,0.0,34.15
2025-09-12T23:00,0.944,0.0,34.04
2025-09-13T00:00,0.939,0.0,33.87
2025-09-13T01:00,0.937,0.0,33.8
2025-09-13T02:00,0.932,0.0,33.62
2025-09-13T03:00,0.929,0.0,33.52
2025-09-13T04:00,0.926,0.0,33.41
2025-09-13T05:00,0.923,0.0,33.31
2025-09-13T06:00,0.921,0.0,33.24
2025-09-13T07:00,0.919,0.0,33.17
2025-09-13T08:00,0.918,0.0,33.13
2025-09-13T09:00,0.916,0.0,33.06
2025-09-13T10:00,0.908,0.0,32.78
2025-09-13T11:00,0.912,0.0,32.92
2025-09-13T12:00,0.91,0.0,32.85
2025-09-13T13:00,0.912,0.0,32.92
2025-09-13T14:00,0.909,0.0,32.82
2025-09-13T15:00,0.907,0.0,32.75
2025-09-13T16:00,0.907,0.0,32.75
2025-09-13T17:00,0.905,0.0,32.68
2025-09-13T18:00,0.905,0.0,32.68
2025-09-13T19:00,0.905,0.0,32.68
2025-09-13T20:00,0.905,0.0,32.68
2025-09-13T21:00,0.903,0.0,32.61
2025-09-13T22:00,0.9,0.0,32.5
2025-09-13T23:00,0.898,0.0,32.43
2025-09-14T00:00,0.895,0.0,32.33
2025-09-14T01:00,0.89,0.0,32.15
2025-09-14T02:00,0.887,0.0,32.05
2025-09-14T03:00,0.885,0.0,31.98
2025-09-14T04:00,0.882,0.0,31.87
2025-09-14T05:00,0.879,0.0,31.77
2025-09-14T06:00,0.875,0.0,31.63
2025-09-14T07:00,0.87,0.0,31.45
2025-09-14T08:00,0.87,0.0,31.45
2025-09-14T09:00,0.866,0.0,31.31
2025-09-14T10:00,0.863,0.0,31.21
2025-09-14T11:00,0.86,0.0,31.1
2025-09-14T12:00,0.86,0.0,31.1
2025-09-14T13:00,0.856,0.0,30.96
2025-09-14T14:00,0.851,0.0,30.79
2025-09-14T15:00,0.848,0.0,30.68
2025-09-14T16:00,0.847,0.0,30.65
2025-09-14T17:00,0.847,0.0,30.65
2025-09-14T18:00,0.844,0.0,30.54
2025-09-14T19:00,0.843,0.0,30.51
2025-09-14T20:00,0.844,0.0,30.54
2025-09-14T21:00,0.842,0.0,30.47
2025-09-14T22:00,0.841,0.0,30.44
2025-09-14T23:00,0.84,0.0,30.4
2025-09-15T00:00,0.839,0.0,30.37
2025-09-15T01:00,0.836,0.0,30.26
2025-09-15T02:00,0.835,0.0,30.23
2025-09-15T03:00,0.832,0.0,30.12
2025-09-15T04:00,0.831,0.0,30.09
2025-09-15T05:00,0.829,0.0,30.02
2025-09-15T06:00,0.827,0.0,29.95
2025-09-15T07:00,0.825,0.0,29.88
2025-09-15T08:00,0.823,0.0,29.81
2025-09-15T09:00,0.821,0.0,29.74
2025-09-15T10:00,0.817,0.0,29.6
2025-09-15T11:00,0.813,0.0,29.46
2025-09-15T12:00,0.811,0.0,29.39
2025-09-15T13:00,0.807,0.0,29.25
2025-09-15T14:00,0.803,0.0,29.11
2025-09-15T15:00,0.801,0.0,29.04
2025-09-15T16:00,0.8,0.0,29.0
2025-09-15T17:00,0.799,0.0,28.97
2025-09-15T18:00,0.801,0.0,29.04
2025-09-15T19:00,0.802,0.0,29.07
2025-09-15T20:00,0.806,0.0,29.21
2025-09-15T21:00,0.808,0.0,29.28
2025-09-15T22:00,0.81,0.0,29.35
2025-09-15T23:00,0.809,0.0,29.32
2025-09-16T00:00,0.81,0.0,29.35
2025-09-16T01:00,0.811,0.8,29.39
2025-09-16T02:00,0.811,0.4,29.39
2025-09-16T03:00,0.811,0.0,29.39
2025-09-16T04:00,0.81,0.0,29.35
2025-09-16T05:00,0.808,0.0,29.28
2025-09-16T06:00,0.805,0.0,29.18
2025-09-16T07:00,0.804,0.0,29.14
2025-09-16T08:00,0.803,0.0,29.11
2025-09-16T09:00,0.801,0.0,29.04
2025-09-16T10:00,0.799,0.0,28.97
2025-09-16T11:00,0.797,0.0,28.9
2025-09-16T12:00,0.79,0.0,28.65
2025-09-16T13:00,0.792,0.0,28.72
2025-09-16T14:00,0.795,0.0,28.83
2025-09-16T15:00,0.79,0.0,28.65
2025-09-16T16:00,0.79,0.0,28.65
2025-09-16T17:00,0.789,0.0,28.62
2025-09-16T18:00,0.792,0.0,28.72
2025-09-16T19:00,0.791,0.0,28.69
2025-09-16T20:00,0.793,0.0,28.76
2025-09-16T21:00,0.791,0.0,28.69
2025-09-16T22:00,0.792,0.0,28.72
2025-09-16T23:00,0.791,0.0,28.69
2025-09-17T00:00,0.789,0.0,28.62
2025-09-17T01:00,0.787,0.0,28.55
2025-09-17T02:00,0.785,0.0,28.48
2025-09-17T03:00,0.783,0.0,28.41
2025-09-17T04:00,0.781,0.0,28.34
2025-09-17T05:00,0.778,0.0,28.23
2025-09-17T06:00,0.773,0.0,28.06
2025-09-17T07:00,0.772,0.0,28.02
2025-09-17T08:00,0.769,0.0,27.92
2025-09-17T09:00,0.765,0.0,27.78
2025-09-17T10:00,0.761,0.0,27.64
2025-09-17T11:00,0.76,0.0,27.6
2025-09-17T12:00,0.757,0.0,27.5
2025-09-17T13:00,0.754,0.0,27.39
2025-09-17T14:00,0.753,0.0,27.36
2025-09-17T15:00,0.755,0.0,27.43
2025-09-17T16:00,0.755,0.0,27.43
2025-09-17T17:00,0.755,0.0,27.43
2025-09-17T18:00,0.755,0.0,27.43
2025-09-17T19:00,0.757,0.0,27.5
2025-09-17T20:00,0.758,0.0,27.53
2025-09-17T21:00,0.757,0.0,27.5
2025-09-17T22:00,0.757,0.0,27.5
2025-09-17T23:00,0.756,0.0,27.46
2025-09-18T00:00,0.755,0.0,27.43
2025-09-18T01:00,0.753,0.0,27.36
2025-09-18T02:00,0.752,0.0,27.32
2025-09-18T03:00,0.753,0.0,27.36
2025-09-18T04:00,0.753,0.0,27.36
2025-09-18T05:00,0.75,0.0,27.25
2025-09-18T06:00,0.749,0.0,27.22
2025-09-18T07:00,0.749,0.0,27.22
2025-09-18T08:00,0.749,0.0,27.22
2025-09-18T09:00,0.747,0.0,27.15
2025-09-18T10:00,0.741,0.0,26.94
2025-09-18T11:00,0.742,0.0,26.97
2025-09-18T12:00,0.74,0.0,26.9
2025-09-18T13:00,0.739,0.0,26.87
2025-09-18T14:00,0.736,0.0,26.76
2025-09-18T15:00,0.731,0.0,26.59
2025-09-18T16:00,0.731,0.0,26.59
2025-09-18T17:00,0.738,0.0,26.83
2025-09-18T18:00,0.737,0.0,26.8
2025-09-18T19:00,0.737,0.0,26.8
2025-09-18T20:00,0.74,0.0,26.9
2025-09-18T21:00,0.741,0.0,26.94
2025-09-18T22:00,0.741,0.0,26.94
2025-09-18T23:00,0.741,0.0,26.94
2025-09-19T00:00,0.743,0.0,27.01
2025-09-19T01:00,0.744,0.0,27.04
2025-09-19T02:00,0.745,0.0,27.08
2025-09-19T03:00,0.747,0.0,27.15
2025-09-19T04:00,0.748,0.0,27.18
2025-09-19T05:00,0.75,0.0,27.25
2025-09-19T06:00,0.751,0.0,27.29
2025-09-19T07:00,0.752,0.0,27.32
2025-09-19T08:00,0.753,0.0,27.36
2025-09-19T09:00,0.753,0.0,27.36
2025-09-19T10:00,0.753,0.0,27.36
2025-09-19T11:00,0.753,0.0,27.36
2025-09-19T12:00,0.744,0.0,27.04
2025-09-19T13:00,0.742,0.0,26.97
2025-09-19T14:00,0.737,0.0,26.8
2025-09-19T15:00,0.733,0.0,26.66
2025-09-19T16:00,0.723,0.0,26.31
2025-09-19T17:00,0.733,0.0,26.66
2025-09-19T18:00,0.732,0.0,26.62
2025-09-19T19:00,0.728,0.0,26.48
2025-09-19T20:00,0.726,0.0,26.41
2025-09-19T21:00,0.726,0.0,26.41
2025-09-19T22:00,0.726,0.0,26.41
2025-09-19T23:00,0.724,0.0,26.34
2025-09-20T00:00,0.724,0.0,26.34
2025-09-20T01:00,0.726,0.0,26.41
2025-09-20T02:00,0.727,0.0,26.45
2025-09-20T03:00,0.729,0.0,26.52
2025-09-20T04:00,0.731,0.0,26.59
2025-09-20T05:00,0.733,0.0,26.66
2025-09-20T06:00,0.734,0.0,26.69
2025-09-20T07:00,0.737,0.0,26.8
2025-09-20T08:00,0.738,0.0,26.83
2025-09-20T09:00,0.738,0.0,26.83
2025-09-20T10:00,0.736,0.0,26.76
2025-09-20T11:00,0.737,0.0,26.8
2025-09-20T12:00,0.731,0.0,26.59
2025-09-20T13:00,0.73,0.0,26.55
2025-09-20T14:00,0.736,0.0,26.76
2025-09-20T15:00,0.734,0.0,26.69
2025-09-20T16:00,0.737,0.0,26.8
2025-09-20T17:00,0.736,0.0,26.76
2025-09-20T18:00,0.737,0.0,26.8
2025-09-20T19:00,0.735,0.0,26.73
2025-09-20T20:00,0.736,0.0,26.76
2025-09-20T21:00,0.736,0.0,26.76
2025-09-20T22:00,0.735,0.0,26.73
2025-09-20T23:00,0.736,0.0,26.76
2025-09-21T00:00,0.735,0.0,26.73
2025-09-21T01:00,0.734,0.0,26.69
2025-09-21T02:00,0.736,0.0,26.76
2025-09-21T03:00,0.734,0.0,26.69
2025-09-21T04:00,0.734,0.0,26.69
2025-09-21T05:00,0.734,0.0,26.69
2025-09-21T06:00,0.732,0.0,26.62
2025-09-21T07:00,0.731,0.0,26.59
2025-09-21T08:00,0.729,0.0,26.52
2025-09-21T09:00,0.732,0.0,26.62
2025-09-21T10:00,0.715,0.0,26.03
2025-09-21T11:00,0.716,0.0,26.06
2025-09-21T12:00,0.711,0.0,25.89
2025-09-21T13:00,0.706,0.0,25.71
2025-09-21T14:00,0.746,5.0,27.11
2025-09-21T15:00,0.751,7.2,27.29
2025-09-21T16:00,0.777,0.2,28.2
2025-09-21T17:00,0.774,0.0,28.09
2025-09-21T18:00,0.779,0.0,28.27
2025-09-21T19:00,0.779,0.0,28.27
2025-09-21T20:00,0.771,0.0,27.99
2025-09-21T21:00,0.766,0.0,27.81
2025-09-21T22:00,0.76,0.0,27.6
2025-09-21T23:00,0.756,0.0,27.46
2025-09-22T00:00,0.753,0.0,27.36
2025-09-22T01:00,0.751,0.0,27.29
2025-09-22T02:00,0.749,0.6,27.22
2025-09-22T03:00,0.75,0.0,27.25
2025-09-22T04:00,0.774,5.2,28.09
2025-09-22T05:00,0.829,11.6,30.02
2025-09-22T06:00,0.864,2.0,31.24
2025-09-22T07:00,0.869,0.8,31.42
2025-09-22T08:00,0.874,4.4,31.59
2025-09-22T09:00,0.913,3.8,32.96
2025-09-22T10:00,0.909,1.8,32.82
2025-09-22T11:00,0.938,5.2,33.83
2025-09-22T12:00,0.963,2.0,34.71
2025-09-22T13:00,0.97,0.4,34.95
2025-09-22T14:00,0.972,0.0,35.02
2025-09-22T15:00,0.981,0.0,35.34
2025-09-22T16:00,0.991,0.0,35.69
2025-09-22T17:00,1.003,0.0,36.13
2025-09-22T18:00,1.038,0.0,37.62
2025-09-22T19:00,1.069,0.0,38.93
2025-09-22T20:00,1.099,0.0,40.21
2025-09-22T21:00,1.142,0.0,42.04
2025-09-22T22:00,1.187,0.0,43.95
2025-09-22T23:00,1.233,0.0,45.99
2025-09-23T00:00,1.278,0.0,48.01
2025-09-23T01:00,1.324,0.0,50.08
2025-09-23T02:00,1.371,0.0,52.2
2025-09-23T03:00,1.421,0.0,54.45
2025-09-23T04:00,1.471,0.0,56.7
2025-09-23T05:00,1.523,0.0,59.04
2025-09-23T06:00,1.575,0.0,61.38
2025-09-23T07:00,1.627,0.0,63.72
2025-09-23T08:00,1.678,0.0,66.01
2025-09-23T09:00,1.73,0.0,68.35
2025-09-23T10:00,1.773,0.0,70.29
2025-09-23T11:00,1.824,0.0,72.58
2025-09-23T12:00,1.867,0.0,74.52
2025-09-23T13:00,1.907,0.0,76.32
2025-09-23T14:00,1.944,0.0,77.98
2025-09-23T15:00,1.977,0.0,79.47
2025-09-23T16:00,2.008,0.0,80.86
2025-09-23T17:00,2.036,0.0,82.12
2025-09-23T18:00,2.06,0.0,83.2
2025-09-23T19:00,2.081,0.0,84.15
2025-09-23T20:00,2.098,0.0,84.91
2025-09-23T21:00,2.112,0.0,85.54
2025-09-23T22:00,2.122,0.0,85.99
2025-09-23T23:00,2.13,0.0,86.35
2025-09-24T00:00,2.134,0.0,86.53
2025-09-24T01:00,2.137,0.0,86.67
2025-09-24T02:00,2.137,0.0,86.67
2025-09-24T03:00,2.135,0.0,86.58
2025-09-24T04:00,2.132,0.0,86.44
2025-09-24T05:00,2.126,0.0,86.17
2025-09-24T06:00,2.119,0.0,85.86
2025-09-24T07:00,2.11,0.0,85.45
2025-09-24T08:00,2.1,0.0,85.0
2025-09-24T09:00,2.089,0.0,84.51
2025-09-24T10:00,2.076,0.0,83.92
2025-09-24T11:00,2.064,0.0,83.38
2025-09-24T12:00,2.051,0.0,82.8
2025-09-24T13:00,2.039,0.0,82.26
2025-09-24T14:00,2.023,0.0,81.54
2025-09-24T15:00,2.008,0.0,80.86
2025-09-24T16:00,1.995,0.0,80.28
2025-09-24T17:00,1.981,0.0,79.65
2025-09-24T18:00,1.965,0.0,78.93
2025-09-24T19:00,1.95,0.0,78.25
2025-09-24T20:00,1.935,0.0,77.58
2025-09-24T21:00,1.919,0.0,76.86
2025-09-24T22:00,1.903,0.0,76.14
2025-09-24T23:00,1.886,0.0,75.37
2025-09-25T00:00,1.87,0.0,74.65
2025-09-25T01:00,1.853,0.0,73.89
2025-09-25T02:00,1.837,0.0,73.17
2025-09-25T03:00,1.822,0.0,72.49
2025-09-25T04:00,1.807,0.0,71.82
2025-09-25T05:00,1.791,0.0,71.1
2025-09-25T06:00,1.776,0.0,70.42
2025-09-25T07:00,1.763,0.0,69.84
2025-09-25T08:00,1.749,0.0,69.21
2025-09-25T09:00,1.735,0.0,68.58
2025-09-25T10:00,1.718,0.0,67.81
2025-09-25T11:00,1.707,0.0,67.32
2025-09-25T12:00,1.694,0.0,66.73
2025-09-25T13:00,1.681,0.0,66.15
2025-09-25T14:00,1.67,0.0,65.65
2025-09-25T15:00,1.656,0.0,65.02
2025-09-25T16:00,1.646,0.0,64.57
2025-09-25T17:00,1.635,0.0,64.08
2025-09-25T18:00,1.623,0.0,63.54
2025-09-25T19:00,1.613,0.0,63.09
2025-09-25T20:00,1.602,0.0,62.59
2025-09-25T21:00,1.591,0.0,62.1
2025-09-25T22:00,1.581,0.0,61.65
2025-09-25T23:00,1.57,0.0,61.15
2025-09-26T00:00,1.558,0.0,60.61
2025-09-26T01:00,1.548,0.0,60.16
2025-09-26T02:00,1.538,0.0,59.71
2025-09-26T03:00,1.529,0.0,59.31
2025-09-26T04:00,1.521,0.0,58.95
2025-09-26T05:00,1.512,0.0,58.54
2025-09-26T06:00,1.505,0.0,58.23
2025-09-26T07:00,1.498,0.0,57.91
2025-09-26T08:00,1.493,0.0,57.69
2025-09-26T09:00,1.485,0.0,57.33
2025-09-26T10:00,1.479,0.0,57.06
2025-09-26T11:00,1.474,0.0,56.83
2025-09-26T12:00,1.469,0.0,56.61
2025-09-26T13:00,1.464,0.0,56.38
2025-09-26T14:00,1.457,0.0,56.07
2025-09-26T15:00,1.453,0.0,55.89
2025-09-26T16:00,1.451,0.0,55.8
2025-09-26T17:00,1.447,0.0,55.62
2025-09-26T18:00,1.443,0.0,55.44
2025-09-26T19:00,1.439,0.0,55.26
2025-09-26T20:00,1.435,0.0,55.08
2025-09-26T21:00,1.431,0.0,54.9
2025-09-26T22:00,1.427,0.0,54.72
2025-09-26T23:00,1.421,0.0,54.45
2025-09-27T00:00,1.417,0.0,54.27
2025-09-27T01:00,1.412,0.0,54.04
2025-09-27T02:00,1.406,0.0,53.77
2025-09-27T03:00,1.401,0.0,53.55
2025-09-27T04:00,1.394,0.0,53.23
2025-09-27T05:00,1.388,0.0,52.96
2025-09-27T06:00,1.381,0.0,52.65
2025-09-27T07:00,1.375,0.0,52.38
2025-09-27T08:00,1.367,0.0,52.02
2025-09-27T09:00,1.362,0.0,51.79
2025-09-27T10:00,1.353,0.0,51.39
2025-09-27T11:00,1.346,0.0,51.07
2025-09-27T12:00,1.34,0.0,50.8
2025-09-27T13:00,1.33,0.0,50.35
2025-09-27T14:00,1.328,0.0,50.26
2025-09-27T15:00,1.319,0.0,49.86
2025-09-27T16:00,1.315,0.0,49.68
2025-09-27T17:00,1.312,0.0,49.54
2025-09-27T18:00,1.308,0.0,49.36
2025-09-27T19:00,1.305,0.0,49.23
2025-09-27T20:00,1.298,0.0,48.91
2025-09-27T21:00,1.293,0.0,48.69
2025-09-27T22:00,1.287,0.0,48.42
2025-09-27T23:00,1.281,0.0,48.15
2025-09-28T00:00,1.275,0.0,47.88
2025-09-28T01:00,1.267,0.0,47.52
2025-09-28T02:00,1.261,0.0,47.25
2025-09-28T03:00,1.253,0.0,46.89
2025-09-28T04:00,1.246,0.0,46.57
2025-09-28T05:00,1.237,0.0,46.17
2025-09-28T06:00,1.227,0.0,45.72
2025-09-28T07:00,1.219,0.0,45.36
2025-09-28T08:00,1.21,0.0,44.95
2025-09-28T09:00,1.202,0.2,44.59
2025-09-28T10:00,1.194,0.2,44.25
2025-09-28T11:00,1.182,1.4,43.74
2025-09-28T12:00,1.178,0.2,43.57
2025-09-28T13:00,1.167,0.6,43.1
2025-09-28T14:00,1.157,0.0,42.67
2025-09-28T15:00,1.152,0.0,42.46
2025-09-28T16:00,1.148,0.0,42.29
2025-09-28T17:00,1.141,0.0,41.99
2025-09-28T18:00,1.135,0.0,41.74
2025-09-28T19:00,1.128,0.0,41.44
2025-09-28T20:00,1.121,0.0,41.14
2025-09-28T21:00,1.119,0.0,41.06
2025-09-28T22:00,1.113,0.0,40.8
2025-09-28T23:00,1.11,0.0,40.68
2025-09-29T00:00,1.104,0.0,40.42
2025-09-29T01:00,1.101,0.0,40.29
2025-09-29T02:00,1.098,0.0,40.17
2025-09-29T03:00,1.093,0.0,39.95
2025-09-29T04:00,1.09,0.0,39.83
2025-09-29T05:00,1.088,0.0,39.74
2025-09-29T06:00,1.086,0.0,39.66
2025-09-29T07:00,1.085,0.0,39.61
2025-09-29T08:00,1.085,0.0,39.61
2025-09-29T09:00,1.085,0.0,39.61
2025-09-29T10:00,1.082,0.0,39.49
2025-09-29T11:00,1.084,0.0,39.57
2025-09-29T12:00,1.082,0.0,39.49
2025-09-29T13:00,1.081,0.0,39.44
2025-09-29T15:00,1.082,0.0,39.49
2025-09-29T16:00,1.085,0.0,39.61
2025-09-29T17:00,1.085,0.0,39.61
2025-09-29T18:00,1.089,0.0,39.78
2025-09-29T19:00,1.089,0.0,39.78
2025-09-29T20:00,1.092,0.0,39.91
2025-09-29T21:00,1.092,0.0,39.91
2025-09-29T22:00,1.094,0.0,40.0
2025-09-29T23:00,1.095,0.0,40.04
2025-09-30T00:00,1.095,0.0,40.04
2025-09-30T01:00,1.092,0.0,39.91
2025-09-30T02:00,1.093,0.0,39.95
2025-09-30T03:00,1.092,0.0,39.91
2025-09-30T04:00,1.093,0.0,39.95
2025-09-30T05:00,1.091,0.8,39.87
2025-09-30T06:00,1.091,0.6,39.87
2025-09-30T07:00,1.089,0.0,39.78
2025-09-30T08:00,1.08,0.0,39.4
2025-09-30T09:00,1.085,0.0,39.61
2025-09-30T10:00,1.079,0.2,39.36
2025-09-30T11:00,1.081,0.0,39.44
2025-09-30T12:00,1.077,0.0,39.27
2025-09-30T13:00,1.077,0.0,39.27
2025-09-30T14:00,1.072,0.0,39.06
2025-09-30T15:00,1.067,0.0,38.85
2025-09-30T16:00,1.066,0.0,38.81
2025-09-30T17:00,1.063,0.0,38.68
2025-09-30T18:00,1.085,18.0,39.61
2025-09-30T19:00,1.185,2.4,43.86
2025-09-30T20:00,1.171,0.2,43.27
2025-09-30T21:00,1.171,1.6,43.27
2025-09-30T22:00,1.177,0.8,43.52
2025-09-30T23:00,1.174,0.4,43.4
2025-10-01T00:00,1.165,0.0,43.01
2025-10-01T01:00,1.157,0.0,42.67
2025-10-01T02:00,1.152,0.0,42.46
2025-10-01T03:00,1.149,0.0,42.33
2025-10-01T04:00,1.148,0.0,42.29
2025-10-01T05:00,1.149,0.0,42.33
2025-10-01T06:00,1.153,0.0,42.5
2025-10-01T07:00,1.159,0.0,42.76
2025-10-01T08:00,1.166,0.0,43.06
2025-10-01T09:00,1.174,0.0,43.4
2025-10-01T10:00,1.186,0.0,43.91
2025-10-01T11:00,1.198,0.0,44.42
2025-10-01T12:00,1.212,0.0,45.04
2025-10-01T13:00,1.228,0.0,45.76
2025-10-01T14:00,1.243,0.0,46.44
2025-10-01T15:00,1.261,0.0,47.25
2025-10-01T16:00,1.28,0.0,48.1
2025-10-01T17:00,1.3,0.0,49.0
2025-10-01T18:00,1.322,0.0,49.99
2025-10-01T19:00,1.347,0.0,51.12
2025-10-01T20:00,1.372,0.0,52.24
2025-10-01T21:00,1.399,0.0,53.46
2025-10-01T22:00,1.428,0.0,54.76
2025-10-01T23:00,1.456,0.0,56.02
2025-10-02T00:00,1.487,0.0,57.42
2025-10-02T01:00,1.517,0.0,58.77
2025-10-02T02:00,1.547,0.0,60.12
2025-10-02T03:00,1.578,0.0,61.51
2025-10-02T04:00,1.607,0.0,62.82
2025-10-02T05:00,1.633,0.0,63.99
2025-10-02T06:00,1.659,0.0,65.16
2025-10-02T07:00,1.683,0.0,66.24
2025-10-02T08:00,1.704,0.2,67.18
2025-10-02T09:00,1.721,0.2,67.95
2025-10-02T10:00,1.736,0.0,68.62
2025-10-02T11:00,1.747,0.0,69.12
2025-10-02T12:00,1.757,0.0,69.57
2025-10-02T13:00,1.764,0.0,69.88
2025-10-02T14:00,1.768,0.0,70.06
2025-10-02T15:00,1.771,0.0,70.2
2025-10-02T16:00,1.771,0.2,70.2
2025-10-02T17:00,1.77,0.4,70.15
2025-10-02T18:00,1.767,1.0,70.02
2025-10-02T19:00,1.761,0.2,69.75
2025-10-02T20:00,1.754,0.0,69.43
2025-10-02T21:00,1.745,0.2,69.03
2025-10-02T22:00,1.734,0.2,68.53
2025-10-02T23:00,1.726,1.2,68.17
2025-10-03T00:00,1.713,0.0,67.59
2025-10-03T01:00,1.699,0.0,66.96
2025-10-03T02:00,1.686,0.0,66.37
2025-10-03T03:00,1.673,0.0,65.79
2025-10-03T04:00,1.657,0.0,65.07
2025-10-03T05:00,1.642,0.0,64.39
2025-10-03T06:00,1.627,0.0,63.72
2025-10-03T07:00,1.613,0.0,63.09
2025-10-03T08:00,1.599,0.0,62.46
2025-10-03T09:00,1.582,2.0,61.69
2025-10-03T10:00,1.576,0.2,61.42
2025-10-03T11:00,1.564,0.2,60.88
2025-10-03T12:00,1.545,1.4,60.03
2025-10-03T13:00,1.543,2.6,59.94
2025-10-03T14:00,1.546,2.0,60.07
2025-10-03T15:00,1.545,1.0,60.03
2025-10-03T16:00,1.538,2.2,59.71
2025-10-03T17:00,1.545,2.6,60.03
2025-10-03T18:00,1.552,2.4,60.34
2025-10-03T19:00,1.548,2.2,60.16
2025-10-03T20:00,1.564,0.8,60.88
2025-10-03T21:00,1.565,0.8,60.93
2025-10-03T22:00,1.566,0.4,60.97
2025-10-03T23:00,1.564,0.0,60.88
2025-10-04T00:00,1.566,0.0,60.97
2025-10-04T01:00,1.566,0.0,60.97
2025-10-04T02:00,1.568,0.0,61.06
2025-10-04T03:00,1.571,0.0,61.2
2025-10-04T04:00,1.576,0.0,61.42
2025-10-04T05:00,1.581,0.0,61.65
2025-10-04T06:00,1.588,0.0,61.96
2025-10-04T07:00,1.595,0.0,62.28
2025-10-04T08:00,1.604,0.0,62.68
2025-10-04T09:00,1.615,0.2,63.18
2025-10-04T10:00,1.629,0.0,63.81
2025-10-04T11:00,1.644,0.0,64.48
2025-10-04T12:00,1.663,0.0,65.34
2025-10-04T13:00,1.685,0.0,66.33
2025-10-04T14:00,1.707,0.0,67.32
2025-10-04T15:00,1.732,0.0,68.44
2025-10-04T16:00,1.761,0.0,69.75
2025-10-04T17:00,1.793,0.0,71.19
2025-10-04T18:00,1.828,0.0,72.76
2025-10-04T19:00,1.861,0.0,74.25
2025-10-04T20:00,1.897,0.0,75.87
2025-10-04T21:00,1.933,0.0,77.49
2025-10-04T22:00,1.967,0.0,79.02
2025-10-04T23:00,2.001,0.0,80.55
2025-10-05T00:00,2.035,0.0,82.08
2025-10-05T01:00,2.066,0.0,83.47
2025-10-05T02:00,2.094,0.0,84.73
2025-10-05T03:00,2.122,0.0,85.99
2025-10-05T04:00,2.145,0.0,87.03
2025-10-05T05:00,2.167,0.0,88.02
2025-10-05T06:00,2.187,0.0,88.92
2025-10-05T07:00,2.205,0.0,89.73
2025-10-05T08:00,2.218,0.0,90.31
2025-10-05T09:00,2.232,0.0,90.94
2025-10-05T10:00,2.239,0.0,91.26
2025-10-05T11:00,2.246,0.0,91.57
2025-10-05T12:00,2.246,0.0,91.57
2025-10-05T13:00,2.254,0.0,91.93
2025-10-05T14:00,2.255,0.0,91.98
2025-10-05T15:00,2.259,0.0,92.16
2025-10-05T16:00,2.256,0.0,92.02
2025-10-05T17:00,2.256,0.0,92.02
2025-10-05T18:00,2.251,0.0,91.8
2025-10-05T19:00,2.246,0.0,91.57
2025-10-05T20:00,2.239,0.0,91.26
2025-10-05T21:00,2.232,0.0,90.94
2025-10-05T22:00,2.223,0.0,90.54
2025-10-05T23:00,2.214,0.0,90.13
2025-10-06T00:00,2.206,0.0,89.77
2025-10-06T01:00,2.196,0.0,89.32
2025-10-06T02:00,2.186,0.0,88.87
2025-10-06T03:00,2.176,0.0,88.42
2025-10-06T04:00,2.164,0.0,87.88
2025-10-06T05:00,2.153,0.0,87.39
2025-10-06T06:00,2.142,0.2,86.89
2025-10-06T07:00,2.132,0.0,86.44
2025-10-06T08:00,2.119,0.0,85.86
2025-10-06T09:00,2.107,0.0,85.32
2025-10-06T10:00,2.094,0.0,84.73
2025-10-06T11:00,2.081,0.0,84.15
2025-10-06T12:00,2.07,0.0,83.65
2025-10-06T13:00,2.058,0.0,83.11
2025-10-06T14:00,2.043,0.0,82.44
2025-10-06T15:00,2.035,0.0,82.08
2025-10-06T16:00,2.022,0.0,81.49
2025-10-06T17:00,2.01,0.4,80.95
2025-10-06T18:00,1.999,0.6,80.46
2025-10-06T19:00,1.986,0.4,79.87
2025-10-06T20:00,1.976,0.2,79.42
2025-10-06T21:00,1.966,0.8,78.97
2025-10-06T22:00,1.954,0.2,78.43
2025-10-06T23:00,1.943,0.0,77.94
2025-10-07T00:00,1.932,0.0,77.44
2025-10-07T01:00,1.923,0.0,77.04
2025-10-07T02:00,1.911,0.0,76.5
2025-10-07T03:00,1.902,0.0,76.09
2025-10-07T04:00,1.893,0.2,75.69
2025-10-07T05:00,1.886,1.2,75.37
2025-10-07T06:00,1.879,0.2,75.06
2025-10-07T07:00,1.871,0.8,74.7
2025-10-07T08:00,1.865,0.2,74.43
2025-10-07T09:00,1.857,0.2,74.07
2025-10-07T10:00,1.85,0.0,73.75
2025-10-07T11:00,1.843,0.0,73.44
2025-10-07T12:00,1.835,0.0,73.08
2025-10-07T13:00,1.83,0.4,72.85
2025-10-07T14:00,1.822,0.2,72.49
2025-10-07T15:00,1.816,0.0,72.22
2025-10-07T16:00,1.81,0.2,71.95
2025-10-07T17:00,1.802,0.0,71.59
2025-10-07T18:00,1.795,0.0,71.28
2025-10-07T19:00,1.789,0.0,71.01
2025-10-07T20:00,1.783,0.0,70.74
2025-10-07T21:00,1.776,0.0,70.42
2025-10-07T22:00,1.77,0.0,70.15
2025-10-07T23:00,1.763,0.0,69.84
2025-10-08T00:00,1.757,0.2,69.57
2025-10-08T01:00,1.75,1.8,69.25
2025-10-08T02:00,1.751,0.8,69.3
2025-10-08T03:00,1.746,0.0,69.07
2025-10-08T04:00,1.74,0.0,68.8
2025-10-08T05:00,1.733,0.0,68.49
2025-10-08T06:00,1.726,0.0,68.17
2025-10-08T07:00,1.721,0.0,67.95
2025-10-08T08:00,1.713,0.0,67.59
2025-10-08T09:00,1.707,0.0,67.32
2025-10-08T10:00,1.7,0.0,67.0
2025-10-08T11:00,1.694,0.8,66.73
2025-10-08T12:00,1.686,0.0,66.37
2025-10-08T13:00,1.679,0.0,66.06
2025-10-08T14:00,1.671,0.0,65.7
2025-10-08T15:00,1.664,0.0,65.38
2025-10-08T16:00,1.657,1.0,65.07
2025-10-08T17:00,1.652,0.6,64.84
2025-10-08T18:00,1.645,0.0,64.53
2025-10-08T19:00,1.637,0.2,64.17
2025-10-08T20:00,1.628,0.0,63.76
2025-10-08T21:00,1.62,0.2,63.4
2025-10-08T22:00,1.611,0.0,63.0
2025-10-08T23:00,1.602,0.0,62.59
2025-10-09T00:00,1.592,0.2,62.14
2025-10-09T01:00,1.583,0.8,61.74
2025-10-09T02:00,1.577,0.0,61.47
2025-10-09T03:00,1.568,0.0,61.06
2025-10-09T04:00,1.563,0.2,60.84
2025-10-09T05:00,1.555,0.0,60.48
2025-10-09T06:00,1.547,0.0,60.12
2025-10-09T07:00,1.542,0.0,59.89
2025-10-09T08:00,1.541,2.2,59.85
2025-10-09T09:00,1.538,0.6,59.71
2025-10-09T10:00,1.538,1.0,59.71
2025-10-09T11:00,1.538,0.8,59.71
2025-10-09T12:00,1.527,1.6,59.22
2025-10-09T13:00,1.548,2.8,60.16
2025-10-09T14:00,1.564,6.2,60.88
2025-10-09T15:00,1.576,0.2,61.42
2025-10-09T16:00,1.574,1.4,61.33
2025-10-09T17:00,1.578,0.2,61.51
2025-10-09T18:00,1.579,0.6,61.56
2025-10-09T19:00,1.577,0.0,61.47
2025-10-09T20:00,1.577,0.2,61.47
2025-10-09T21:00,1.576,0.4,61.42
2025-10-09T22:00,1.576,0.2,61.42
2025-10-09T23:00,1.576,0.0,61.42
2025-10-10T00:00,1.578,0.0,61.51
2025-10-10T01:00,1.581,0.0,61.65
2025-10-10T02:00,1.584,0.6,61.78
2025-10-10T03:00,1.59,0.0,62.05
2025-10-10T04:00,1.595,0.2,62.28
2025-10-10T05:00,1.602,0.0,62.59
2025-10-10T06:00,1.609,0.0,62.91
2025-10-10T07:00,1.619,0.0,63.36
2025-10-10T08:00,1.631,0.0,63.9
2025-10-10T09:00,1.644,0.0,64.48
2025-10-10T10:00,1.66,0.0,65.2
2025-10-10T11:00,1.678,0.0,66.01
2025-10-10T12:00,1.704,0.0,67.18
2025-10-10T13:00,1.734,0.0,68.53
2025-10-10T14:00,1.769,0.0,70.11
2025-10-10T15:00,1.805,0.0,71.73
2025-10-10T16:00,1.848,0.0,73.66
2025-10-10T17:00,1.892,0.0,75.64
2025-10-10T18:00,1.938,0.0,77.71
2025-10-10T19:00,1.985,0.0,79.83
2025-10-10T20:00,2.033,0.0,81.99
2025-10-10T21:00,2.079,0.0,84.06
2025-10-10T22:00,2.124,0.0,86.08
2025-10-10T23:00,2.167,0.0,88.02
2025-10-11T00:00,2.207,0.0,89.82
2025-10-11T01:00,2.245,0.0,91.53
2025-10-11T02:00,2.28,0.0,93.1
2025-10-11T03:00,2.311,0.0,94.5
2025-10-11T04:00,2.34,0.0,95.8
2025-10-11T05:00,2.365,0.0,96.93
2025-10-11T06:00,2.387,0.0,97.92
2025-10-11T07:00,2.408,0.0,98.86
2025-10-11T08:00,2.423,0.0,99.54
2025-10-11T09:00,2.436,0.0,100.12
2025-10-11T10:00,2.447,0.0,100.62
2025-10-11T11:00,2.457,0.0,101.07
2025-10-11T12:00,2.463,0.0,101.34
2025-10-11T13:00,2.47,0.0,101.65
2025-10-11T14:00,2.471,0.0,101.7
2025-10-11T15:00,2.46,0.0,101.2
2025-10-11T16:00,2.462,0.0,101.29
2025-10-11T17:00,2.473,0.0,101.79
2025-10-11T18:00,2.473,0.0,101.79
2025-10-11T19:00,2.469,0.0,101.61
2025-10-11T20:00,2.465,0.0,101.43
2025-10-11T21:00,2.46,0.0,101.2
2025-10-11T22:00,2.454,0.0,100.93
2025-10-11T23:00,2.446,0.0,100.57
2025-10-12T00:00,2.44,0.0,100.3
2025-10-12T01:00,2.432,0.0,99.94
2025-10-12T02:00,2.423,0.0,99.54
2025-10-12T03:00,2.414,0.0,99.13
2025-10-12T04:00,2.405,0.0,98.73
2025-10-12T05:00,2.396,0.0,98.32
2025-10-12T06:00,2.386,0.0,97.87
2025-10-12T07:00,2.399,9.0,98.46
2025-10-12T08:00,2.385,0.2,97.83
2025-10-12T09:00,2.372,0.0,97.24
2025-10-12T10:00,2.362,0.0,96.79
2025-10-12T11:00,2.353,0.0,96.39
2025-10-12T12:00,2.342,0.0,95.89
2025-10-12T13:00,2.332,0.0,95.44
2025-10-12T14:00,2.324,0.0,95.08
2025-10-12T15:00,2.315,1.0,94.68
2025-10-12T16:00,2.316,1.6,94.72
2025-10-12T17:00,2.309,1.0,94.41
2025-10-12T18:00,2.302,0.8,94.09
2025-10-12T19:00,2.297,0.2,93.87
2025-10-12T20:00,2.289,0.2,93.51
2025-10-12T21:00,2.281,0.0,93.15
2025-10-12T22:00,2.273,0.0,92.79
2025-10-12T23:00,2.264,0.0,92.38
2025-10-13T00:00,2.257,0.0,92.07
2025-10-13T01:00,2.25,0.0,91.75
2025-10-13T02:00,2.242,0.0,91.39
2025-10-13T03:00,2.237,0.2,91.17
2025-10-13T04:00,2.229,0.0,90.81
2025-10-13T05:00,2.223,0.0,90.54
2025-10-13T06:00,2.218,0.0,90.31
2025-10-13T07:00,2.214,0.0,90.13
2025-10-13T08:00,2.208,0.0,89.86
2025-10-13T09:00,2.205,0.0,89.73
2025-10-13T10:00,2.201,0.0,89.55
2025-10-13T11:00,2.198,0.0,89.41
2025-10-13T12:00,2.198,0.0,89.41
2025-10-13T13:00,2.198,0.0,89.41
2025-10-13T14:00,2.192,0.0,89.14
2025-10-13T15:00,2.199,0.0,89.46
2025-10-13T16:00,2.198,0.0,89.41
2025-10-13T17:00,2.201,0.0,89.55
2025-10-13T18:00,2.207,0.0,89.82
2025-10-13T19:00,2.208,0.0,89.86
2025-10-13T20:00,2.209,0.0,89.91
2025-10-13T21:00,2.21,0.0,89.95
2025-10-13T22:00,2.211,0.0,90.0
2025-10-13T23:00,2.21,0.0,89.95
2025-10-14T00:00,2.208,0.0,89.86
2025-10-14T01:00,2.207,0.0,89.82
2025-10-14T02:00,2.205,0.0,89.73
2025-10-14T03:00,2.201,0.0,89.55
2025-10-14T04:00,2.198,0.0,89.41
2025-10-14T05:00,2.194,0.0,89.23
2025-10-14T06:00,2.19,0.0,89.05
2025-10-14T07:00,2.185,0.0,88.83
2025-10-14T08:00,2.179,0.0,88.56
2025-10-14T09:00,2.173,0.0,88.29
2025-10-14T10:00,2.166,0.0,87.97
2025-10-14T11:00,2.159,0.0,87.66
2025-10-14T12:00,2.15,0.0,87.25
2025-10-14T13:00,2.141,0.0,86.85
2025-10-14T14:00,2.13,0.0,86.35
2025-10-14T15:00,2.122,0.0,85.99
2025-10-14T16:00,2.113,0.0,85.59
2025-10-14T17:00,2.105,0.0,85.23
2025-10-14T18:00,2.098,0.0,84.91
2025-10-14T19:00,2.09,0.0,84.55
2025-10-14T20:00,2.082,0.0,84.19
2025-10-14T21:00,2.073,0.0,83.79
2025-10-14T22:00,2.062,0.0,83.29
2025-10-14T23:00,2.053,0.0,82.89
2025-10-15T00:00,2.044,0.0,82.48
2025-10-15T01:00,2.035,0.0,82.08
2025-10-15T02:00,2.026,0.0,81.67
2025-10-15T03:00,2.02,0.0,81.4
2025-10-15T04:00,2.013,0.0,81.09
2025-10-15T05:00,2.007,0.0,80.82
2025-10-15T06:00,2.002,0.0,80.59
2025-10-15T07:00,1.996,0.0,80.32
2025-10-15T08:00,1.991,0.0,80.1
2025-10-15T09:00,1.983,0.0,79.74
2025-10-15T10:00,1.974,0.0,79.33
2025-10-15T11:00,1.971,0.0,79.2
2025-10-15T12:00,1.964,0.0,78.88
2025-10-15T13:00,1.955,0.0,78.48
2025-10-15T14:00,1.948,0.0,78.16
2025-10-15T15:00,1.941,0.0,77.85
2025-10-15T16:00,1.936,0.0,77.62
2025-10-15T17:00,1.933,0.0,77.49
2025-10-15T18:00,1.928,0.0,77.26
2025-10-15T19:00,1.921,0.0,76.95
2025-10-15T20:00,1.915,0.0,76.68
2025-10-15T21:00,1.91,0.0,76.45
2025-10-15T22:00,1.902,0.0,76.09
2025-10-15T23:00,1.896,0.0,75.82
2025-10-16T00:00,1.888,0.0,75.46
2025-10-16T01:00,1.883,0.0,75.24
2025-10-16T02:00,1.877,0.0,74.97
2025-10-16T03:00,1.871,0.0,74.7
2025-10-16T04:00,1.865,0.0,74.43
2025-10-16T05:00,1.86,0.0,74.2
2025-10-16T06:00,1.854,0.0,73.93
2025-10-16T07:00,1.85,0.0,73.75
2025-10-16T08:00,1.843,0.0,73.44
2025-10-16T09:00,1.835,0.0,73.08
2025-10-16T10:00,1.827,0.0,72.72
2025-10-16T11:00,1.821,0.0,72.45
2025-10-16T12:00,1.814,0.0,72.13
2025-10-16T13:00,1.807,0.0,71.82
2025-10-16T14:00,1.798,0.0,71.41
2025-10-16T15:00,1.788,0.0,70.96
2025-10-16T16:00,1.781,0.0,70.65
2025-10-16T17:00,1.773,0.0,70.29
2025-10-16T18:00,1.764,0.0,69.88
2025-10-16T19:00,1.756,0.0,69.52
2025-10-16T20:00,1.746,0.0,69.07
2025-10-16T21:00,1.737,0.0,68.67
2025-10-16T22:00,1.727,0.0,68.22
2025-10-16T23:00,1.717,0.0,67.77
2025-10-17T00:00,1.708,0.0,67.36
2025-10-17T01:00,1.698,0.0,66.91
2025-10-17T02:00,1.69,0.0,66.55
2025-10-17T03:00,1.682,0.0,66.19
2025-10-17T04:00,1.674,0.0,65.83
2025-10-17T05:00,1.667,0.0,65.52
2025-10-17T06:00,1.658,0.0,65.11
2025-10-17T07:00,1.651,0.0,64.8
2025-10-17T08:00,1.642,0.0,64.39
2025-10-17T09:00,1.634,0.0,64.03
2025-10-17T10:00,1.624,0.0,63.58
2025-10-17T11:00,1.614,0.0,63.13
2025-10-17T12:00,1.608,0.4,62.86
2025-10-17T13:00,1.599,0.2,62.46
2025-10-17T14:00,1.59,0.0,62.05
2025-10-17T15:00,1.581,0.0,61.65
2025-10-17T16:00,1.571,0.0,61.2
2025-10-17T17:00,1.565,0.0,60.93
2025-10-17T18:00,1.556,0.0,60.52
2025-10-17T19:00,1.544,4.2,59.98
2025-10-17T20:00,1.561,1.4,60.75
2025-10-17T21:00,1.554,0.6,60.43
2025-10-17T22:00,1.546,0.8,60.07
2025-10-17T23:00,1.539,0.8,59.76
2025-10-18T00:00,1.531,0.0,59.4
2025-10-18T01:00,1.524,0.0,59.08
2025-10-18T02:00,1.516,0.0,58.72
2025-10-18T03:00,1.509,0.0,58.41
2025-10-18T04:00,1.503,0.0,58.14
2025-10-18T05:00,1.496,0.0,57.82
2025-10-18T06:00,1.491,0.2,57.6
2025-10-18T07:00,1.486,0.0,57.37
2025-10-18T08:00,1.482,0.0,57.19
2025-10-18T09:00,1.477,0.0,56.97
2025-10-18T10:00,1.473,0.0,56.79
2025-10-18T11:00,1.47,0.0,56.65
2025-10-18T12:00,1.465,0.0,56.43
2025-10-18T13:00,1.457,0.0,56.07
2025-10-18T14:00,1.459,0.0,56.16
2025-10-18T15:00,1.456,0.0,56.02
2025-10-18T16:00,1.444,0.0,55.48
2025-10-18T17:00,1.437,0.2,55.17
2025-10-18T18:00,1.449,0.0,55.71
2025-10-18T19:00,1.445,0.0,55.53
2025-10-18T20:00,1.441,0.0,55.35
2025-10-18T21:00,1.438,1.0,55.21
2025-10-18T22:00,1.437,0.0,55.17
2025-10-18T23:00,1.435,0.0,55.08
2025-10-19T00:00,1.433,0.0,54.99
2025-10-19T01:00,1.431,0.0,54.9
2025-10-19T02:00,1.431,0.0,54.9
2025-10-19T03:00,1.43,0.0,54.85
2025-10-19T04:00,1.429,0.0,54.81
2025-10-19T05:00,1.429,0.0,54.81
2025-10-19T06:00,1.429,0.0,54.81
2025-10-19T07:00,1.428,0.0,54.76
2025-10-19T08:00,1.427,0.0,54.72
2025-10-19T09:00,1.424,0.0,54.58
2025-10-19T10:00,1.425,0.0,54.63
2025-10-19T11:00,1.425,0.0,54.63
2025-10-19T12:00,1.421,0.0,54.45
2025-10-19T13:00,1.418,0.0,54.31
2025-10-19T14:00,1.413,0.0,54.09
2025-10-19T15:00,1.415,0.0,54.18
2025-10-19T16:00,1.409,0.0,53.91
2025-10-19T17:00,1.41,0.0,53.95
2025-10-19T18:00,1.408,0.0,53.86
2025-10-19T19:00,1.404,0.0,53.68
2025-10-19T20:00,1.4,0.0,53.5
2025-10-19T21:00,1.397,0.0,53.37
2025-10-19T22:00,1.393,0.0,53.19
2025-10-19T23:00,1.388,0.0,52.96
2025-10-20T00:00,1.385,0.0,52.83
2025-10-20T01:00,1.379,0.0,52.56
2025-10-20T02:00,1.377,0.0,52.47
2025-10-20T03:00,1.374,0.0,52.33
2025-10-20T04:00,1.37,0.0,52.15
2025-10-20T05:00,1.367,0.0,52.02
2025-10-20T06:00,1.364,0.0,51.88
2025-10-20T07:00,1.361,0.0,51.75
2025-10-20T08:00,1.359,0.0,51.66
2025-10-20T09:00,1.355,0.0,51.48
2025-10-20T10:00,1.353,0.0,51.39
2025-10-20T11:00,1.349,0.0,51.21
2025-10-20T12:00,1.347,0.0,51.12
2025-10-20T13:00,1.34,0.0,50.8
2025-10-20T14:00,1.335,0.0,50.58
2025-10-20T15:00,1.333,0.0,50.49
2025-10-20T16:00,1.326,0.0,50.17
2025-10-20T17:00,1.324,0.0,50.08
2025-10-20T18:00,1.319,0.0,49.86
2025-10-20T19:00,1.316,0.0,49.72
2025-10-20T20:00,1.311,0.0,49.5
2025-10-20T21:00,1.306,0.0,49.27
2025-10-20T22:00,1.301,0.0,49.05
2025-10-20T23:00,1.296,0.0,48.82
2025-10-21T00:00,1.29,0.0,48.55
2025-10-21T01:00,1.285,0.0,48.33
2025-10-21T02:00,1.279,0.0,48.06
2025-10-21T03:00,1.275,0.0,47.88
2025-10-21T04:00,1.27,0.0,47.65
2025-10-21T05:00,1.266,0.0,47.47
2025-10-21T06:00,1.263,0.0,47.34
2025-10-21T07:00,1.261,0.0,47.25
2025-10-21T08:00,1.255,0.0,46.98
2025-10-21T09:00,1.25,0.0,46.75
2025-10-21T10:00,1.249,0.0,46.71
2025-10-21T11:00,1.242,0.0,46.39
2025-10-21T12:00,1.241,0.0,46.35
2025-10-21T13:00,1.24,0.0,46.3
2025-10-21T14:00,1.228,0.0,45.76
2025-10-21T15:00,1.234,0.0,46.03
2025-10-21T16:00,1.23,0.0,45.85
2025-10-21T17:00,1.225,0.0,45.63
2025-10-21T18:00,1.223,0.0,45.54
2025-10-21T19:00,1.229,0.0,45.81
2025-10-21T20:00,1.226,0.0,45.67
2025-10-21T21:00,1.222,0.0,45.49
2025-10-21T22:00,1.218,0.0,45.31
2025-10-21T23:00,1.215,0.0,45.18
2025-10-22T00:00,1.211,0.0,45.0
2025-10-22T01:00,1.207,0.0,44.82
2025-10-22T02:00,1.203,0.0,44.64
2025-10-22T03:00,1.201,0.0,44.55
2025-10-22T04:00,1.198,0.0,44.42
2025-10-22T05:00,1.194,0.0,44.25
2025-10-22T06:00,1.192,0.0,44.16
2025-10-22T07:00,1.191,0.0,44.12
2025-10-22T08:00,1.185,0.0,43.86
2025-10-22T09:00,1.186,0.0,43.91
2025-10-22T10:00,1.17,0.0,43.23
2025-10-22T11:00,1.178,0.0,43.57
2025-10-22T12:00,1.174,0.0,43.4
2025-10-22T13:00,1.173,0.0,43.35
2025-10-22T14:00,1.167,0.0,43.1
2025-10-22T15:00,1.171,0.0,43.27
2025-10-22T16:00,1.171,0.0,43.27
2025-10-22T17:00,1.165,0.0,43.01
2025-10-22T18:00,1.165,0.0,43.01
2025-10-22T19:00,1.166,0.0,43.06
2025-10-22T20:00,1.164,0.0,42.97
2025-10-22T21:00,1.162,0.0,42.89
2025-10-22T22:00,1.161,0.0,42.84
2025-10-22T23:00,1.157,0.0,42.67
2025-10-23T00:00,1.152,0.0,42.46
2025-10-23T01:00,1.149,0.0,42.33
2025-10-23T02:00,1.146,0.0,42.21
2025-10-23T03:00,1.144,0.0,42.12
2025-10-23T04:00,1.141,0.0,41.99
2025-10-23T05:00,1.139,0.0,41.91
2025-10-23T06:00,1.137,0.0,41.82
2025-10-23T07:00,1.134,0.0,41.7
2025-10-23T08:00,1.133,0.0,41.65
2025-10-23T09:00,1.13,0.0,41.53
2025-10-23T10:00,1.128,0.0,41.44
2025-10-23T11:00,1.126,0.0,41.36
2025-10-23T12:00,1.12,0.0,41.1
2025-10-23T13:00,1.119,0.0,41.06
2025-10-23T14:00,1.116,0.0,40.93
2025-10-23T15:00,1.117,0.0,40.97
2025-10-23T16:00,1.116,0.0,40.93
2025-10-23T17:00,1.117,0.0,40.97
2025-10-23T18:00,1.115,0.0,40.89
2025-10-23T19:00,1.117,0.0,40.97
2025-10-23T20:00,1.118,0.0,41.02
2025-10-23T21:00,1.114,0.0,40.85
2025-10-23T22:00,1.112,0.0,40.76
2025-10-23T23:00,1.113,0.0,40.8
2025-10-24T00:00,1.111,0.0,40.72
2025-10-24T01:00,1.109,0.0,40.63
2025-10-24T02:00,1.107,0.0,40.55
2025-10-24T03:00,1.105,0.0,40.46
2025-10-24T04:00,1.105,0.0,40.46
2025-10-24T05:00,1.102,0.0,40.34
2025-10-24T06:00,1.101,0.0,40.29
2025-10-24T07:00,1.1,0.0,40.25
2025-10-24T08:00,1.096,0.0,40.08
2025-10-24T09:00,1.092,0.0,39.91
2025-10-24T10:00,1.093,0.0,39.95
2025-10-24T11:00,1.093,0.0,39.95
2025-10-24T12:00,1.091,0.0,39.87
2025-10-24T13:00,1.085,0.0,39.61
2025-10-24T14:00,1.085,0.0,39.61
2025-10-24T15:00,1.084,0.0,39.57
2025-10-24T16:00,1.084,0.0,39.57
2025-10-24T17:00,1.085,0.0,39.61
2025-10-24T18:00,1.083,0.0,39.53
2025-10-24T19:00,1.08,0.0,39.4
2025-10-24T20:00,1.08,0.0,39.4
2025-10-24T21:00,1.078,0.0,39.32
2025-10-24T22:00,1.075,0.0,39.19
2025-10-24T23:00,1.071,0.0,39.02
2025-10-25T00:00,1.068,0.0,38.89
2025-10-25T01:00,1.064,0.0,38.72
2025-10-25T02:00,1.062,0.0,38.64
2025-10-25T03:00,1.059,0.0,38.51
2025-10-25T04:00,1.058,0.0,38.47
2025-10-25T05:00,1.056,0.0,38.38
2025-10-25T06:00,1.054,0.0,38.3
2025-10-25T07:00,1.054,0.0,38.3
2025-10-25T08:00,1.055,0.0,38.34
2025-10-25T09:00,1.053,0.0,38.25
2025-10-25T10:00,1.054,0.0,38.3
2025-10-25T11:00,1.05,0.0,38.13
2025-10-25T12:00,1.052,0.0,38.21
2025-10-25T13:00,1.036,0.0,37.53
2025-10-25T14:00,1.036,0.0,37.53
2025-10-25T15:00,1.039,0.0,37.66
2025-10-25T16:00,1.043,0.0,37.83
2025-10-25T17:00,1.042,0.0,37.79
2025-10-25T18:00,1.041,0.0,37.74
2025-10-25T19:00,1.04,0.0,37.7
2025-10-25T20:00,1.039,0.0,37.66
2025-10-25T21:00,1.036,0.0,37.53
2025-10-25T22:00,1.036,0.0,37.53
2025-10-25T23:00,1.034,0.0,37.45
2025-10-26T00:00,1.032,0.0,37.36
2025-10-26T01:00,1.03,0.0,37.28
2025-10-26T02:00,1.027,0.0,37.15
2025-10-26T03:00,1.025,0.0,37.06
2025-10-26T04:00,1.024,0.0,37.02
2025-10-26T05:00,1.021,0.0,36.89
2025-10-26T06:00,1.02,0.0,36.85
2025-10-26T07:00,1.016,0.0,36.68
2025-10-26T08:00,1.015,0.0,36.64
2025-10-26T09:00,1.011,0.0,36.47
2025-10-26T10:00,1.011,0.0,36.47
2025-10-26T11:00,1.005,0.0,36.21
2025-10-26T12:00,1.006,0.0,36.26
2025-10-26T13:00,1.003,0.0,36.13
2025-10-26T14:00,1.0,0.0,36.0
2025-10-26T15:00,0.998,0.2,35.93
2025-10-26T16:00,0.997,0.0,35.9
2025-10-26T17:00,0.995,0.0,35.83
2025-10-26T18:00,0.992,0.2,35.72
2025-10-26T19:00,0.991,0.0,35.69
2025-10-26T20:00,0.989,0.0,35.62
2025-10-26T21:00,0.987,0.0,35.55
2025-10-26T22:00,0.985,0.0,35.48
2025-10-26T23:00,0.982,0.0,35.37
2025-10-27T00:00,0.979,0.0,35.27
2025-10-27T01:00,0.976,0.0,35.16
2025-10-27T02:00,0.972,0.0,35.02
2025-10-27T03:00,0.97,0.2,34.95
2025-10-27T04:00,0.966,0.0,34.81
2025-10-27T05:00,0.963,0.0,34.71
2025-10-27T06:00,0.962,0.0,34.67
2025-10-27T07:00,0.961,0.0,34.64
2025-10-27T08:00,0.962,0.0,34.67
2025-10-27T09:00,0.963,0.0,34.71
2025-10-27T10:00,0.963,0.0,34.71
2025-10-27T11:00,0.965,0.2,34.78
2025-10-27T12:00,0.973,0.4,35.06
2025-10-27T13:00,0.975,0.0,35.13
2025-10-27T14:00,0.975,0.0,35.13
2025-10-27T15:00,0.978,0.0,35.23
2025-10-27T16:00,0.978,0.0,35.23
2025-10-27T17:00,0.978,0.0,35.23
2025-10-27T18:00,0.984,0.0,35.44
2025-10-27T19:00,0.985,0.0,35.48
2025-10-27T20:00,0.986,0.0,35.51
2025-10-27T21:00,0.981,0.0,35.34
2025-10-27T22:00,0.985,0.0,35.48
2025-10-27T23:00,0.985,0.0,35.48
2025-10-28T00:00,0.984,0.0,35.44
2025-10-28T01:00,0.985,0.0,35.48
2025-10-28T02:00,0.985,0.0,35.48
2025-10-28T03:00,0.985,0.0,35.48
2025-10-28T04:00,0.988,0.0,35.58
2025-10-28T05:00,0.989,0.0,35.62
2025-10-28T06:00,0.99,0.0,35.65
2025-10-28T07:00,0.993,0.0,35.76
2025-10-28T08:00,0.993,0.0,35.76
2025-10-28T09:00,0.994,0.0,35.79
2025-10-28T10:00,0.993,0.0,35.76
2025-10-28T11:00,0.994,0.0,35.79
2025-10-28T12:00,0.996,0.0,35.86
2025-10-28T13:00,0.994,1.4,35.79
2025-10-28T14:00,0.998,1.0,35.93
2025-10-28T15:00,1.001,1.2,36.04
2025-10-28T16:00,1.006,0.2,36.26
2025-10-28T17:00,1.006,0.6,36.26
2025-10-28T18:00,1.008,1.8,36.34
2025-10-28T19:00,1.017,0.6,36.72
2025-10-28T20:00,1.019,0.2,36.81
2025-10-28T21:00,1.012,1.2,36.51
2025-10-28T22:00,1.026,0.6,37.11
2025-10-28T23:00,1.039,8.8,37.66
2025-10-29T00:00,1.111,8.0,40.72
2025-10-29T01:00,1.104,0.0,40.42
2025-10-29T02:00,1.101,0.0,40.29
2025-10-29T03:00,1.102,0.0,40.34
2025-10-29T04:00,1.099,0.0,40.21
2025-10-29T05:00,1.096,0.2,40.08
2025-10-29T06:00,1.092,0.0,39.91
2025-10-29T07:00,1.091,0.0,39.87
2025-10-29T08:00,1.09,0.0,39.83
2025-10-29T09:00,1.091,0.0,39.87
2025-10-29T10:00,1.092,0.0,39.91
2025-10-29T11:00,1.093,0.0,39.95
2025-10-29T12:00,1.094,0.0,40.0
2025-10-29T13:00,1.09,0.0,39.83
2025-10-29T14:00,1.093,0.2,39.95
2025-10-29T15:00,1.096,0.0,40.08
2025-10-29T16:00,1.099,0.0,40.21
2025-10-29T17:00,1.095,0.0,40.04
2025-10-29T18:00,1.108,0.0,40.59
2025-10-29T19:00,1.111,0.0,40.72
2025-10-29T20:00,1.114,0.0,40.85
2025-10-29T21:00,1.115,0.0,40.89
2025-10-29T22:00,1.12,0.0,41.1
2025-10-29T23:00,1.124,0.0,41.27
2025-10-30T00:00,1.127,0.0,41.4
2025-10-30T01:00,1.132,0.0,41.61
2025-10-30T02:00,1.137,0.0,41.82
2025-10-30T03:00,1.142,0.0,42.04
2025-10-30T04:00,1.15,0.0,42.38
2025-10-30T05:00,1.157,0.0,42.67
2025-10-30T06:00,1.164,0.0,42.97
2025-10-30T07:00,1.171,0.0,43.27
2025-10-30T08:00,1.179,0.0,43.61
2025-10-30T09:00,1.185,0.0,43.86
2025-10-30T10:00,1.189,0.0,44.03
2025-10-30T11:00,1.189,0.0,44.03
2025-10-30T12:00,1.192,0.0,44.16
2025-10-30T13:00,1.195,0.0,44.29
2025-10-30T14:00,1.196,0.0,44.33
2025-10-30T15:00,1.197,0.0,44.37
2025-10-30T16:00,1.196,0.0,44.33
2025-10-30T17:00,1.197,0.0,44.37
2025-10-30T18:00,1.195,0.0,44.29
2025-10-30T19:00,1.193,0.0,44.2
2025-10-30T20:00,1.189,0.0,44.03
2025-10-30T21:00,1.184,0.0,43.82
2025-10-30T22:00,1.181,0.0,43.69
2025-10-30T23:00,1.178,0.0,43.57
2025-10-31T00:00,1.171,0.0,43.27
2025-10-31T01:00,1.165,0.0,43.01
2025-10-31T02:00,1.159,0.0,42.76
2025-10-31T03:00,1.156,0.0,42.63
2025-10-31T04:00,1.151,0.0,42.42
2025-10-31T05:00,1.146,0.0,42.21
2025-10-31T06:00,1.14,0.0,41.95
2025-10-31T07:00,1.137,0.0,41.82
2025-10-31T08:00,1.134,0.0,41.7
2025-10-31T09:00,1.131,0.0,41.57
2025-10-31T10:00,1.126,0.0,41.36
2025-10-31T11:00,1.122,0.0,41.19
2025-10-31T12:00,1.119,0.0,41.06
2025-10-31T13:00,1.114,0.0,40.85
2025-10-31T14:00,1.111,0.0,40.72
2025-10-31T15:00,1.107,0.0,40.55
2025-10-31T16:00,1.109,0.0,40.63
2025-10-31T17:00,1.108,0.0,40.59
2025-10-31T18:00,1.109,0.0,40.63
2025-10-31T19:00,1.107,0.0,40.55
2025-10-31T20:00,1.11,0.0,40.68
2025-10-31T21:00,1.11,0.0,40.68
2025-10-31T22:00,1.109,0.0,40.63
2025-10-31T23:00,1.109,0.0,40.63
2025-11-01T00:00,1.108,0.0,40.59
2025-11-01T01:00,1.108,0.0,40.59
2025-11-01T02:00,1.107,0.0,40.55
2025-11-01T03:00,1.106,0.0,40.51
2025-11-01T04:00,1.105,0.0,40.46
2025-11-01T05:00,1.103,0.0,40.38
2025-11-01T06:00,1.1,0.0,40.25
2025-11-01T07:00,1.098,0.0,40.17
2025-11-01T08:00,1.097,0.0,40.12
2025-11-01T09:00,1.094,0.0,40.0
2025-11-01T10:00,1.092,0.0,39.91
2025-11-01T11:00,1.089,0.0,39.78
2025-11-01T12:00,1.087,0.0,39.7
2025-11-01T13:00,1.086,0.0,39.66
2025-11-01T14:00,1.08,0.0,39.4
2025-11-01T15:00,1.08,0.0,39.4
2025-11-01T16:00,1.083,0.0,39.53
2025-11-01T17:00,1.081,0.0,39.44
2025-11-01T18:00,1.079,0.0,39.36
2025-11-01T19:00,1.08,0.0,39.4
2025-11-01T20:00,1.079,0.0,39.36
2025-11-01T21:00,1.08,0.0,39.4
2025-11-01T22:00,1.078,0.6,39.32
2025-11-01T23:00,1.075,1.2,39.19
2025-11-02T00:00,1.077,0.8,39.27
2025-11-02T01:00,1.071,2.4,39.02
2025-11-02T02:00,1.08,1.2,39.4
2025-11-02T03:00,1.082,1.6,39.49
2025-11-02T04:00,1.092,0.6,39.91
2025-11-02T05:00,1.093,0.4,39.95
2025-11-02T06:00,1.093,0.2,39.95
2025-11-02T07:00,1.084,3.6,39.57
2025-11-02T08:00,1.17,10.4,43.23
2025-11-02T09:00,1.184,0.0,43.82
2025-11-02T10:00,1.182,0.0,43.74
2025-11-02T11:00,1.189,0.2,44.03
2025-11-02T12:00,1.187,0.0,43.95
2025-11-02T13:00,1.183,0.0,43.78
2025-11-02T14:00,1.18,0.0,43.65
2025-11-02T15:00,1.177,0.0,43.52
2025-11-02T16:00,1.176,0.0,43.48
2025-11-02T17:00,1.179,0.0,43.61
2025-11-02T18:00,1.179,0.0,43.61
2025-11-02T19:00,1.181,0.0,43.69
2025-11-02T20:00,1.181,0.0,43.69
2025-11-02T21:00,1.183,0.0,43.78
2025-11-02T22:00,1.182,0.0,43.74
2025-11-02T23:00,1.182,0.0,43.74
2025-11-03T00:00,1.182,0.0,43.74
2025-11-03T01:00,1.186,0.0,43.91
2025-11-03T02:00,1.189,0.0,44.03
2025-11-03T03:00,1.192,0.0,44.16
2025-11-03T04:00,1.195,0.0,44.29
2025-11-03T05:00,1.2,0.0,44.5
2025-11-03T06:00,1.206,0.0,44.77
2025-11-03T07:00,1.212,0.0,45.04
2025-11-03T08:00,1.218,0.0,45.31
2025-11-03T09:00,1.227,0.0,45.72
2025-11-03T10:00,1.236,0.0,46.12
2025-11-03T11:00,1.247,0.0,46.62
2025-11-03T12:00,1.256,0.0,47.02
2025-11-03T13:00,1.266,0.0,47.47
2025-11-03T14:00,1.277,0.0,47.97
2025-11-03T15:00,1.28,0.0,48.1
2025-11-03T16:00,1.298,0.0,48.91
2025-11-03T17:00,1.304,0.0,49.18
2025-11-03T18:00,1.458,24.0,56.11
2025-11-03T19:00,1.464,0.0,56.38
2025-11-03T20:00,1.48,0.0,57.1
2025-11-03T21:00,1.49,0.0,57.55
2025-11-03T22:00,1.49,0.0,57.55
2025-11-03T23:00,1.485,0.0,57.33
2025-11-04T00:00,1.481,0.0,57.15
2025-11-04T01:00,1.477,0.0,56.97
2025-11-04T02:00,1.474,0.0,56.83
2025-11-04T03:00,1.472,0.0,56.74
2025-11-04T04:00,1.468,0.0,56.56
2025-11-04T05:00,1.464,0.0,56.38
2025-11-04T06:00,1.461,0.0,56.25
2025-11-04T07:00,1.457,0.0,56.07
2025-11-04T08:00,1.455,0.0,55.98
2025-11-04T09:00,1.454,0.0,55.93
2025-11-04T10:00,1.454,0.2,55.93
2025-11-04T11:00,1.456,0.0,56.02
2025-11-04T12:00,1.461,0.0,56.25
2025-11-04T13:00,1.459,0.0,56.16
2025-11-04T14:00,1.472,0.0,56.74
2025-11-04T15:00,1.483,0.0,57.24
2025-11-04T16:00,1.495,0.0,57.78
2025-11-04T17:00,1.511,0.0,58.5
2025-11-04T18:00,1.525,0.0,59.13
2025-11-04T19:00,1.542,0.0,59.89
2025-11-04T20:00,1.556,0.0,60.52
2025-11-04T21:00,1.571,0.0,61.2
2025-11-04T22:00,1.586,0.0,61.87
2025-11-04T23:00,1.601,0.0,62.55
2025-11-05T00:00,1.614,0.0,63.13
2025-11-05T01:00,1.626,0.0,63.67
2025-11-05T02:00,1.637,0.0,64.17
2025-11-05T03:00,1.647,0.0,64.62
2025-11-05T04:00,1.656,0.0,65.02
2025-11-05T05:00,1.663,0.0,65.34
2025-11-05T06:00,1.67,0.0,65.65
2025-11-05T07:00,1.674,0.0,65.83
2025-11-05T08:00,1.678,0.0,66.01
2025-11-05T09:00,1.678,0.0,66.01
2025-11-05T10:00,1.677,0.0,65.97
2025-11-05T11:00,1.675,0.0,65.88
2025-11-05T12:00,1.667,0.0,65.52
2025-11-05T13:00,1.651,0.0,64.8
2025-11-05T14:00,1.647,0.0,64.62
2025-11-05T15:00,1.64,0.0,64.3
2025-11-05T16:00,1.646,0.0,64.57
2025-11-05T17:00,1.636,0.0,64.12
2025-11-05T18:00,1.636,0.0,64.12
2025-11-05T19:00,1.63,0.0,63.85
2025-11-05T20:00,1.622,0.0,63.49
2025-11-05T21:00,1.615,0.0,63.18
2025-11-05T22:00,1.608,0.0,62.86
2025-11-05T23:00,1.603,0.0,62.64
2025-11-06T00:00,1.597,0.0,62.37
2025-11-06T01:00,1.591,0.0,62.1
2025-11-06T02:00,1.584,0.0,61.78
2025-11-06T03:00,1.579,0.0,61.56
2025-11-06T04:00,1.574,0.0,61.33
2025-11-06T05:00,1.569,0.0,61.11
2025-11-06T06:00,1.563,0.0,60.84
2025-11-06T07:00,1.557,0.0,60.57
2025-11-06T08:00,1.551,0.0,60.3
2025-11-06T09:00,1.548,0.0,60.16
2025-11-06T10:00,1.541,0.0,59.85
2025-11-06T11:00,1.538,0.0,59.71
2025-11-06T12:00,1.534,0.0,59.53
2025-11-06T13:00,1.529,0.0,59.31
2025-11-06T14:00,1.526,0.0,59.17
2025-11-06T15:00,1.525,0.0,59.13
2025-11-06T16:00,1.518,0.0,58.81
2025-11-06T17:00,1.522,0.0,58.99
2025-11-06T18:00,1.52,0.0,58.9
2025-11-06T19:00,1.517,0.0,58.77
2025-11-06T20:00,1.518,0.0,58.81
2025-11-06T21:00,1.515,0.0,58.68
2025-11-06T22:00,1.512,0.0,58.54
2025-11-06T23:00,1.508,0.0,58.36
2025-11-07T00:00,1.505,0.0,58.23
2025-11-07T01:00,1.503,0.0,58.14
2025-11-07T02:00,1.499,0.0,57.96
2025-11-07T03:00,1.498,0.0,57.91
2025-11-07T04:00,1.497,0.0,57.87
2025-11-07T05:00,1.495,0.0,57.78
2025-11-07T06:00,1.493,0.0,57.69
2025-11-07T07:00,1.494,0.0,57.73
2025-11-07T08:00,1.492,0.0,57.64
2025-11-07T09:00,1.49,0.0,57.55
2025-11-07T10:00,1.488,0.0,57.46
2025-11-07T11:00,1.486,0.0,57.37
2025-11-07T12:00,1.482,0.0,57.19
2025-11-07T13:00,1.481,0.0,57.15
2025-11-07T14:00,1.479,0.0,57.06
2025-11-07T15:00,1.48,0.0,57.1
2025-11-07T16:00,1.476,0.0,56.92
2025-11-07T17:00,1.476,0.0,56.92
2025-11-07T18:00,1.472,0.0,56.74
2025-11-07T19:00,1.47,0.0,56.65
2025-11-07T20:00,1.469,1.2,56.61
2025-11-07T21:00,1.492,10.6,57.64
2025-11-07T22:00,1.532,5.2,59.44
2025-11-07T23:00,1.558,2.4,60.61
2025-11-08T00:00,1.559,1.6,60.66
2025-11-08T01:00,1.574,0.6,61.33
2025-11-08T02:00,1.574,0.0,61.33
2025-11-08T03:00,1.575,0.0,61.38
2025-11-08T04:00,1.575,0.0,61.38
2025-11-08T05:00,1.577,0.0,61.47
2025-11-08T06:00,1.58,0.2,61.6
2025-11-08T07:00,1.58,0.0,61.6
2025-11-08T08:00,1.577,0.0,61.47
2025-11-08T09:00,1.583,0.0,61.74
2025-11-08T10:00,1.585,0.0,61.83
2025-11-08T11:00,1.591,0.0,62.1
2025-11-08T12:00,1.599,0.0,62.46
2025-11-08T13:00,1.603,0.0,62.64
2025-11-08T14:00,1.609,0.0,62.91
2025-11-08T15:00,1.613,0.0,63.09
2025-11-08T16:00,1.636,0.0,64.12
2025-11-08T17:00,1.64,0.0,64.3
2025-11-08T18:00,1.653,0.0,64.89
2025-11-08T19:00,1.667,0.0,65.52
2025-11-08T20:00,1.684,0.0,66.28
2025-11-08T21:00,1.705,0.0,67.23
2025-11-08T22:00,1.727,0.0,68.22
2025-11-08T23:00,1.752,0.0,69.34
2025-11-09T00:00,1.778,0.0,70.51
2025-11-09T01:00,1.804,0.0,71.68
2025-11-09T02:00,1.831,0.0,72.9
2025-11-09T03:00,1.858,0.0,74.11
2025-11-09T04:00,1.883,0.0,75.24
2025-11-09T05:00,1.906,0.0,76.27
2025-11-09T06:00,1.928,0.0,77.26
2025-11-09T07:00,1.947,0.0,78.12
2025-11-09T08:00,1.964,0.0,78.88
2025-11-09T09:00,1.979,0.0,79.56
2025-11-09T10:00,1.993,0.0,80.19
2025-11-09T11:00,2.002,0.0,80.59
2025-11-09T12:00,2.01,0.0,80.95
2025-11-09T13:00,2.017,0.0,81.27
2025-11-09T14:00,2.021,0.0,81.45
2025-11-09T15:00,2.024,0.0,81.58
2025-11-09T16:00,2.027,0.0,81.72
2025-11-09T17:00,2.027,0.0,81.72
2025-11-09T18:00,2.024,0.0,81.58
2025-11-09T19:00,2.022,0.0,81.49
2025-11-09T20:00,2.015,0.0,81.18
2025-11-09T21:00,2.01,0.0,80.95
2025-11-09T22:00,2.002,0.0,80.59
2025-11-09T23:00,1.991,0.0,80.1
2025-11-10T00:00,1.98,0.0,79.6
2025-11-10T01:00,1.969,0.0,79.11
2025-11-10T02:00,1.958,0.0,78.61
2025-11-10T03:00,1.945,0.0,78.03
2025-11-10T04:00,1.932,0.0,77.44
2025-11-10T05:00,1.918,0.0,76.81
2025-11-10T06:00,1.904,0.0,76.18
2025-11-10T07:00,1.889,0.0,75.51
2025-11-10T08:00,1.878,0.0,75.01
2025-11-10T09:00,1.862,0.0,74.29
2025-11-10T10:00,1.847,0.0,73.62
2025-11-10T11:00,1.832,0.0,72.94
2025-11-10T12:00,1.819,0.0,72.36
2025-11-10T13:00,1.802,0.0,71.59
2025-11-10T14:00,1.79,0.0,71.05
2025-11-10T15:00,1.778,0.0,70.51
2025-11-10T16:00,1.768,0.0,70.06
2025-11-10T17:00,1.758,0.0,69.61
2025-11-10T18:00,1.748,0.0,69.16
2025-11-10T19:00,1.737,0.0,68.67
2025-11-10T20:00,1.726,0.0,68.17
2025-11-10T21:00,1.716,0.0,67.72
2025-11-10T22:00,1.703,0.0,67.14
2025-11-10T23:00,1.693,0.0,66.69
2025-11-11T00:00,1.682,0.0,66.19
2025-11-11T01:00,1.673,0.0,65.79
2025-11-11T02:00,1.661,0.0,65.25
2025-11-11T03:00,1.652,0.0,64.84
2025-11-11T04:00,1.642,0.0,64.39
2025-11-11T05:00,1.632,0.0,63.94
2025-11-11T06:00,1.623,0.0,63.54
2025-11-11T07:00,1.613,0.0,63.09
2025-11-11T08:00,1.603,0.0,62.64
2025-11-11T09:00,1.596,0.0,62.32
2025-11-11T10:00,1.586,0.0,61.87
2025-11-11T11:00,1.579,0.0,61.56
2025-11-11T12:00,1.57,0.0,61.15
2025-11-11T13:00,1.561,0.0,60.75
2025-11-11T14:00,1.556,0.0,60.52
2025-11-11T15:00,1.552,0.0,60.34
2025-11-11T16:00,1.549,0.0,60.21
2025-11-11T17:00,1.545,0.0,60.03
2025-11-11T18:00,1.544,0.0,59.98
2025-11-11T19:00,1.539,0.0,59.76
2025-11-11T20:00,1.534,0.0,59.53
2025-11-11T21:00,1.531,0.0,59.4
2025-11-11T22:00,1.523,0.0,59.04
2025-11-11T23:00,1.517,0.0,58.77
2025-11-12T00:00,1.51,0.0,58.45
2025-11-12T01:00,1.503,0.0,58.14
2025-11-12T02:00,1.496,0.0,57.82
2025-11-12T03:00,1.488,0.0,57.46
2025-11-12T04:00,1.482,0.0,57.19
2025-11-12T05:00,1.475,0.0,56.88
2025-11-12T06:00,1.468,0.0,56.56
2025-11-12T07:00,1.462,0.0,56.29
2025-11-12T08:00,1.454,0.0,55.93
2025-11-12T09:00,1.445,0.0,55.53
2025-11-12T10:00,1.439,0.0,55.26
2025-11-12T11:00,1.431,0.0,54.9
2025-11-12T12:00,1.424,0.0,54.58
2025-11-12T13:00,1.417,0.0,54.27
2025-11-12T14:00,1.412,0.0,54.04
2025-11-12T15:00,1.403,0.0,53.64
2025-11-12T16:00,1.397,0.0,53.37
2025-11-12T17:00,1.394,0.0,53.23
2025-11-12T18:00,1.392,0.0,53.14
2025-11-12T19:00,1.386,0.0,52.87
2025-11-12T20:00,1.38,0.2,52.6
2025-11-12T21:00,1.376,0.6,52.42
2025-11-12T22:00,1.371,0.4,52.2
2025-11-12T23:00,1.366,0.2,51.97
2025-11-13T00:00,1.36,0.2,51.7
2025-11-13T01:00,1.355,0.0,51.48
2025-11-13T02:00,1.352,0.0,51.34
2025-11-13T03:00,1.347,0.0,51.12
2025-11-13T04:00,1.343,0.0,50.94
2025-11-13T05:00,1.338,0.0,50.71
2025-11-13T06:00,1.333,0.0,50.49
2025-11-13T07:00,1.328,0.0,50.26
2025-11-13T08:00,1.324,0.0,50.08
2025-11-13T09:00,1.313,0.0,49.59
2025-11-13T10:00,1.312,0.0,49.54
2025-11-13T11:00,1.306,0.0,49.27
2025-11-13T12:00,1.298,0.0,48.91
2025-11-13T13:00,1.289,0.0,48.51
2025-11-13T14:00,1.32,5.4,49.9
2025-11-13T15:00,1.309,0.2,49.41
2025-11-13T16:00,1.301,0.0,49.05
2025-11-13T17:00,1.296,0.0,48.82
2025-11-13T18:00,1.286,0.0,48.37
2025-11-13T19:00,1.28,0.0,48.1
2025-11-13T20:00,1.272,0.0,47.74
2025-11-13T21:00,1.266,0.0,47.47
2025-11-13T22:00,1.26,0.0,47.2
2025-11-13T23:00,1.255,0.0,46.98
2025-11-14T00:00,1.249,0.0,46.71
2025-11-14T01:00,1.244,0.0,46.48
2025-11-14T02:00,1.24,0.0,46.3
2025-11-14T03:00,1.235,0.0,46.08
2025-11-14T04:00,1.232,0.0,45.94
2025-11-14T05:00,1.228,0.0,45.76
2025-11-14T06:00,1.224,0.0,45.58
2025-11-14T07:00,1.221,0.0,45.45
2025-11-14T08:00,1.217,0.0,45.27
2025-11-14T09:00,1.212,0.0,45.04
2025-11-14T10:00,1.209,0.0,44.91
2025-11-14T11:00,1.204,0.0,44.68
2025-11-14T12:00,1.198,0.0,44.42
2025-11-14T13:00,1.197,0.0,44.37
2025-11-14T14:00,1.19,0.0,44.08
2025-11-14T15:00,1.19,0.0,44.08
2025-11-14T16:00,1.187,0.0,43.95
2025-11-14T17:00,1.186,0.0,43.91
2025-11-14T18:00,1.185,0.0,43.86
2025-11-14T19:00,1.184,0.0,43.82
2025-11-14T20:00,1.182,0.0,43.74
2025-11-14T21:00,1.183,0.0,43.78
2025-11-14T22:00,1.184,0.0,43.82
2025-11-14T23:00,1.183,0.0,43.78
2025-11-15T00:00,1.185,0.0,43.86
2025-11-15T01:00,1.185,0.0,43.86
2025-11-15T02:00,1.185,0.0,43.86
2025-11-15T03:00,1.188,0.0,43.99
2025-11-15T04:00,1.19,0.0,44.08
2025-11-15T05:00,1.188,0.0,43.99
2025-11-15T06:00,1.189,0.0,44.03
2025-11-15T07:00,1.191,0.0,44.12
2025-11-15T08:00,1.189,0.0,44.03
2025-11-15T09:00,1.188,0.0,43.99
2025-11-15T10:00,1.186,0.0,43.91
2025-11-15T11:00,1.183,0.0,43.78
2025-11-15T12:00,1.181,0.0,43.69
2025-11-15T13:00,1.179,0.0,43.61
2025-11-15T14:00,1.179,0.0,43.61
2025-11-15T15:00,1.179,0.0,43.61
2025-11-15T16:00,1.177,0.0,43.52
2025-11-15T17:00,1.174,0.0,43.4
2025-11-15T18:00,1.171,0.0,43.27
2025-11-15T19:00,1.171,0.0,43.27
2025-11-15T20:00,1.169,0.0,43.18
2025-11-15T21:00,1.166,0.0,43.06
2025-11-15T22:00,1.163,0.0,42.93
2025-11-15T23:00,1.161,0.0,42.84
2025-11-16T00:00,1.157,0.0,42.67
2025-11-16T01:00,1.154,0.0,42.55
2025-11-16T02:00,1.152,0.0,42.46
2025-11-16T03:00,1.151,0.0,42.42
2025-11-16T04:00,1.149,0.0,42.33
2025-11-16T05:00,1.147,0.0,42.25
2025-11-16T06:00,1.143,0.0,42.08
2025-11-16T07:00,1.14,0.0,41.95
2025-11-16T08:00,1.139,0.0,41.91
2025-11-16T09:00,1.133,0.0,41.65
2025-11-16T10:00,1.13,0.0,41.53
2025-11-16T11:00,1.123,0.0,41.23
2025-11-16T12:00,1.114,0.0,40.85
2025-11-16T13:00,1.107,0.0,40.55
2025-11-16T14:00,1.108,0.0,40.59
2025-11-16T15:00,1.11,0.0,40.68
2025-11-16T16:00,1.107,0.0,40.55
2025-11-16T17:00,1.103,0.0,40.38
2025-11-16T18:00,1.111,0.0,40.72
2025-11-16T19:00,1.111,0.0,40.72
2025-11-16T20:00,1.108,0.0,40.59
2025-11-16T21:00,1.104,0.0,40.42
2025-11-16T22:00,1.102,0.0,40.34
2025-11-16T23:00,1.099,0.0,40.21
2025-11-17T00:00,1.096,0.2,40.08
2025-11-17T01:00,1.09,0.2,39.83
2025-11-17T02:00,1.116,11.2,40.93
2025-11-17T03:00,1.133,0.4,41.65
2025-11-17T04:00,1.125,0.2,41.31
2025-11-17T05:00,1.12,0.2,41.1
2025-11-17T06:00,1.115,0.4,40.89
2025-11-17T07:00,1.106,1.8,40.51
2025-11-17T08:00,1.114,0.6,40.85
2025-11-17T09:00,1.111,0.0,40.72
2025-11-17T10:00,1.107,0.0,40.55
2025-11-17T11:00,1.107,0.0,40.55
2025-11-17T12:00,1.106,0.0,40.51
2025-11-17T13:00,1.104,0.0,40.42
2025-11-17T14:00,1.1,0.0,40.25
2025-11-17T15:00,1.102,0.0,40.34
2025-11-17T16:00,1.103,0.0,40.38
2025-11-17T17:00,1.103,0.0,40.38
2025-11-17T18:00,1.106,0.0,40.51
2025-11-17T19:00,1.105,0.0,40.46
2025-11-17T20:00,1.108,0.0,40.59
2025-11-17T21:00,1.108,0.0,40.59
2025-11-17T22:00,1.105,0.0,40.46
2025-11-17T23:00,1.108,0.0,40.59
2025-11-18T00:00,1.112,0.0,40.76
2025-11-18T01:00,1.112,0.0,40.76
2025-11-18T02:00,1.113,0.0,40.8
2025-11-18T03:00,1.111,0.6,40.72
2025-11-18T04:00,1.113,0.8,40.8
2025-11-18T05:00,1.112,3.8,40.76
2025-11-18T06:00,1.132,3.0,41.61
2025-11-18T07:00,1.151,3.6,42.42
2025-11-18T08:00,1.165,4.4,43.01
2025-11-18T09:00,1.209,1.6,44.91
2025-11-18T10:00,1.212,1.0,45.04
2025-11-18T11:00,1.221,0.0,45.45
2025-11-18T12:00,1.225,0.0,45.63
2025-11-18T13:00,1.229,0.0,45.81
2025-11-18T14:00,1.294,14.4,48.73
2025-11-18T15:00,1.296,0.8,48.82
2025-11-18T16:00,1.298,0.0,48.91
2025-11-18T17:00,1.317,0.0,49.77
2025-11-18T18:00,1.331,0.2,50.4
2025-11-18T19:00,1.35,0.0,51.25
2025-11-18T20:00,1.369,0.0,52.11
2025-11-18T21:00,1.389,0.0,53.01
2025-11-18T22:00,1.41,0.0,53.95
2025-11-18T23:00,1.431,0.0,54.9
2025-11-19T00:00,1.451,0.0,55.8
2025-11-19T01:00,1.468,0.0,56.56
2025-11-19T02:00,1.483,0.0,57.24
2025-11-19T03:00,1.5,0.0,58.0
2025-11-19T04:00,1.514,0.0,58.63
2025-11-19T05:00,1.53,0.0,59.35
2025-11-19T06:00,1.546,0.0,60.07
2025-11-19T07:00,1.563,0.0,60.84
2025-11-19T08:00,1.581,0.0,61.65
2025-11-19T09:00,1.599,0.0,62.46
2025-11-19T10:00,1.617,0.0,63.27
2025-11-19T11:00,1.643,0.0,64.44
2025-11-19T12:00,1.67,0.0,65.65
2025-11-19T13:00,1.695,0.0,66.78
2025-11-19T14:00,1.726,0.0,68.17
2025-11-19T15:00,1.761,0.0,69.75
2025-11-19T16:00,1.792,0.0,71.14
2025-11-19T17:00,1.825,0.0,72.63
2025-11-19T18:00,1.859,0.0,74.16
2025-11-19T19:00,1.89,0.0,75.55
2025-11-19T20:00,1.918,0.0,76.81
2025-11-19T21:00,1.944,0.0,77.98
2025-11-19T22:00,1.968,0.0,79.06
2025-11-19T23:00,1.989,0.0,80.01
2025-11-20T00:00,2.005,0.0,80.73
2025-11-20T01:00,2.022,0.0,81.49
2025-11-20T02:00,2.033,0.0,81.99
2025-11-20T03:00,2.045,0.0,82.53
2025-11-20T04:00,2.053,0.0,82.89
2025-11-20T05:00,2.059,0.0,83.16
2025-11-20T06:00,2.063,0.0,83.34
2025-11-20T07:00,2.065,0.0,83.43
2025-11-20T08:00,2.065,0.0,83.43
2025-11-20T09:00,2.065,0.0,83.43
2025-11-20T10:00,2.062,0.0,83.29
2025-11-20T11:00,2.058,0.0,83.11
2025-11-20T12:00,2.051,0.0,82.8
2025-11-20T13:00,2.042,0.0,82.39
2025-11-20T14:00,2.036,0.0,82.12
2025-11-20T15:00,2.03,0.0,81.85
2025-11-20T16:00,2.021,0.0,81.45
2025-11-20T17:00,2.013,0.0,81.09
2025-11-20T18:00,2.004,0.0,80.68
2025-11-20T19:00,1.993,0.0,80.19
2025-11-20T20:00,1.981,0.0,79.65
2025-11-20T21:00,1.969,0.0,79.11
2025-11-20T22:00,1.956,0.0,78.52
2025-11-20T23:00,1.942,0.0,77.89
2025-11-21T00:00,1.926,0.0,77.17
2025-11-21T01:00,1.913,0.0,76.59
2025-11-21T02:00,1.898,0.0,75.91
2025-11-21T03:00,1.883,0.0,75.24
2025-11-21T04:00,1.869,0.0,74.61
2025-11-21T05:00,1.856,0.0,74.02
2025-11-21T06:00,1.841,0.0,73.35
2025-11-21T07:00,1.826,0.0,72.67
2025-11-21T08:00,1.813,0.0,72.09
2025-11-21T09:00,1.799,0.0,71.46
2025-11-21T10:00,1.784,0.0,70.78
2025-11-21T11:00,1.769,0.0,70.11
2025-11-21T12:00,1.752,0.0,69.34
2025-11-21T13:00,1.734,0.0,68.53
2025-11-21T14:00,1.712,0.0,67.54
2025-11-21T15:00,1.714,0.0,67.63
2025-11-21T16:00,1.699,0.0,66.96
2025-11-21T17:00,1.684,0.0,66.28
2025-11-21T18:00,1.675,0.0,65.88
2025-11-21T19:00,1.666,0.0,65.47
2025-11-21T20:00,1.654,0.0,64.93
2025-11-21T21:00,1.643,0.0,64.44
2025-11-21T22:00,1.631,0.0,63.9
2025-11-21T23:00,1.621,0.0,63.45
2025-11-22T00:00,1.61,0.0,62.95
2025-11-22T01:00,1.598,0.0,62.41
2025-11-22T02:00,1.587,0.0,61.92
2025-11-22T03:00,1.579,0.0,61.56
2025-11-22T04:00,1.57,0.0,61.15
2025-11-22T05:00,1.56,0.0,60.7
2025-11-22T06:00,1.551,0.0,60.3
2025-11-22T07:00,1.542,0.0,59.89
2025-11-22T08:00,1.532,0.0,59.44
2025-11-22T09:00,1.524,0.0,59.08
2025-11-22T10:00,1.513,0.0,58.59
2025-11-22T11:00,1.504,0.0,58.18
2025-11-22T12:00,1.488,0.0,57.46
2025-11-22T13:00,1.476,0.0,56.92
2025-11-22T14:00,1.464,0.0,56.38
2025-11-22T15:00,1.458,0.0,56.11
2025-11-22T16:00,1.451,0.0,55.8
2025-11-22T17:00,1.438,0.0,55.21
2025-11-22T18:00,1.42,0.0,54.4
2025-11-22T19:00,1.414,0.0,54.13
2025-11-22T20:00,1.411,0.0,54.0
2025-11-22T21:00,1.403,0.0,53.64
2025-11-22T22:00,1.396,0.0,53.32
2025-11-22T23:00,1.386,0.0,52.87
2025-11-23T00:00,1.377,0.0,52.47
2025-11-23T01:00,1.373,0.8,52.29
2025-11-23T02:00,1.368,0.0,52.06
2025-11-23T03:00,1.363,0.0,51.84
2025-11-23T04:00,1.357,0.0,51.57
2025-11-23T05:00,1.352,0.0,51.34
2025-11-23T06:00,1.349,0.0,51.21
2025-11-23T07:00,1.345,0.0,51.03
2025-11-23T08:00,1.341,0.0,50.85
2025-11-23T09:00,1.336,0.0,50.62
2025-11-23T10:00,1.332,1.2,50.44
2025-11-23T11:00,1.341,5.2,50.85
2025-11-23T12:00,1.335,0.0,50.58
2025-11-23T13:00,1.327,0.0,50.22
2025-11-23T14:00,1.325,0.2,50.13
2025-11-23T15:00,1.323,0.0,50.04
2025-11-23T16:00,1.321,0.0,49.95
2025-11-23T17:00,1.317,0.0,49.77
2025-11-23T18:00,1.315,0.0,49.68
2025-11-23T19:00,1.345,12.0,51.03
2025-11-23T20:00,1.364,1.6,51.88
2025-11-23T21:00,1.391,2.0,53.1
2025-11-23T22:00,1.396,0.0,53.32
2025-11-23T23:00,1.392,0.2,53.14
2025-11-24T00:00,1.389,0.0,53.01
2025-11-24T01:00,1.387,0.0,52.92
2025-11-24T02:00,1.387,0.0,52.92
2025-11-24T03:00,1.39,0.0,53.05
2025-11-24T04:00,1.394,0.0,53.23
2025-11-24T05:00,1.398,0.0,53.41
2025-11-24T06:00,1.403,0.0,53.64
2025-11-24T07:00,1.409,0.2,53.91
2025-11-24T08:00,1.414,0.0,54.13
2025-11-24T09:00,1.418,0.0,54.31
2025-11-24T10:00,1.422,0.0,54.49
2025-11-24T11:00,1.427,0.0,54.72
2025-11-24T12:00,1.431,0.0,54.9
2025-11-24T13:00,1.435,0.0,55.08
2025-11-24T14:00,1.438,0.0,55.21
2025-11-24T15:00,1.44,0.0,55.3
2025-11-24T16:00,1.442,0.2,55.39
2025-11-24T17:00,1.444,0.0,55.48
2025-11-24T18:00,1.447,0.0,55.62
2025-11-24T19:00,1.45,0.0,55.75
2025-11-24T20:00,1.45,0.0,55.75
2025-11-24T21:00,1.45,0.0,55.75
2025-11-24T22:00,1.451,0.0,55.8
2025-11-24T23:00,1.451,0.0,55.8
2025-11-25T00:00,1.451,0.0,55.8
2025-11-25T01:00,1.453,0.0,55.89
2025-11-25T02:00,1.455,0.0,55.98
2025-11-25T03:00,1.456,0.0,56.02
2025-11-25T04:00,1.456,0.0,56.02
2025-11-25T05:00,1.457,0.0,56.07
2025-11-25T06:00,1.459,0.0,56.16
2025-11-25T07:00,1.461,0.0,56.25
2025-11-25T08:00,1.462,0.0,56.29
2025-11-25T09:00,1.465,0.0,56.43
2025-11-25T10:00,1.468,0.0,56.56
2025-11-25T11:00,1.472,0.0,56.74
2025-11-25T12:00,1.477,0.0,56.97
2025-11-25T13:00,1.478,0.0,57.01
2025-11-25T14:00,1.491,0.0,57.6
2025-11-25T15:00,1.498,0.0,57.91
2025-11-25T16:00,1.509,0.0,58.41
2025-11-25T17:00,1.523,0.0,59.04
2025-11-25T18:00,1.537,0.0,59.67
2025-11-25T19:00,1.552,0.0,60.34
2025-11-25T20:00,1.565,0.0,60.93
2025-11-25T21:00,1.58,0.0,61.6
2025-11-25T22:00,1.593,0.0,62.19
2025-11-25T23:00,1.606,0.0,62.77
2025-11-26T00:00,1.618,0.0,63.31
2025-11-26T01:00,1.63,0.0,63.85
2025-11-26T02:00,1.642,0.0,64.39
2025-11-26T03:00,1.654,0.0,64.93
2025-11-26T04:00,1.666,0.0,65.47
2025-11-26T05:00,1.675,0.0,65.88
2025-11-26T06:00,1.685,0.0,66.33
2025-11-26T07:00,1.694,0.0,66.73
2025-11-26T08:00,1.702,0.0,67.09
2025-11-26T09:00,1.712,0.0,67.54
2025-11-26T10:00,1.719,0.0,67.86
2025-11-26T11:00,1.721,0.0,67.95
2025-11-26T12:00,1.728,0.0,68.26
2025-11-26T13:00,1.731,0.0,68.4
2025-11-26T14:00,1.736,0.0,68.62
2025-11-26T15:00,1.74,0.0,68.8
2025-11-26T16:00,1.744,0.0,68.98
2025-11-26T17:00,1.749,0.0,69.21
2025-11-26T18:00,1.752,0.0,69.34
2025-11-26T19:00,1.754,0.0,69.43
2025-11-26T20:00,1.755,0.0,69.48
2025-11-26T21:00,1.757,0.0,69.57
2025-11-26T22:00,1.756,0.0,69.52
2025-11-26T23:00,1.755,0.0,69.48
2025-11-27T00:00,1.754,0.0,69.43
2025-11-27T01:00,1.752,0.0,69.34
2025-11-27T02:00,1.751,0.0,69.3
2025-11-27T03:00,1.749,0.0,69.21
2025-11-27T04:00,1.746,0.0,69.07
2025-11-27T05:00,1.744,0.0,68.98
2025-11-27T06:00,1.741,0.0,68.85
2025-11-27T07:00,1.74,0.0,68.8
2025-11-27T08:00,1.738,0.0,68.71
2025-11-27T09:00,1.733,0.0,68.49
2025-11-27T10:00,1.729,0.0,68.31
2025-11-27T11:00,1.723,0.0,68.04
2025-11-27T12:00,1.722,0.0,67.99
2025-11-27T13:00,1.716,0.0,67.72
2025-11-27T14:00,1.715,0.0,67.68
2025-11-27T15:00,1.709,0.0,67.41
2025-11-27T16:00,1.708,0.0,67.36
2025-11-27T17:00,1.71,0.0,67.45
2025-11-27T18:00,1.706,0.0,67.27
2025-11-27T19:00,1.705,0.0,67.23
2025-11-27T20:00,1.702,0.0,67.09
2025-11-27T21:00,1.7,0.0,67.0
2025-11-27T22:00,1.697,0.0,66.87
2025-11-27T23:00,1.693,0.0,66.69
2025-11-28T00:00,1.689,0.0,66.51
2025-11-28T01:00,1.684,0.0,66.28
2025-11-28T02:00,1.68,0.0,66.1
2025-11-28T03:00,1.675,0.0,65.88
2025-11-28T04:00,1.672,0.0,65.74
2025-11-28T05:00,1.668,0.0,65.56
2025-11-28T06:00,1.665,0.0,65.43
2025-11-28T07:00,1.662,0.0,65.29
2025-11-28T08:00,1.659,0.0,65.16
2025-11-28T09:00,1.656,0.0,65.02
2025-11-28T10:00,1.652,0.0,64.84
2025-11-28T11:00,1.649,0.0,64.71
2025-11-28T12:00,1.643,0.0,64.44
2025-11-28T13:00,1.636,0.0,64.12
2025-11-28T14:00,1.635,0.0,64.08
2025-11-28T15:00,1.633,0.0,63.99
2025-11-28T16:00,1.62,6.6,63.4
2025-11-28T17:00,1.642,0.4,64.39
2025-11-28T18:00,1.639,0.0,64.26
2025-11-28T19:00,1.636,0.0,64.12
2025-11-28T20:00,1.632,0.0,63.94
2025-11-28T21:00,1.632,0.0,63.94
2025-11-28T22:00,1.63,0.0,63.85
2025-11-28T23:00,1.628,0.0,63.76
2025-11-29T00:00,1.624,0.0,63.58
2025-11-29T01:00,1.621,0.0,63.45
2025-11-29T02:00,1.616,0.0,63.22
2025-11-29T03:00,1.613,0.0,63.09
2025-11-29T04:00,1.61,0.0,62.95
2025-11-29T05:00,1.605,0.0,62.73
2025-11-29T06:00,1.603,0.0,62.64
2025-11-29T07:00,1.602,0.0,62.59
2025-11-29T08:00,1.599,0.0,62.46
2025-11-29T09:00,1.599,0.0,62.46
2025-11-29T10:00,1.599,0.0,62.46
2025-11-29T11:00,1.596,0.0,62.32
2025-11-29T12:00,1.591,0.0,62.1
2025-11-29T13:00,1.591,0.0,62.1
2025-11-29T14:00,1.588,0.0,61.96
2025-11-29T15:00,1.591,0.0,62.1
2025-11-29T16:00,1.591,0.0,62.1
2025-11-29T17:00,1.596,0.0,62.32
2025-11-29T18:00,1.598,0.0,62.41
2025-11-29T19:00,1.6,0.0,62.5
2025-11-29T20:00,1.603,0.0,62.64
2025-11-29T21:00,1.607,0.0,62.82
2025-11-29T22:00,1.609,0.0,62.91
2025-11-29T23:00,1.611,0.0,63.0
2025-11-30T00:00,1.615,0.0,63.18
2025-11-30T01:00,1.614,0.0,63.13
2025-11-30T02:00,1.615,0.0,63.18
2025-11-30T03:00,1.617,0.0,63.27
2025-11-30T04:00,1.617,0.0,63.27
2025-11-30T05:00,1.617,0.0,63.27
2025-11-30T06:00,1.615,0.0,63.18
2025-11-30T07:00,1.613,0.0,63.09
2025-11-30T08:00,1.61,0.0,62.95
2025-11-30T09:00,1.606,0.0,62.77
2025-11-30T10:00,1.601,0.0,62.55
2025-11-30T11:00,1.596,0.0,62.32
2025-11-30T12:00,1.586,0.0,61.87
2025-11-30T13:00,1.578,0.0,61.51
2025-11-30T14:00,1.571,0.0,61.2
2025-11-30T15:00,1.566,0.0,60.97
2025-11-30T16:00,1.558,0.0,60.61
2025-11-30T17:00,1.554,0.0,60.43
2025-11-30T18:00,1.548,0.0,60.16
2025-11-30T19:00,1.543,0.8,59.94
2025-11-30T20:00,1.539,0.2,59.76
2025-11-30T21:00,1.531,0.0,59.4
2025-11-30T22:00,1.523,0.0,59.04
2025-11-30T23:00,1.516,0.0,58.72
2025-12-01T00:00,1.506,0.0,58.27
2025-12-01T01:00,1.496,0.0,57.82
2025-12-01T02:00,1.487,0.0,57.42
2025-12-01T03:00,1.477,0.0,56.97
2025-12-01T04:00,1.468,0.0,56.56
2025-12-01T05:00,1.459,0.0,56.16
2025-12-01T06:00,1.451,0.0,55.8
2025-12-01T07:00,1.444,0.0,55.48
2025-12-01T08:00,1.432,5.8,54.94
2025-12-01T09:00,1.457,1.0,56.07
2025-12-01T10:00,1.447,0.0,55.62
2025-12-01T11:00,1.44,0.0,55.3
2025-12-01T12:00,1.435,0.0,55.08
2025-12-01T13:00,1.429,0.2,54.81
2025-12-01T14:00,1.422,0.0,54.49
2025-12-01T15:00,1.419,0.0,54.36
2025-12-01T16:00,1.414,0.0,54.13
2025-12-01T17:00,1.41,0.0,53.95
2025-12-01T18:00,1.406,0.0,53.77
2025-12-01T19:00,1.403,0.0,53.64
2025-12-01T20:00,1.398,0.0,53.41
2025-12-01T21:00,1.394,0.0,53.23
2025-12-01T22:00,1.39,0.0,53.05
2025-12-01T23:00,1.386,0.0,52.87
2025-12-02T00:00,1.382,0.0,52.69
2025-12-02T01:00,1.377,0.0,52.47
2025-12-02T02:00,1.375,0.0,52.38
2025-12-02T03:00,1.372,0.0,52.24
2025-12-02T04:00,1.369,0.0,52.11
2025-12-02T05:00,1.366,0.0,51.97
2025-12-02T06:00,1.364,0.0,51.88
2025-12-02T07:00,1.362,0.0,51.79
2025-12-02T08:00,1.361,0.0,51.75
2025-12-02T09:00,1.349,6.2,51.21
2025-12-02T10:00,1.41,7.4,53.95
2025-12-02T11:00,1.421,0.8,54.45
2025-12-02T12:00,1.421,0.0,54.45
2025-12-02T13:00,1.418,0.0,54.31
2025-12-02T14:00,1.414,0.0,54.13
2025-12-02T15:00,1.415,0.0,54.18
2025-12-02T16:00,1.416,0.0,54.22
2025-12-02T17:00,1.417,0.0,54.27
2025-12-02T18:00,1.419,0.0,54.36
2025-12-02T19:00,1.422,0.0,54.49
2025-12-02T20:00,1.428,0.0,54.76
2025-12-02T21:00,1.434,0.0,55.03
2025-12-02T22:00,1.442,0.0,55.39
2025-12-02T23:00,1.452,0.0,55.84
2025-12-03T00:00,1.46,0.0,56.2
2025-12-03T01:00,1.473,0.0,56.79
2025-12-03T02:00,1.486,0.0,57.37
2025-12-03T03:00,1.499,0.0,57.96
2025-12-03T04:00,1.516,0.0,58.72
2025-12-03T05:00,1.533,0.0,59.49
2025-12-03T06:00,1.551,0.0,60.3
2025-12-03T07:00,1.57,0.0,61.15
2025-12-03T08:00,1.593,0.0,62.19
2025-12-03T09:00,1.617,0.0,63.27
2025-12-03T10:00,1.636,0.0,64.12
2025-12-03T11:00,1.665,0.0,65.43
2025-12-03T12:00,1.685,0.0,66.33
2025-12-03T13:00,1.7,0.0,67.0
2025-12-03T14:00,1.734,0.0,68.53
2025-12-03T15:00,1.75,0.0,69.25
2025-12-03T16:00,1.77,0.0,70.15
2025-12-03T17:00,1.789,0.0,71.01
2025-12-03T18:00,1.803,0.0,71.64
2025-12-03T19:00,1.819,0.0,72.36
2025-12-03T20:00,1.83,0.0,72.85
2025-12-03T21:00,1.838,0.0,73.21
2025-12-03T22:00,1.846,0.0,73.57
2025-12-03T23:00,1.852,0.0,73.84
2025-12-04T00:00,1.858,0.0,74.11
2025-12-04T01:00,1.861,0.0,74.25
2025-12-04T02:00,1.864,0.0,74.38
2025-12-04T03:00,1.866,0.0,74.47
2025-12-04T04:00,1.866,0.0,74.47
2025-12-04T05:00,1.864,0.0,74.38
2025-12-04T06:00,1.864,0.0,74.38
2025-12-04T07:00,1.862,0.0,74.29
2025-12-04T08:00,1.858,0.0,74.11
2025-12-04T09:00,1.854,0.0,73.93
2025-12-04T10:00,1.851,0.0,73.8
2025-12-04T11:00,1.842,0.0,73.39
2025-12-04T12:00,1.835,0.0,73.08
2025-12-04T13:00,1.827,0.0,72.72
2025-12-04T14:00,1.816,0.0,72.22
2025-12-04T15:00,1.813,0.0,72.09
2025-12-04T16:00,1.802,0.0,71.59
2025-12-04T17:00,1.792,0.0,71.14
2025-12-04T18:00,1.785,0.0,70.83
2025-12-04T19:00,1.775,0.0,70.38
2025-12-04T20:00,1.76,0.0,69.7
2025-12-04T21:00,1.748,0.0,69.16
2025-12-04T22:00,1.734,0.0,68.53
2025-12-04T23:00,1.72,0.0,67.9
2025-12-05T00:00,1.705,0.0,67.23
2025-12-05T01:00,1.69,0.0,66.55
2025-12-05T02:00,1.677,0.0,65.97
2025-12-05T03:00,1.663,0.0,65.34
2025-12-05T04:00,1.649,0.0,64.71
2025-12-05T05:00,1.635,0.0,64.08
2025-12-05T06:00,1.622,0.0,63.49
2025-12-05T07:00,1.609,0.0,62.91
2025-12-05T08:00,1.595,0.0,62.28
2025-12-05T09:00,1.583,0.0,61.74
2025-12-05T10:00,1.573,0.0,61.29
2025-12-05T11:00,1.554,0.0,60.43
2025-12-05T12:00,1.544,0.0,59.98
2025-12-05T13:00,1.53,0.0,59.35
2025-12-05T14:00,1.522,0.0,58.99
2025-12-05T15:00,1.509,0.0,58.41
2025-12-05T16:00,1.501,0.0,58.05
2025-12-05T17:00,1.493,0.0,57.69
2025-12-05T18:00,1.483,0.0,57.24
2025-12-05T19:00,1.476,0.0,56.92
2025-12-05T20:00,1.468,0.0,56.56
2025-12-05T21:00,1.458,0.0,56.11
2025-12-05T22:00,1.449,0.0,55.71
2025-12-05T23:00,1.439,0.0,55.26
2025-12-06T00:00,1.43,0.0,54.85
2025-12-06T01:00,1.421,0.0,54.45
2025-12-06T02:00,1.413,0.0,54.09
2025-12-06T03:00,1.406,0.0,53.77
2025-12-06T04:00,1.398,0.0,53.41
2025-12-06T05:00,1.391,0.0,53.1
2025-12-06T06:00,1.385,0.0,52.83
2025-12-06T07:00,1.379,0.0,52.56
2025-12-06T08:00,1.374,0.0,52.33
2025-12-06T09:00,1.369,0.0,52.11
2025-12-06T10:00,1.365,0.0,51.93
2025-12-06T11:00,1.357,0.0,51.57
2025-12-06T12:00,1.349,0.0,51.21
2025-12-06T13:00,1.345,0.0,51.03
2025-12-06T14:00,1.341,0.0,50.85
2025-12-06T15:00,1.339,0.0,50.76
2025-12-06T16:00,1.336,0.0,50.62
2025-12-06T17:00,1.333,0.0,50.49
2025-12-06T18:00,1.332,0.0,50.44
2025-12-06T19:00,1.332,0.0,50.44
2025-12-06T20:00,1.328,0.0,50.26
2025-12-06T21:00,1.324,0.0,50.08
2025-12-06T22:00,1.32,0.0,49.9
2025-12-06T23:00,1.316,0.0,49.72
2025-12-07T00:00,1.31,0.0,49.45
2025-12-07T01:00,1.305,0.0,49.23
2025-12-07T02:00,1.299,0.0,48.96
2025-12-07T03:00,1.295,0.0,48.78
2025-12-07T04:00,1.291,0.0,48.6
2025-12-07T05:00,1.284,0.0,48.28
2025-12-07T06:00,1.279,0.0,48.06
2025-12-07T07:00,1.274,0.0,47.83
2025-12-07T08:00,1.268,0.0,47.56
2025-12-07T09:00,1.264,0.0,47.38
2025-12-07T10:00,1.257,0.0,47.07
2025-12-07T11:00,1.249,0.0,46.71
2025-12-07T12:00,1.237,0.0,46.17
2025-12-07T13:00,1.235,0.0,46.08
2025-12-07T14:00,1.229,0.0,45.81
2025-12-07T15:00,1.224,0.0,45.58
2025-12-07T16:00,1.221,0.0,45.45
2025-12-07T17:00,1.218,0.0,45.31
2025-12-07T18:00,1.215,0.0,45.18
2025-12-07T19:00,1.223,0.0,45.54
2025-12-07T20:00,1.22,0.0,45.4
2025-12-07T21:00,1.218,0.0,45.31
2025-12-07T22:00,1.216,0.0,45.22
2025-12-07T23:00,1.214,0.0,45.13
2025-12-08T00:00,1.21,0.0,44.95
2025-12-08T01:00,1.207,0.0,44.82
2025-12-08T02:00,1.205,0.0,44.73
2025-12-08T03:00,1.201,0.0,44.55
2025-12-08T04:00,1.198,0.0,44.42
2025-12-08T05:00,1.194,0.0,44.25
2025-12-08T06:00,1.192,0.0,44.16
2025-12-08T07:00,1.188,0.0,43.99
2025-12-08T08:00,1.185,0.0,43.86
2025-12-08T09:00,1.18,0.0,43.65
2025-12-08T10:00,1.176,0.0,43.48
2025-12-08T11:00,1.171,0.0,43.27
2025-12-08T12:00,1.166,0.0,43.06
2025-12-08T13:00,1.159,0.0,42.76
2025-12-08T14:00,1.154,0.0,42.55
2025-12-08T15:00,1.149,0.0,42.33
2025-12-08T16:00,1.142,0.0,42.04
2025-12-08T17:00,1.138,0.0,41.87
2025-12-08T18:00,1.128,0.0,41.44
2025-12-08T19:00,1.123,0.0,41.23
2025-12-08T20:00,1.117,0.0,40.97
2025-12-08T21:00,1.122,0.0,41.19
2025-12-08T22:00,1.119,0.2,41.06
2025-12-08T23:00,1.117,0.0,40.97
2025-12-09T00:00,1.114,0.2,40.85
2025-12-09T01:00,1.104,1.4,40.42
2025-12-09T02:00,1.108,3.4,40.59
2025-12-09T03:00,1.12,0.8,41.1
2025-12-09T04:00,1.122,0.2,41.19
2025-12-09T05:00,1.12,0.2,41.1
2025-12-09T06:00,1.113,2.4,40.8
2025-12-09T07:00,1.124,0.8,41.27
2025-12-09T08:00,1.116,3.6,40.93
2025-12-09T09:00,1.151,1.8,42.42
2025-12-09T10:00,1.152,0.6,42.46
2025-12-09T11:00,1.149,0.0,42.33
2025-12-09T12:00,1.149,0.0,42.33
2025-12-09T13:00,1.147,0.0,42.25
2025-12-09T14:00,1.139,1.4,41.91
2025-12-09T15:00,1.145,7.0,42.16
2025-12-09T16:00,1.241,7.0,46.35
2025-12-09T17:00,1.234,0.0,46.03
2025-12-09T18:00,1.235,0.0,46.08
2025-12-09T19:00,1.238,0.0,46.21
2025-12-09T20:00,1.233,0.0,45.99
2025-12-09T21:00,1.229,0.0,45.81
2025-12-09T22:00,1.227,0.0,45.72
2025-12-09T23:00,1.225,0.0,45.63
2025-12-10T00:00,1.225,0.0,45.63
2025-12-10T01:00,1.226,0.0,45.67
2025-12-10T02:00,1.227,0.0,45.72
2025-12-10T03:00,1.23,0.0,45.85
2025-12-10T04:00,1.232,0.0,45.94
2025-12-10T05:00,1.235,0.0,46.08
2025-12-10T06:00,1.239,0.0,46.26
2025-12-10T07:00,1.227,0.0,45.72
2025-12-10T08:00,1.236,0.0,46.12
2025-12-10T09:00,1.242,0.2,46.39
2025-12-10T10:00,1.251,0.0,46.8
2025-12-10T11:00,1.257,0.0,47.07
2025-12-10T12:00,1.265,0.0,47.43
2025-12-10T13:00,1.271,0.4,47.7
2025-12-10T14:00,1.281,0.2,48.15
2025-12-10T15:00,1.291,0.2,48.6
2025-12-10T16:00,1.301,2.0,49.05
2025-12-10T17:00,1.315,0.0,49.68
2025-12-10T18:00,1.329,0.0,50.31
2025-12-10T19:00,1.346,0.0,51.07
2025-12-10T20:00,1.357,0.0,51.57
2025-12-10T21:00,1.387,0.0,52.92
2025-12-10T22:00,1.4,0.0,53.5
2025-12-10T23:00,1.424,0.0,54.58
2025-12-11T00:00,1.433,0.0,54.99
2025-12-11T01:00,1.45,0.0,55.75
2025-12-11T02:00,1.475,0.0,56.88
2025-12-11T03:00,1.492,0.0,57.64
2025-12-11T04:00,1.504,0.0,58.18
2025-12-11T05:00,1.515,0.0,58.68
2025-12-11T06:00,1.523,0.0,59.04
2025-12-11T07:00,1.518,0.0,58.81
2025-12-11T08:00,1.518,0.0,58.81
2025-12-11T09:00,1.523,0.0,59.04
2025-12-11T10:00,1.526,0.0,59.17
2025-12-11T11:00,1.52,0.0,58.9
2025-12-11T12:00,1.518,0.0,58.81
2025-12-11T13:00,1.514,0.0,58.63
2025-12-11T14:00,1.511,0.0,58.5
2025-12-11T15:00,1.503,0.0,58.14
2025-12-11T16:00,1.502,0.0,58.09
2025-12-11T17:00,1.498,0.0,57.91
2025-12-11T18:00,1.49,0.0,57.55
2025-12-11T19:00,1.491,0.0,57.6
2025-12-11T20:00,1.482,0.0,57.19
2025-12-11T21:00,1.473,0.0,56.79
2025-12-11T22:00,1.465,0.0,56.43
2025-12-11T23:00,1.458,0.0,56.11
2025-12-12T00:00,1.449,0.0,55.71
2025-12-12T01:00,1.44,0.0,55.3
2025-12-12T02:00,1.431,0.0,54.9
2025-12-12T03:00,1.422,0.0,54.49
2025-12-12T04:00,1.413,0.0,54.09
2025-12-12T05:00,1.405,0.0,53.73
2025-12-12T06:00,1.396,0.0,53.32
2025-12-12T07:00,1.388,0.0,52.96
2025-12-12T08:00,1.378,0.0,52.51
2025-12-12T09:00,1.369,0.0,52.11
2025-12-12T10:00,1.357,0.0,51.57
2025-12-12T11:00,1.352,0.0,51.34
2025-12-12T12:00,1.343,0.0,50.94
2025-12-12T13:00,1.33,0.0,50.35
2025-12-12T14:00,1.329,0.0,50.31
2025-12-12T15:00,1.321,0.0,49.95
2025-12-12T16:00,1.313,0.0,49.59
2025-12-12T17:00,1.307,0.0,49.32
2025-12-12T18:00,1.3,0.6,49.0
2025-12-12T19:00,1.293,0.4,48.69
2025-12-12T20:00,1.289,0.0,48.51
2025-12-12T21:00,1.281,0.0,48.15
2025-12-12T22:00,1.273,1.2,47.79
2025-12-12T23:00,1.273,0.6,47.79
2025-12-13T00:00,1.268,0.0,47.56
2025-12-13T01:00,1.263,0.0,47.34
2025-12-13T02:00,1.257,0.2,47.07
2025-12-13T03:00,1.253,0.0,46.89
2025-12-13T04:00,1.248,0.0,46.66
2025-12-13T05:00,1.244,0.0,46.48
2025-12-13T06:00,1.239,0.0,46.26
2025-12-13T07:00,1.234,0.0,46.03
2025-12-13T08:00,1.228,0.0,45.76
2025-12-13T09:00,1.224,0.0,45.58
2025-12-13T10:00,1.221,0.0,45.45
2025-12-13T11:00,1.214,0.0,45.13
2025-12-13T12:00,1.21,0.0,44.95
2025-12-13T13:00,1.205,0.0,44.73
2025-12-13T14:00,1.202,0.0,44.59
2025-12-13T15:00,1.195,0.0,44.29
2025-12-13T16:00,1.19,0.0,44.08
2025-12-13T17:00,1.183,0.0,43.78
2025-12-13T18:00,1.184,0.0,43.82
2025-12-13T19:00,1.179,0.0,43.61
2025-12-13T20:00,1.174,0.0,43.4
2025-12-13T21:00,1.168,0.0,43.14
2025-12-13T22:00,1.165,0.0,43.01
2025-12-13T23:00,1.161,0.0,42.84
2025-12-14T00:00,1.157,0.0,42.67
2025-12-14T01:00,1.154,0.0,42.55
2025-12-14T02:00,1.152,0.0,42.46
2025-12-14T03:00,1.152,0.0,42.46
2025-12-14T04:00,1.151,0.0,42.42
2025-12-14T05:00,1.153,0.0,42.5
2025-12-14T06:00,1.153,0.0,42.5
2025-12-14T07:00,1.155,0.0,42.59
2025-12-14T08:00,1.155,0.0,42.59
2025-12-14T09:00,1.154,0.0,42.55
2025-12-14T10:00,1.147,0.0,42.25
2025-12-14T11:00,1.144,0.0,42.12
2025-12-14T12:00,1.145,0.0,42.16
2025-12-14T13:00,1.138,0.0,41.87
2025-12-14T14:00,1.136,0.0,41.78
2025-12-14T15:00,1.134,0.0,41.7
2025-12-14T16:00,1.142,0.0,42.04
2025-12-14T17:00,1.182,11.0,43.74
2025-12-14T18:00,1.168,0.4,43.14
2025-12-14T19:00,1.157,0.0,42.67
2025-12-14T20:00,1.15,0.0,42.38
2025-12-14T21:00,1.143,0.0,42.08
2025-12-14T22:00,1.135,0.0,41.74
2025-12-14T23:00,1.127,0.0,41.4
2025-12-15T00:00,1.12,0.0,41.1
2025-12-15T01:00,1.112,0.0,40.76
2025-12-15T02:00,1.106,0.0,40.51
2025-12-15T03:00,1.101,0.0,40.29
2025-12-15T04:00,1.097,0.0,40.12
2025-12-15T05:00,1.094,0.0,40.0
2025-12-15T06:00,1.091,0.0,39.87
2025-12-15T07:00,1.089,0.0,39.78
2025-12-15T08:00,1.089,0.0,39.78
2025-12-15T09:00,1.089,0.0,39.78
2025-12-15T10:00,1.09,0.0,39.83
2025-12-15T11:00,1.092,0.0,39.91
2025-12-15T12:00,1.091,0.0,39.87
2025-12-15T13:00,1.081,0.0,39.44
2025-12-15T14:00,1.085,0.0,39.61
2025-12-15T15:00,1.087,0.0,39.7
2025-12-15T16:00,1.093,0.0,39.95
2025-12-15T17:00,1.096,0.0,40.08
2025-12-15T18:00,1.095,0.0,40.04
2025-12-15T19:00,1.097,0.0,40.12
2025-12-15T20:00,1.095,0.0,40.04
2025-12-15T21:00,1.096,0.0,40.08
2025-12-15T22:00,1.1,0.0,40.25
2025-12-15T23:00,1.1,0.0,40.25
2025-12-16T00:00,1.1,0.0,40.25
2025-12-16T01:00,1.098,0.0,40.17
2025-12-16T02:00,1.097,0.0,40.12
2025-12-16T03:00,1.096,0.0,40.08
2025-12-16T04:00,1.094,0.0,40.0
2025-12-16T05:00,1.092,0.0,39.91
2025-12-16T06:00,1.091,0.0,39.87
2025-12-16T07:00,1.091,0.0,39.87
2025-12-16T08:00,1.089,0.0,39.78
2025-12-16T09:00,1.079,0.0,39.36
2025-12-16T10:00,1.081,0.0,39.44
2025-12-16T11:00,1.071,0.0,39.02
2025-12-16T12:00,1.068,0.0,38.89
2025-12-16T13:00,1.077,0.0,39.27
2025-12-16T14:00,1.078,0.0,39.32
2025-12-16T15:00,1.075,0.0,39.19
2025-12-16T16:00,1.07,0.0,38.98
2025-12-16T17:00,1.075,0.0,39.19
2025-12-16T18:00,1.07,0.0,38.98
2025-12-16T19:00,1.068,0.0,38.89
2025-12-16T20:00,1.071,0.0,39.02
2025-12-16T21:00,1.07,0.0,38.98
2025-12-16T22:00,1.07,0.0,38.98
2025-12-16T23:00,1.07,0.0,38.98
2025-12-17T00:00,1.069,0.0,38.93
2025-12-17T01:00,1.067,0.0,38.85
2025-12-17T02:00,1.067,0.0,38.85
2025-12-17T03:00,1.066,0.0,38.81
2025-12-17T04:00,1.065,0.0,38.76
2025-12-17T05:00,1.065,0.0,38.76
2025-12-17T06:00,1.064,0.0,38.72
2025-12-17T07:00,1.06,0.0,38.55
2025-12-17T08:00,1.057,0.0,38.42
2025-12-17T09:00,1.059,0.0,38.51
2025-12-17T10:00,1.058,0.0,38.47
2025-12-17T11:00,1.054,0.0,38.3
2025-12-17T12:00,1.054,0.0,38.3
2025-12-17T13:00,1.053,0.0,38.25
2025-12-17T14:00,1.051,0.0,38.17
2025-12-17T15:00,1.045,0.0,37.91
2025-12-17T16:00,1.048,0.0,38.04
2025-12-17T17:00,1.045,0.0,37.91
2025-12-17T18:00,1.041,0.0,37.74
2025-12-17T19:00,1.04,0.0,37.7
2025-12-17T20:00,1.038,0.0,37.62
2025-12-17T21:00,1.035,0.0,37.49
2025-12-17T22:00,1.03,0.0,37.28
2025-12-17T23:00,1.028,0.0,37.19
2025-12-18T00:00,1.024,0.0,37.02
2025-12-18T01:00,1.022,0.0,36.94
2025-12-18T02:00,1.02,0.0,36.85
2025-12-18T03:00,1.017,0.0,36.72
2025-12-18T04:00,1.014,0.0,36.6
2025-12-18T05:00,1.011,0.0,36.47
2025-12-18T06:00,1.008,0.0,36.34
2025-12-18T07:00,1.005,0.0,36.21
2025-12-18T08:00,1.002,0.0,36.09
2025-12-18T09:00,0.999,0.0,35.97
2025-12-18T10:00,0.997,0.0,35.9
2025-12-18T11:00,0.994,0.0,35.79
2025-12-18T12:00,0.991,0.0,35.69
2025-12-18T13:00,0.984,0.0,35.44
2025-12-18T14:00,0.976,0.0,35.16
2025-12-18T15:00,0.98,0.0,35.3
2025-12-18T16:00,0.975,0.0,35.13
2025-12-18T17:00,0.974,0.0,35.09
2025-12-18T18:00,0.973,0.0,35.06
2025-12-18T19:00,0.973,0.0,35.06
2025-12-18T20:00,0.971,0.0,34.99
2025-12-18T21:00,0.968,0.0,34.88
2025-12-18T22:00,0.967,0.0,34.85
2025-12-18T23:00,0.964,0.0,34.74
2025-12-19T00:00,0.961,0.0,34.64
2025-12-19T01:00,0.96,0.0,34.6
2025-12-19T02:00,0.956,0.0,34.46
2025-12-19T03:00,0.953,0.0,34.36
2025-12-19T04:00,0.952,0.0,34.32
2025-12-19T05:00,0.948,0.0,34.18
2025-12-19T06:00,0.948,0.0,34.18
2025-12-19T07:00,0.945,0.0,34.08
2025-12-19T08:00,0.945,0.0,34.08
2025-12-19T09:00,0.945,0.0,34.08
2025-12-19T10:00,0.943,0.0,34.01
2025-12-19T11:00,0.939,0.0,33.87
2025-12-19T12:00,0.937,0.0,33.8
2025-12-19T13:00,0.932,0.0,33.62
2025-12-19T14:00,0.93,0.0,33.55
2025-12-19T15:00,0.929,0.0,33.52
2025-12-19T16:00,0.928,0.0,33.48
2025-12-19T17:00,0.924,0.0,33.34
2025-12-19T18:00,0.924,0.0,33.34
2025-12-19T19:00,0.924,0.0,33.34
2025-12-19T20:00,0.923,0.0,33.31
2025-12-19T21:00,0.92,0.0,33.2
2025-12-19T22:00,0.917,0.0,33.1
2025-12-19T23:00,0.914,0.0,32.99
2025-12-20T00:00,0.909,0.0,32.82
2025-12-20T01:00,0.906,0.0,32.71
2025-12-20T02:00,0.905,0.0,32.68
2025-12-20T03:00,0.902,0.0,32.57
2025-12-20T04:00,0.9,0.0,32.5
2025-12-20T05:00,0.897,0.0,32.4
2025-12-20T06:00,0.897,0.0,32.4
2025-12-20T07:00,0.895,0.0,32.33
2025-12-20T08:00,0.889,0.0,32.12
2025-12-20T09:00,0.889,0.0,32.12
2025-12-20T10:00,0.89,0.0,32.15
2025-12-20T11:00,0.884,0.0,31.94
2025-12-20T12:00,0.885,0.0,31.98
2025-12-20T13:00,0.878,0.0,31.73
2025-12-20T14:00,0.875,0.0,31.63
2025-12-20T15:00,0.877,0.0,31.7
2025-12-20T16:00,0.874,0.0,31.59
2025-12-20T17:00,0.88,0.0,31.8
2025-12-20T18:00,0.875,0.0,31.63
2025-12-20T19:00,0.881,0.0,31.84
2025-12-20T20:00,0.878,0.0,31.73
2025-12-20T21:00,0.878,0.0,31.73
2025-12-20T22:00,0.879,0.0,31.77
2025-12-20T23:00,0.877,0.0,31.7
2025-12-21T00:00,0.875,0.0,31.63
2025-12-21T01:00,0.873,0.0,31.56
2025-12-21T02:00,0.868,0.0,31.38
2025-12-21T03:00,0.869,0.0,31.42
2025-12-21T04:00,0.867,0.0,31.35
2025-12-21T05:00,0.864,0.0,31.24
2025-12-21T06:00,0.862,0.0,31.17
2025-12-21T07:00,0.861,0.0,31.14
2025-12-21T08:00,0.859,0.0,31.07
2025-12-21T09:00,0.857,0.0,31.0
2025-12-21T10:00,0.858,0.0,31.03
2025-12-21T11:00,0.851,0.0,30.79
2025-12-21T12:00,0.854,0.0,30.89
2025-12-21T13:00,0.837,0.0,30.3
2025-12-21T14:00,0.844,0.0,30.54
2025-12-21T15:00,0.855,0.0,30.93
2025-12-21T16:00,0.853,0.0,30.86
2025-12-21T17:00,0.86,0.0,31.1
2025-12-21T18:00,0.862,0.0,31.17
2025-12-21T19:00,0.862,0.0,31.17
2025-12-21T20:00,0.861,0.0,31.14
2025-12-21T21:00,0.86,0.0,31.1
2025-12-21T22:00,0.859,0.0,31.07
2025-12-21T23:00,0.858,0.0,31.03
2025-12-22T00:00,0.857,0.0,31.0
2025-12-22T01:00,0.855,0.0,30.93
2025-12-22T02:00,0.855,0.0,30.93
2025-12-22T03:00,0.854,0.0,30.89
2025-12-22T04:00,0.851,0.0,30.79
2025-12-22T05:00,0.85,0.0,30.75
2025-12-22T06:00,0.847,0.0,30.65
2025-12-22T07:00,0.847,0.0,30.65
2025-12-22T08:00,0.843,0.0,30.51
2025-12-22T09:00,0.843,0.0,30.51
2025-12-22T10:00,0.839,0.0,30.37
2025-12-22T11:00,0.827,0.0,29.95
2025-12-22T12:00,0.82,0.0,29.7
2025-12-22T13:00,0.821,0.0,29.74
2025-12-22T14:00,0.823,0.0,29.81
2025-12-22T15:00,0.831,0.0,30.09
2025-12-22T16:00,0.82,0.0,29.7
2025-12-22T17:00,0.833,0.0,30.16
2025-12-22T18:00,0.835,0.6,30.23
2025-12-22T19:00,0.835,0.0,30.23
2025-12-22T20:00,0.834,0.0,30.19
2025-12-22T21:00,0.834,0.0,30.19
2025-12-22T22:00,0.834,0.0,30.19
2025-12-22T23:00,0.834,0.0,30.19
2025-12-23T00:00,0.834,0.0,30.19
2025-12-23T01:00,0.832,0.0,30.12
2025-12-23T02:00,0.831,0.0,30.09
2025-12-23T03:00,0.829,0.0,30.02
2025-12-23T04:00,0.83,0.0,30.05
2025-12-23T05:00,0.829,0.0,30.02
2025-12-23T06:00,0.829,0.0,30.02
2025-12-23T07:00,0.83,0.0,30.05
2025-12-23T08:00,0.825,0.0,29.88
2025-12-23T09:00,0.825,0.0,29.88
2025-12-23T10:00,0.826,0.0,29.91
2025-12-23T11:00,0.813,0.0,29.46
2025-12-23T12:00,0.81,0.0,29.35
2025-12-23T13:00,0.809,0.0,29.32
2025-12-23T14:00,0.811,0.0,29.39
2025-12-23T15:00,0.81,0.0,29.35
2025-12-23T16:00,0.807,0.0,29.25
2025-12-23T17:00,0.822,0.0,29.77
2025-12-23T18:00,0.816,0.0,29.56
2025-12-23T19:00,0.82,0.0,29.7
2025-12-23T20:00,0.817,0.0,29.6
2025-12-23T21:00,0.821,0.0,29.74
2025-12-23T22:00,0.817,0.0,29.6
2025-12-23T23:00,0.815,0.0,29.53
2025-12-24T00:00,0.813,0.0,29.46
2025-12-24T01:00,0.811,0.0,29.39
2025-12-24T02:00,0.808,0.0,29.28
2025-12-24T03:00,0.807,0.0,29.25
2025-12-24T04:00,0.804,0.0,29.14
2025-12-24T05:00,0.801,0.0,29.04
2025-12-24T06:00,0.8,0.0,29.0
2025-12-24T07:00,0.799,0.0,28.97
2025-12-24T08:00,0.797,0.0,28.9
2025-12-24T09:00,0.797,0.0,28.9
2025-12-24T10:00,0.786,0.0,28.51
2025-12-24T11:00,0.79,0.0,28.65
2025-12-24T12:00,0.777,0.0,28.2
2025-12-24T13:00,0.78,0.0,28.3
2025-12-24T14:00,0.794,0.0,28.79
2025-12-24T15:00,0.793,0.0,28.76
2025-12-24T16:00,0.795,0.0,28.83
2025-12-24T17:00,0.795,0.0,28.83
2025-12-24T18:00,0.797,0.0,28.9
2025-12-24T19:00,0.799,0.0,28.97
2025-12-24T20:00,0.797,0.0,28.9
2025-12-24T21:00,0.795,0.0,28.83
2025-12-24T22:00,0.794,0.0,28.79
2025-12-24T23:00,0.794,0.0,28.79
2025-12-25T00:00,0.792,0.0,28.72
2025-12-25T01:00,0.792,0.0,28.72
2025-12-25T02:00,0.79,0.0,28.65
2025-12-25T03:00,0.79,0.0,28.65
2025-12-25T04:00,0.789,0.0,28.62
2025-12-25T05:00,0.789,0.0,28.62
2025-12-25T06:00,0.787,0.0,28.55
2025-12-25T07:00,0.787,0.0,28.55
2025-12-25T08:00,0.787,0.0,28.55
2025-12-25T09:00,0.787,0.0,28.55
2025-12-25T10:00,0.781,0.0,28.34
2025-12-25T11:00,0.779,0.0,28.27
2025-12-25T12:00,0.771,0.0,27.99
2025-12-25T13:00,0.773,0.0,28.06
2025-12-25T14:00,0.768,0.0,27.88
2025-12-25T15:00,0.765,0.0,27.78
2025-12-25T16:00,0.767,0.0,27.85
2025-12-25T17:00,0.759,0.0,27.57
2025-12-25T18:00,0.789,4.4,28.62
2025-12-25T19:00,0.783,0.0,28.41
2025-12-25T20:00,0.783,0.0,28.41
2025-12-25T21:00,0.785,0.0,28.48
2025-12-25T22:00,0.779,0.0,28.27
2025-12-25T23:00,0.771,0.0,27.99
2025-12-26T00:00,0.763,0.0,27.71
2025-12-26T01:00,0.756,0.0,27.46
2025-12-26T02:00,0.751,0.0,27.29
2025-12-26T03:00,0.747,0.0,27.15
2025-12-26T04:00,0.745,0.0,27.08
2025-12-26T05:00,0.743,0.0,27.01
2025-12-26T06:00,0.741,0.0,26.94
2025-12-26T07:00,0.742,0.0,26.97
2025-12-26T08:00,0.744,0.0,27.04
2025-12-26T09:00,0.747,0.0,27.15
2025-12-26T10:00,0.746,0.0,27.11
2025-12-26T11:00,0.744,0.0,27.04
2025-12-26T12:00,0.736,0.0,26.76
2025-12-26T13:00,0.752,0.0,27.32
2025-12-26T14:00,0.751,0.0,27.29
2025-12-26T15:00,0.751,0.0,27.29
2025-12-26T16:00,0.767,0.0,27.85
2025-12-26T17:00,0.773,0.0,28.06
2025-12-26T18:00,0.77,0.0,27.95
2025-12-26T19:00,0.781,0.0,28.34
2025-12-26T20:00,0.784,0.0,28.44
2025-12-26T21:00,0.79,0.0,28.65
2025-12-26T22:00,0.798,0.0,28.93
2025-12-26T23:00,0.805,0.0,29.18
2025-12-27T00:00,0.813,0.0,29.46
2025-12-27T01:00,0.82,0.0,29.7
2025-12-27T02:00,0.828,0.0,29.98
2025-12-27T03:00,0.835,0.0,30.23
2025-12-27T04:00,0.838,0.0,30.33
2025-12-27T05:00,0.84,0.0,30.4
2025-12-27T06:00,0.84,0.0,30.4
2025-12-27T07:00,0.839,0.0,30.37
2025-12-27T08:00,0.834,0.0,30.19
2025-12-27T09:00,0.822,0.0,29.77
2025-12-27T10:00,0.817,0.0,29.6
2025-12-27T11:00,0.81,0.0,29.35
2025-12-27T12:00,0.801,0.0,29.04
2025-12-27T13:00,0.796,0.0,28.86
2025-12-27T14:00,0.785,0.0,28.48
2025-12-27T15:00,0.793,0.0,28.76
2025-12-27T16:00,0.792,0.0,28.72
2025-12-27T17:00,0.81,0.0,29.35
2025-12-27T18:00,0.82,0.0,29.7
2025-12-27T19:00,0.825,0.0,29.88
2025-12-27T20:00,0.841,0.0,30.44
2025-12-27T21:00,0.851,0.0,30.79
2025-12-27T22:00,0.86,0.0,31.1
2025-12-27T23:00,0.86,0.0,31.1
2025-12-28T00:00,0.871,0.0,31.49
2025-12-28T01:00,0.88,0.0,31.8
2025-12-28T02:00,0.887,0.0,32.05
2025-12-28T03:00,0.893,0.0,32.26
2025-12-28T04:00,0.899,0.0,32.47
2025-12-28T05:00,0.906,0.0,32.71
2025-12-28T06:00,0.909,0.0,32.82
2025-12-28T07:00,0.917,0.0,33.1
2025-12-28T08:00,0.921,0.0,33.24
2025-12-28T09:00,0.926,0.0,33.41
2025-12-28T10:00,0.925,0.0,33.38
2025-12-28T11:00,0.929,0.0,33.52
2025-12-28T12:00,0.924,0.0,33.34
2025-12-28T13:00,0.92,0.0,33.2
2025-12-28T14:00,0.922,0.0,33.27
2025-12-28T15:00,0.926,0.0,33.41
2025-12-28T16:00,0.933,0.0,33.66
2025-12-28T17:00,0.934,0.0,33.69
2025-12-28T18:00,0.945,0.0,34.08
2025-12-28T19:00,0.946,0.0,34.11
2025-12-28T20:00,0.946,0.0,34.11
2025-12-28T21:00,0.946,1.0,34.11
2025-12-28T22:00,1.114,25.2,40.85
2025-12-28T23:00,1.108,0.2,40.59
2025-12-29T00:00,1.093,0.0,39.95
2025-12-29T01:00,1.081,0.0,39.44
2025-12-29T02:00,1.057,0.0,38.42
2025-12-29T03:00,1.035,0.0,37.49
2025-12-29T04:00,1.019,0.0,36.81
2025-12-29T05:00,1.009,0.0,36.38
2025-12-29T06:00,1.001,0.0,36.04
2025-12-29T07:00,0.992,0.0,35.72
2025-12-29T08:00,0.985,0.0,35.48
2025-12-29T09:00,0.979,0.0,35.27
2025-12-29T10:00,0.972,0.0,35.02
2025-12-29T11:00,0.963,0.0,34.71
2025-12-29T12:00,0.952,0.0,34.32
2025-12-29T13:00,0.947,0.0,34.15
2025-12-29T14:00,0.947,0.0,34.15
2025-12-29T15:00,0.944,0.0,34.04
2025-12-29T16:00,0.942,0.0,33.97
2025-12-29T17:00,0.939,0.0,33.87
2025-12-29T18:00,0.935,0.0,33.73
2025-12-29T19:00,0.932,0.0,33.62
2025-12-29T20:00,0.929,0.0,33.52
2025-12-29T21:00,0.926,0.0,33.41
2025-12-29T22:00,0.924,0.0,33.34
2025-12-29T23:00,0.92,0.0,33.2
2025-12-30T00:00,0.915,0.0,33.03
2025-12-30T01:00,0.912,0.0,32.92
2025-12-30T02:00,0.911,0.0,32.89
2025-12-30T03:00,0.9,2.2,32.5
2025-12-30T04:00,0.916,1.4,33.06
2025-12-30T05:00,0.916,0.2,33.06
2025-12-30T06:00,0.914,0.0,32.99
2025-12-30T07:00,0.914,0.0,32.99
2025-12-30T08:00,0.913,0.0,32.96
2025-12-30T09:00,0.91,0.0,32.85
2025-12-30T10:00,0.906,0.0,32.71
2025-12-30T11:00,0.899,0.0,32.47
2025-12-30T12:00,0.888,0.0,32.08
2025-12-30T13:00,0.879,0.0,31.77
2025-12-30T14:00,0.875,0.0,31.63
2025-12-30T15:00,0.882,0.0,31.87
2025-12-30T16:00,0.876,0.0,31.66
2025-12-30T17:00,0.879,0.0,31.77
2025-12-30T18:00,0.886,0.2,32.01
2025-12-30T19:00,0.885,0.0,31.98
2025-12-30T20:00,0.886,0.0,32.01
2025-12-30T21:00,0.887,0.0,32.05
2025-12-30T22:00,0.89,0.0,32.15
2025-12-30T23:00,0.894,0.0,32.29
2025-12-31T00:00,0.902,0.0,32.57
2025-12-31T01:00,0.911,0.0,32.89
2025-12-31T02:00,0.924,0.0,33.34
2025-12-31T03:00,0.937,0.0,33.8
2025-12-31T04:00,0.952,0.0,34.32
2025-12-31T05:00,0.969,0.0,34.92
2025-12-31T06:00,0.985,0.0,35.48
2025-12-31T07:00,1.001,0.0,36.04
2025-12-31T08:00,1.016,0.0,36.68
2025-12-31T09:00,1.032,0.0,37.36
2025-12-31T10:00,1.047,0.0,38.0
2025-12-31T11:00,1.056,0.0,38.38
2025-12-31T12:00,1.07,0.0,38.98
2025-12-31T13:00,1.084,0.0,39.57
2025-12-31T14:00,1.098,0.0,40.17
2025-12-31T15:00,1.108,0.0,40.59
2025-12-31T16:00,1.137,1.0,41.82
2025-12-31T17:00,1.151,0.0,42.42
2025-12-31T18:00,1.167,0.0,43.1
2025-12-31T19:00,1.181,0.0,43.69
2025-12-31T20:00,1.197,0.0,44.37
2025-12-31T21:00,1.213,1.4,45.09
2025-12-31T22:00,1.23,1.8,45.85
2025-12-31T23:00,1.258,0.0,47.11
2026-01-01T00:00,1.278,0.2,48.01
2026-01-01T01:00,1.3,0.0,49.0
2026-01-01T02:00,1.322,0.6,49.99
2026-01-01T03:00,1.33,3.0,50.35
2026-01-01T04:00,1.374,0.6,52.33
2026-01-01T05:00,1.393,0.2,53.19
2026-01-01T06:00,1.41,0.0,53.95
2026-01-01T07:00,1.427,0.0,54.72
2026-01-01T08:00,1.439,0.0,55.26
2026-01-01T09:00,1.446,0.0,55.57
2026-01-01T10:00,1.447,0.0,55.62
2026-01-01T11:00,1.465,0.0,56.43
2026-01-01T12:00,1.459,0.0,56.16
2026-01-01T13:00,1.46,0.0,56.2
2026-01-01T14:00,1.46,0.0,56.2
2026-01-01T15:00,1.468,0.0,56.56
2026-01-01T16:00,1.475,0.0,56.88
2026-01-01T17:00,1.494,5.2,57.73
2026-01-01T18:00,1.493,0.0,57.69
2026-01-01T19:00,1.489,0.0,57.51
2026-01-01T20:00,1.487,0.0,57.42
2026-01-01T21:00,1.485,0.0,57.33
2026-01-01T22:00,1.483,0.0,57.24
2026-01-01T23:00,1.481,0.0,57.15
2026-01-02T00:00,1.48,0.0,57.1
2026-01-02T01:00,1.479,0.0,57.06
2026-01-02T02:00,1.479,0.0,57.06
2026-01-02T03:00,1.478,0.0,57.01
2026-01-02T04:00,1.477,0.0,56.97
2026-01-02T05:00,1.477,0.0,56.97
2026-01-02T06:00,1.477,0.0,56.97
2026-01-02T07:00,1.478,0.0,57.01
2026-01-02T08:00,1.476,0.0,56.92
2026-01-02T09:00,1.474,0.0,56.83
2026-01-02T10:00,1.473,0.0,56.79
2026-01-02T11:00,1.463,0.0,56.34
2026-01-02T12:00,1.461,0.0,56.25
2026-01-02T13:00,1.457,0.0,56.07
2026-01-02T14:00,1.45,0.0,55.75
2026-01-02T15:00,1.482,6.6,57.19
2026-01-02T16:00,1.472,0.0,56.74
2026-01-02T17:00,1.471,0.0,56.7
2026-01-02T18:00,1.471,0.6,56.7
2026-01-02T19:00,1.468,0.0,56.56
2026-01-02T20:00,1.464,0.0,56.38
2026-01-02T21:00,1.459,0.0,56.16
2026-01-02T22:00,1.456,0.0,56.02
2026-01-02T23:00,1.451,0.0,55.8
2026-01-03T00:00,1.447,0.0,55.62
2026-01-03T01:00,1.442,0.0,55.39
2026-01-03T02:00,1.439,0.0,55.26
2026-01-03T03:00,1.434,0.0,55.03
2026-01-03T04:00,1.429,0.0,54.81
2026-01-03T05:00,1.425,0.0,54.63
2026-01-03T06:00,1.422,0.0,54.49
2026-01-03T07:00,1.418,0.0,54.31
2026-01-03T08:00,1.413,0.0,54.09
2026-01-03T09:00,1.409,0.0,53.91
2026-01-03T10:00,1.404,0.0,53.68
2026-01-03T11:00,1.384,0.0,52.78
2026-01-03T12:00,1.386,0.0,52.87
2026-01-03T13:00,1.377,0.0,52.47
2026-01-03T14:00,1.382,0.0,52.69
2026-01-03T15:00,1.372,0.0,52.24
2026-01-03T16:00,1.379,0.0,52.56
2026-01-03T17:00,1.37,0.0,52.15
2026-01-03T18:00,1.37,0.0,52.15
2026-01-03T19:00,1.372,0.0,52.24
2026-01-03T20:00,1.369,0.0,52.11
2026-01-03T21:00,1.366,0.0,51.97
2026-01-03T22:00,1.364,0.0,51.88
2026-01-03T23:00,1.362,0.0,51.79
2026-01-04T00:00,1.358,0.0,51.61
2026-01-04T01:00,1.355,0.0,51.48
2026-01-04T02:00,1.352,0.0,51.34
2026-01-04T03:00,1.35,0.0,51.25
2026-01-04T04:00,1.35,0.0,51.25
2026-01-04T05:00,1.349,0.0,51.21
2026-01-04T06:00,1.347,0.0,51.12
2026-01-04T07:00,1.344,0.0,50.98
2026-01-04T08:00,1.343,0.0,50.94
2026-01-04T09:00,1.338,0.0,50.71
2026-01-04T10:00,1.334,0.0,50.53
2026-01-04T11:00,1.329,0.0,50.31
2026-01-04T12:00,1.326,0.0,50.17
2026-01-04T13:00,1.32,0.0,49.9
2026-01-04T14:00,1.313,0.0,49.59
2026-01-04T15:00,1.299,0.0,48.96
2026-01-04T16:00,1.301,0.0,49.05
2026-01-04T17:00,1.304,0.0,49.18
2026-01-04T18:00,1.3,0.0,49.0
2026-01-04T19:00,1.293,0.0,48.69
2026-01-04T20:00,1.29,0.0,48.55
2026-01-04T21:00,1.278,0.0,48.01
2026-01-04T22:00,1.282,0.0,48.19
2026-01-04T23:00,1.279,0.0,48.06
2026-01-05T00:00,1.274,0.0,47.83
2026-01-05T01:00,1.268,0.0,47.56
2026-01-05T02:00,1.264,0.0,47.38
2026-01-05T03:00,1.261,0.0,47.25
2026-01-05T04:00,1.255,0.0,46.98
2026-01-05T05:00,1.253,0.0,46.89
2026-01-05T06:00,1.249,0.0,46.71
2026-01-05T07:00,1.246,0.0,46.57
2026-01-05T08:00,1.243,0.0,46.44
2026-01-05T09:00,1.239,0.0,46.26
2026-01-05T10:00,1.236,0.0,46.12
2026-01-05T11:00,1.232,0.0,45.94
2026-01-05T12:00,1.229,0.0,45.81
2026-01-05T13:00,1.224,0.0,45.58
2026-01-05T14:00,1.218,0.0,45.31
2026-01-05T15:00,1.215,0.0,45.18
2026-01-05T16:00,1.209,0.0,44.91
2026-01-05T17:00,1.203,0.0,44.64
2026-01-05T18:00,1.197,0.0,44.37
2026-01-05T19:00,1.2,0.0,44.5
2026-01-05T20:00,1.194,0.0,44.25
2026-01-05T21:00,1.186,0.0,43.91
2026-01-05T22:00,1.183,0.0,43.78
2026-01-05T23:00,1.179,0.0,43.61
2026-01-06T00:00,1.172,0.0,43.31
2026-01-06T01:00,1.165,0.0,43.01
2026-01-06T02:00,1.159,0.0,42.76
2026-01-06T03:00,1.154,0.0,42.55
2026-01-06T04:00,1.147,0.0,42.25
2026-01-06T05:00,1.141,0.0,41.99
2026-01-06T06:00,1.137,0.0,41.82
2026-01-06T07:00,1.128,0.0,41.44
2026-01-06T08:00,1.122,0.0,41.19
2026-01-06T09:00,1.115,0.0,40.89
2026-01-06T10:00,1.107,0.0,40.55
2026-01-06T11:00,1.102,0.0,40.34
2026-01-06T12:00,1.095,0.0,40.04
2026-01-06T13:00,1.09,0.0,39.83
2026-01-06T14:00,1.079,0.0,39.36
2026-01-06T15:00,1.069,0.0,38.93
2026-01-06T16:00,1.067,0.0,38.85
2026-01-06T17:00,1.062,0.0,38.64
2026-01-06T18:00,1.051,0.0,38.17
2026-01-06T19:00,1.046,0.0,37.96
2026-01-06T20:00,1.038,0.0,37.62
2026-01-06T21:00,1.031,0.0,37.32
2026-01-06T22:00,1.021,0.0,36.89
2026-01-06T23:00,1.016,0.0,36.68
2026-01-07T00:00,1.007,0.0,36.3
2026-01-07T01:00,0.999,0.0,35.97
2026-01-07T02:00,0.992,0.0,35.72
2026-01-07T03:00,0.985,0.0,35.48
2026-01-07T04:00,0.978,0.0,35.23
2026-01-07T05:00,0.973,0.0,35.06
2026-01-07T06:00,0.966,0.0,34.81
2026-01-07T07:00,0.959,0.0,34.57
2026-01-07T08:00,0.954,0.0,34.39
2026-01-07T09:00,0.947,0.0,34.15
2026-01-07T10:00,0.942,0.0,33.97
2026-01-07T11:00,0.934,0.0,33.69
2026-01-07T12:00,0.925,0.0,33.38
2026-01-07T13:00,0.915,0.0,33.03
2026-01-07T14:00,0.91,0.0,32.85
2026-01-07T15:00,0.91,0.0,32.85
2026-01-07T16:00,0.912,0.0,32.92
2026-01-07T17:00,0.906,0.0,32.71
2026-01-07T18:00,0.908,0.0,32.78
2026-01-07T19:00,0.908,0.0,32.78
2026-01-07T20:00,0.903,0.0,32.61
2026-01-07T21:00,0.901,0.0,32.54
2026-01-07T22:00,0.899,0.0,32.47
2026-01-07T23:00,0.895,0.0,32.33
2026-01-08T00:00,0.892,0.0,32.22
2026-01-08T01:00,0.888,0.0,32.08
2026-01-08T02:00,0.884,0.0,31.94
2026-01-08T03:00,0.884,0.0,31.94
2026-01-08T04:00,0.88,0.0,31.8
2026-01-08T05:00,0.878,0.0,31.73
2026-01-08T06:00,0.877,0.0,31.7
2026-01-08T07:00,0.873,0.0,31.56
2026-01-08T08:00,0.869,0.0,31.42
2026-01-08T09:00,0.867,0.0,31.35
2026-01-08T10:00,0.86,0.0,31.1
2026-01-08T11:00,0.85,0.0,30.75
2026-01-08T12:00,0.841,0.0,30.44
2026-01-08T13:00,0.852,0.0,30.82
2026-01-08T14:00,0.839,0.0,30.37
2026-01-08T15:00,0.841,0.0,30.44
2026-01-08T16:00,0.851,0.0,30.79
2026-01-08T17:00,0.849,0.0,30.72
2026-01-08T18:00,0.836,0.0,30.26
2026-01-08T19:00,0.845,0.0,30.58
2026-01-08T20:00,0.843,0.0,30.51
2026-01-08T21:00,0.842,0.0,30.47
2026-01-08T22:00,0.84,0.0,30.4
2026-01-08T23:00,0.838,0.0,30.33
2026-01-09T00:00,0.835,0.0,30.23
2026-01-09T01:00,0.833,0.0,30.16
2026-01-09T02:00,0.832,0.0,30.12
2026-01-09T03:00,0.831,0.0,30.09
2026-01-09T04:00,0.83,0.0,30.05
2026-01-09T05:00,0.829,0.0,30.02
2026-01-09T06:00,0.828,0.0,29.98
2026-01-09T07:00,0.828,0.0,29.98
2026-01-09T08:00,0.828,0.0,29.98
2026-01-09T09:00,0.829,0.0,30.02
2026-01-09T10:00,0.828,0.0,29.98
2026-01-09T11:00,0.828,0.0,29.98
2026-01-09T12:00,0.823,0.0,29.81
2026-01-09T13:00,0.825,0.0,29.88
2026-01-09T14:00,0.82,0.0,29.7
2026-01-09T15:00,0.826,0.0,29.91
2026-01-09T16:00,0.817,0.0,29.6
2026-01-09T17:00,0.83,0.0,30.05
2026-01-09T18:00,0.829,0.0,30.02
2026-01-09T19:00,0.829,0.0,30.02
2026-01-09T20:00,0.829,0.0,30.02
2026-01-09T21:00,0.83,0.2,30.05
2026-01-09T22:00,0.834,1.8,30.19
2026-01-09T23:00,0.839,0.0,30.37
2026-01-10T00:00,0.844,0.0,30.54
2026-01-10T01:00,0.85,0.2,30.75
2026-01-10T02:00,0.856,0.0,30.96
2026-01-10T03:00,0.863,0.0,31.21
2026-01-10T04:00,0.867,0.0,31.35
2026-01-10T05:00,0.871,0.0,31.49
2026-01-10T06:00,0.858,7.2,31.03
2026-01-10T07:00,0.971,9.4,34.99
2026-01-10T08:00,0.96,0.0,34.6
2026-01-10T09:00,0.954,0.0,34.39
2026-01-10T10:00,0.945,0.0,34.08
2026-01-10T11:00,0.944,0.0,34.04
2026-01-10T12:00,0.934,0.0,33.69
2026-01-10T13:00,0.928,0.0,33.48
2026-01-10T14:00,0.926,0.2,33.41
2026-01-10T15:00,0.939,0.0,33.87
2026-01-10T16:00,0.942,0.0,33.97
2026-01-10T17:00,0.95,0.0,34.25
2026-01-10T18:00,0.954,0.0,34.39
2026-01-10T19:00,0.986,3.2,35.51
2026-01-10T20:00,1.003,1.4,36.13
2026-01-10T21:00,1.018,0.2,36.77
2026-01-10T22:00,1.032,0.0,37.36
2026-01-10T23:00,1.05,0.0,38.13
2026-01-11T00:00,1.064,0.0,38.72
2026-01-11T01:00,1.084,0.0,39.57
2026-01-11T02:00,1.099,0.0,40.21
2026-01-11T03:00,1.114,0.0,40.85
2026-01-11T04:00,1.129,0.0,41.48
2026-01-11T05:00,1.145,0.0,42.16
2026-01-11T06:00,1.162,0.0,42.89
2026-01-11T07:00,1.179,0.0,43.61
2026-01-11T08:00,1.193,0.0,44.2
2026-01-11T09:00,1.201,0.8,44.55
2026-01-11T10:00,1.213,0.0,45.09
2026-01-11T11:00,1.222,0.0,45.49
2026-01-11T12:00,1.224,0.0,45.58
2026-01-11T13:00,1.226,0.0,45.67
2026-01-11T14:00,1.237,0.0,46.17
2026-01-11T15:00,1.24,0.0,46.3
2026-01-11T16:00,1.247,0.4,46.62
2026-01-11T17:00,1.264,0.8,47.38
2026-01-11T18:00,1.268,0.0,47.56
2026-01-11T19:00,1.273,0.0,47.79
2026-01-11T20:00,1.28,0.0,48.1
2026-01-11T21:00,1.285,0.0,48.33
2026-01-11T22:00,1.29,0.0,48.55
2026-01-11T23:00,1.294,0.0,48.73
2026-01-12T00:00,1.298,0.0,48.91
2026-01-12T01:00,1.301,0.0,49.05
2026-01-12T02:00,1.303,0.0,49.14
2026-01-12T03:00,1.305,0.0,49.23
2026-01-12T04:00,1.305,0.0,49.23
2026-01-12T05:00,1.303,0.0,49.14
2026-01-12T06:00,1.3,0.0,49.0
2026-01-12T07:00,1.297,0.0,48.87
2026-01-12T08:00,1.293,0.0,48.69
2026-01-12T09:00,1.286,0.0,48.37
2026-01-12T10:00,1.28,0.0,48.1
2026-01-12T11:00,1.271,0.0,47.7
2026-01-12T12:00,1.267,0.8,47.52
2026-01-12T13:00,1.28,3.4,48.1
2026-01-12T14:00,1.29,3.0,48.55
2026-01-12T15:00,1.275,2.4,47.88
2026-01-12T16:00,1.279,0.0,48.06
2026-01-12T17:00,1.266,0.0,47.47
2026-01-12T18:00,1.255,0.2,46.98
2026-01-12T19:00,1.244,0.0,46.48
2026-01-12T20:00,1.237,0.0,46.17
2026-01-12T21:00,1.229,0.0,45.81
2026-01-12T22:00,1.222,0.0,45.49
2026-01-12T23:00,1.216,0.0,45.22
2026-01-13T00:00,1.21,0.0,44.95
2026-01-13T01:00,1.206,0.0,44.77
2026-01-13T02:00,1.202,0.0,44.59
2026-01-13T03:00,1.199,0.0,44.46
2026-01-13T04:00,1.196,0.0,44.33
2026-01-13T05:00,1.192,0.0,44.16
2026-01-13T06:00,1.19,0.0,44.08
2026-01-13T07:00,1.189,0.0,44.03
2026-01-13T08:00,1.186,0.0,43.91
2026-01-13T09:00,1.181,0.0,43.69
2026-01-13T10:00,1.179,0.0,43.61
2026-01-13T11:00,1.167,0.0,43.1
2026-01-13T12:00,1.164,0.0,42.97
2026-01-13T13:00,1.157,0.0,42.67
2026-01-13T14:00,1.153,0.0,42.5
2026-01-13T15:00,1.142,0.0,42.04
2026-01-13T16:00,1.139,0.0,41.91
2026-01-13T17:00,1.142,0.0,42.04
2026-01-13T18:00,1.133,0.0,41.65
2026-01-13T19:00,1.141,0.0,41.99
2026-01-13T20:00,1.136,0.0,41.78
2026-01-13T21:00,1.236,20.0,46.12
2026-01-13T22:00,1.235,0.0,46.08
2026-01-13T23:00,1.23,0.0,45.85
2026-01-14T00:00,1.231,0.0,45.9
2026-01-14T01:00,1.225,0.0,45.63
2026-01-14T02:00,1.216,0.0,45.22
2026-01-14T03:00,1.208,0.0,44.86
2026-01-14T04:00,1.201,0.2,44.55
2026-01-14T05:00,1.197,0.0,44.37
2026-01-14T06:00,1.193,0.0,44.2
2026-01-14T07:00,1.189,0.0,44.03
2026-01-14T08:00,1.186,0.0,43.91
2026-01-14T09:00,1.183,0.0,43.78
2026-01-14T10:00,1.181,0.0,43.69
2026-01-14T11:00,1.182,0.0,43.74
2026-01-14T12:00,1.171,0.0,43.27
2026-01-14T13:00,1.163,0.0,42.93
2026-01-14T14:00,1.17,0.0,43.23
2026-01-14T15:00,1.162,0.0,42.89
2026-01-14T16:00,1.164,0.0,42.97
2026-01-14T17:00,1.163,0.0,42.93
2026-01-14T18:00,1.166,0.0,43.06
2026-01-14T19:00,1.164,0.0,42.97
2026-01-14T20:00,1.161,0.0,42.84
2026-01-14T21:00,1.16,0.0,42.8
2026-01-14T22:00,1.159,0.0,42.76
2026-01-14T23:00,1.16,0.0,42.8
2026-01-15T00:00,1.164,0.0,42.97
2026-01-15T01:00,1.166,0.0,43.06
2026-01-15T02:00,1.17,0.0,43.23
2026-01-15T03:00,1.174,0.0,43.4
2026-01-15T04:00,1.181,0.0,43.69
2026-01-15T05:00,1.186,0.0,43.91
2026-01-15T06:00,1.191,0.0,44.12
2026-01-15T07:00,1.195,0.0,44.29
2026-01-15T08:00,1.199,0.0,44.46
2026-01-15T09:00,1.204,0.0,44.68
2026-01-15T10:00,1.197,0.0,44.37
2026-01-15T11:00,1.205,0.0,44.73
2026-01-15T12:00,1.205,0.0,44.73
2026-01-15T13:00,1.202,0.0,44.59
2026-01-15T14:00,1.199,0.0,44.46
2026-01-15T15:00,1.197,0.0,44.37
2026-01-15T16:00,1.195,0.0,44.29
2026-01-15T17:00,1.194,0.0,44.25
2026-01-15T18:00,1.188,0.0,43.99
2026-01-15T19:00,1.183,0.0,43.78
2026-01-15T20:00,1.174,0.0,43.4
2026-01-15T21:00,1.169,0.0,43.18
2026-01-15T22:00,1.17,0.0,43.23
2026-01-15T23:00,1.169,0.0,43.18
2026-01-16T00:00,1.169,0.0,43.18
2026-01-16T01:00,1.171,0.0,43.27
2026-01-16T02:00,1.175,0.0,43.44
2026-01-16T03:00,1.184,0.0,43.82
2026-01-16T04:00,1.195,0.0,44.29
2026-01-16T05:00,1.206,0.0,44.77
2026-01-16T06:00,1.215,0.0,45.18
2026-01-16T07:00,1.222,0.0,45.49
2026-01-16T08:00,1.227,0.0,45.72
2026-01-16T09:00,1.223,0.0,45.54
2026-01-16T10:00,1.223,0.0,45.54
2026-01-16T11:00,1.214,0.0,45.13
2026-01-16T12:00,1.229,0.0,45.81
2026-01-16T13:00,1.219,0.0,45.36
2026-01-16T14:00,1.208,0.0,44.86
2026-01-16T15:00,1.214,0.0,45.13
2026-01-16T16:00,1.203,0.0,44.64
2026-01-16T17:00,1.201,0.0,44.55
2026-01-16T18:00,1.195,0.0,44.29
2026-01-16T19:00,1.185,0.0,43.86
2026-01-16T20:00,1.177,0.0,43.52
2026-01-16T21:00,1.169,0.0,43.18
2026-01-16T22:00,1.16,0.0,42.8
2026-01-16T23:00,1.142,5.4,42.04
2026-01-17T00:00,1.294,14.2,48.73
2026-01-17T01:00,1.266,0.2,47.47
2026-01-17T02:00,1.265,0.0,47.43
2026-01-17T03:00,1.254,0.0,46.93
2026-01-17T04:00,1.234,0.2,46.03
2026-01-17T05:00,1.212,0.0,45.04
2026-01-17T06:00,1.192,0.0,44.16
2026-01-17T07:00,1.176,0.0,43.48
2026-01-17T08:00,1.166,0.0,43.06
2026-01-17T09:00,1.157,0.0,42.67
2026-01-17T10:00,1.151,0.0,42.42
2026-01-17T11:00,1.15,0.0,42.38
2026-01-17T12:00,1.147,0.0,42.25
2026-01-17T13:00,1.145,0.0,42.16
2026-01-17T14:00,1.147,0.0,42.25
2026-01-17T15:00,1.147,0.0,42.25
2026-01-17T16:00,1.161,0.0,42.84
2026-01-17T17:00,1.168,0.0,43.14
2026-01-17T18:00,1.279,18.6,48.06
2026-01-17T19:00,1.286,0.2,48.37
2026-01-17T20:00,1.277,0.2,47.97
2026-01-17T21:00,1.281,0.0,48.15
2026-01-17T22:00,1.282,0.0,48.19
2026-01-17T23:00,1.277,0.0,47.97
2026-01-18T00:00,1.27,0.0,47.65
2026-01-18T01:00,1.262,0.0,47.29
2026-01-18T02:00,1.256,0.0,47.02
2026-01-18T03:00,1.251,0.0,46.8
2026-01-18T04:00,1.246,0.0,46.57
2026-01-18T05:00,1.242,0.0,46.39
2026-01-18T06:00,1.239,0.0,46.26
2026-01-18T07:00,1.238,0.0,46.21
2026-01-18T08:00,1.235,0.0,46.08
2026-01-18T09:00,1.232,0.0,45.94
2026-01-18T10:00,1.23,0.0,45.85
2026-01-18T11:00,1.222,0.0,45.49
2026-01-18T12:00,1.22,0.0,45.4
2026-01-18T13:00,1.219,0.0,45.36
2026-01-18T14:00,1.208,0.2,44.86
2026-01-18T15:00,1.217,0.0,45.27
2026-01-18T16:00,1.221,0.0,45.45
2026-01-18T17:00,1.212,0.0,45.04
2026-01-18T18:00,1.23,0.0,45.85
2026-01-18T19:00,1.232,0.0,45.94
2026-01-18T20:00,1.231,0.0,45.9
2026-01-18T21:00,1.233,0.0,45.99
2026-01-18T22:00,1.235,0.0,46.08
2026-01-18T23:00,1.237,0.0,46.17
2026-01-19T00:00,1.239,0.8,46.26
2026-01-19T01:00,1.244,2.2,46.48
2026-01-19T02:00,1.247,0.2,46.62
2026-01-19T03:00,1.247,0.0,46.62
2026-01-19T04:00,1.25,0.0,46.75
2026-01-19T05:00,1.251,0.0,46.8
2026-01-19T06:00,1.251,0.0,46.8
2026-01-19T07:00,1.252,0.0,46.84
2026-01-19T08:00,1.253,0.0,46.89
2026-01-19T09:00,1.252,0.0,46.84
2026-01-19T10:00,1.251,0.0,46.8
2026-01-19T11:00,1.245,0.0,46.53
2026-01-19T12:00,1.247,0.0,46.62
2026-01-19T13:00,1.24,0.0,46.3
2026-01-19T14:00,1.24,0.0,46.3
2026-01-19T15:00,1.235,0.0,46.08
2026-01-19T16:00,1.231,0.0,45.9
2026-01-19T17:00,1.231,0.0,45.9
2026-01-19T18:00,1.213,0.0,45.09
2026-01-19T19:00,1.219,0.0,45.36
2026-01-19T20:00,1.22,0.0,45.4
2026-01-19T21:00,1.214,0.0,45.13
2026-01-19T22:00,1.207,0.0,44.82
2026-01-19T23:00,1.199,0.0,44.46
2026-01-20T00:00,1.192,0.0,44.16
2026-01-20T01:00,1.186,0.0,43.91
2026-01-20T02:00,1.18,0.0,43.65
2026-01-20T03:00,1.174,0.0,43.4
2026-01-20T04:00,1.167,0.0,43.1
2026-01-20T05:00,1.162,0.0,42.89
2026-01-20T06:00,1.156,0.0,42.63
2026-01-20T07:00,1.152,0.0,42.46
2026-01-20T08:00,1.147,0.0,42.25
2026-01-20T09:00,1.138,0.0,41.87
2026-01-20T10:00,1.132,0.0,41.61
2026-01-20T11:00,1.126,0.0,41.36
2026-01-20T12:00,1.117,0.0,40.97
2026-01-20T13:00,1.11,0.0,40.68
2026-01-20T14:00,1.105,0.0,40.46
2026-01-20T15:00,1.101,0.0,40.29
2026-01-20T16:00,1.092,0.0,39.91
2026-01-20T17:00,1.079,0.0,39.36
2026-01-20T18:00,1.076,0.0,39.23
2026-01-20T19:00,1.077,0.0,39.27
2026-01-20T20:00,1.069,0.0,38.93
2026-01-20T21:00,1.062,0.0,38.64
2026-01-20T22:00,1.052,0.0,38.21
2026-01-20T23:00,1.044,0.0,37.87
2026-01-21T00:00,1.034,0.0,37.45
2026-01-21T01:00,1.025,0.0,37.06
2026-01-21T02:00,1.016,0.0,36.68
2026-01-21T03:00,1.008,0.0,36.34
2026-01-21T04:00,1.001,0.0,36.04
2026-01-21T05:00,0.993,0.0,35.76
2026-01-21T06:00,0.986,0.0,35.51
2026-01-21T07:00,0.98,0.0,35.3
2026-01-21T08:00,0.974,0.0,35.09
2026-01-21T09:00,0.969,0.0,34.92
2026-01-21T10:00,0.963,0.0,34.71
2026-01-21T11:00,0.951,0.0,34.29
2026-01-21T12:00,0.943,0.0,34.01
2026-01-21T13:00,0.941,0.0,33.94
2026-01-21T14:00,0.934,0.0,33.69
2026-01-21T15:00,0.935,0.0,33.73
2026-01-21T16:00,0.922,0.0,33.27
2026-01-21T17:00,0.922,0.0,33.27
2026-01-21T18:00,0.921,0.0,33.24
2026-01-21T19:00,0.923,0.0,33.31
2026-01-21T20:00,0.914,0.0,32.99
2026-01-21T21:00,0.916,0.0,33.06
2026-01-21T22:00,0.91,0.0,32.85
2026-01-21T23:00,0.905,0.0,32.68
2026-01-22T00:00,0.899,0.0,32.47
2026-01-22T01:00,0.893,0.0,32.26
2026-01-22T02:00,0.888,0.0,32.08
2026-01-22T03:00,0.881,0.0,31.84
2026-01-22T04:00,0.876,0.0,31.66
2026-01-22T05:00,0.871,0.0,31.49
2026-01-22T06:00,0.866,0.0,31.31
2026-01-22T07:00,0.861,0.0,31.14
2026-01-22T08:00,0.856,0.0,30.96
2026-01-22T09:00,0.851,0.0,30.79
2026-01-22T10:00,0.848,0.0,30.68
2026-01-22T11:00,0.844,0.0,30.54
2026-01-22T12:00,0.842,0.0,30.47
2026-01-22T13:00,0.838,0.0,30.33
2026-01-22T14:00,0.837,0.0,30.3
2026-01-22T15:00,0.833,0.0,30.16
2026-01-22T16:00,0.831,0.0,30.09
2026-01-22T17:00,0.83,0.0,30.05
2026-01-22T18:00,0.821,0.0,29.74
2026-01-22T19:00,0.832,0.0,30.12
2026-01-22T20:00,0.83,0.0,30.05
2026-01-22T21:00,0.83,0.0,30.05
2026-01-22T22:00,0.827,0.0,29.95
2026-01-22T23:00,0.823,0.0,29.81
2026-01-23T00:00,0.819,0.0,29.67
2026-01-23T01:00,0.815,0.0,29.53
2026-01-23T02:00,0.811,0.0,29.39
2026-01-23T03:00,0.809,0.0,29.32
2026-01-23T04:00,0.805,0.0,29.18
2026-01-23T05:00,0.801,0.0,29.04
2026-01-23T06:00,0.797,0.0,28.9
2026-01-23T07:00,0.795,0.0,28.83
2026-01-23T08:00,0.793,0.0,28.76
2026-01-23T09:00,0.791,0.0,28.69
2026-01-23T10:00,0.787,0.0,28.55
2026-01-23T11:00,0.788,0.0,28.58
2026-01-23T12:00,0.785,0.0,28.48
2026-01-23T13:00,0.788,0.0,28.58
2026-01-23T14:00,0.787,0.0,28.55
2026-01-23T15:00,0.789,0.0,28.62
2026-01-23T16:00,0.785,0.0,28.48
2026-01-23T17:00,0.788,0.0,28.58
2026-01-23T18:00,0.797,0.0,28.9
2026-01-23T19:00,0.798,0.0,28.93
2026-01-23T20:00,0.797,0.0,28.9
2026-01-23T21:00,0.797,0.0,28.9
2026-01-23T22:00,0.795,0.0,28.83
2026-01-23T23:00,0.789,0.0,28.62
2026-01-24T00:00,0.787,0.0,28.55
2026-01-24T01:00,0.783,0.0,28.41
2026-01-24T02:00,0.78,0.0,28.3
2026-01-24T03:00,0.777,0.0,28.2
2026-01-24T04:00,0.774,0.0,28.09
2026-01-24T05:00,0.771,0.0,27.99
2026-01-24T06:00,0.769,0.0,27.92
2026-01-24T07:00,0.768,0.0,27.88
2026-01-24T08:00,0.767,0.0,27.85
2026-01-24T09:00,0.767,0.0,27.85
2026-01-24T10:00,0.767,0.0,27.85
2026-01-24T11:00,0.767,0.0,27.85
2026-01-24T12:00,0.767,0.0,27.85
2026-01-24T13:00,0.765,0.0,27.78
2026-01-24T14:00,0.762,0.0,27.67
2026-01-24T15:00,0.762,0.0,27.67
2026-01-24T16:00,0.762,0.0,27.67
2026-01-24T17:00,0.759,0.0,27.57
2026-01-24T18:00,0.761,0.0,27.64
2026-01-24T19:00,0.755,0.0,27.43
2026-01-24T20:00,0.754,0.0,27.39
2026-01-24T21:00,0.75,0.0,27.25
2026-01-24T22:00,0.747,0.0,27.15
2026-01-24T23:00,0.744,0.0,27.04
2026-01-25T00:00,0.739,0.0,26.87
2026-01-25T01:00,0.739,0.0,26.87
2026-01-25T02:00,0.735,0.0,26.73
2026-01-25T03:00,0.732,0.0,26.62
2026-01-25T04:00,0.728,0.0,26.48
2026-01-25T05:00,0.724,0.0,26.34
2026-01-25T06:00,0.721,0.0,26.24
2026-01-25T07:00,0.718,0.0,26.13
2026-01-25T08:00,0.716,0.0,26.06
2026-01-25T09:00,0.716,0.0,26.06
2026-01-25T10:00,0.714,0.0,25.99
2026-01-25T11:00,0.714,0.0,25.99
2026-01-25T12:00,0.713,0.0,25.96
2026-01-25T13:00,0.708,0.0,25.78
2026-01-25T14:00,0.708,0.0,25.78
2026-01-25T15:00,0.705,0.0,25.68
2026-01-25T16:00,0.706,0.0,25.71
2026-01-25T17:00,0.708,0.0,25.78
2026-01-25T18:00,0.708,0.0,25.78
2026-01-25T19:00,0.705,0.0,25.68
2026-01-25T20:00,0.704,0.0,25.64
2026-01-25T21:00,0.702,0.0,25.57
2026-01-25T22:00,0.702,0.0,25.57
2026-01-25T23:00,0.699,0.0,25.47
2026-01-26T00:00,0.7,0.0,25.5
2026-01-26T01:00,0.697,0.0,25.4
2026-01-26T02:00,0.696,0.0,25.36
2026-01-26T03:00,0.695,0.0,25.33
2026-01-26T04:00,0.694,0.0,25.29
2026-01-26T05:00,0.693,0.0,25.26
2026-01-26T06:00,0.692,0.0,25.22
2026-01-26T07:00,0.691,0.0,25.19
2026-01-26T08:00,0.69,0.0,25.15
2026-01-26T09:00,0.689,0.0,25.12
2026-01-26T10:00,0.689,0.0,25.12
2026-01-26T11:00,0.685,0.0,24.98
2026-01-26T12:00,0.683,0.0,24.91
2026-01-26T13:00,0.681,0.0,24.84
2026-01-26T14:00,0.678,0.0,24.73
2026-01-26T15:00,0.676,0.0,24.66
2026-01-26T16:00,0.678,0.0,24.73
2026-01-26T17:00,0.672,0.0,24.52
2026-01-26T18:00,0.678,0.0,24.73
2026-01-26T19:00,0.675,0.0,24.63
2026-01-26T20:00,0.68,0.0,24.8
2026-01-26T21:00,0.682,0.0,24.87
2026-01-26T22:00,0.683,0.0,24.91
2026-01-26T23:00,0.683,0.0,24.91
2026-01-27T00:00,0.684,0.0,24.94
2026-01-27T01:00,0.685,0.0,24.98
2026-01-27T02:00,0.686,0.0,25.01
2026-01-27T03:00,0.687,0.0,25.05
2026-01-27T04:00,0.688,0.0,25.08
2026-01-27T05:00,0.688,0.0,25.08
2026-01-27T06:00,0.687,0.0,25.05
2026-01-27T07:00,0.685,0.0,24.98
2026-01-27T08:00,0.681,0.0,24.84
2026-01-27T09:00,0.679,0.0,24.77
2026-01-27T10:00,0.675,0.0,24.63
2026-01-27T11:00,0.675,0.0,24.63
2026-01-27T12:00,0.667,0.0,24.35
2026-01-27T13:00,0.664,0.0,24.24
2026-01-27T14:00,0.662,0.0,24.17
2026-01-27T15:00,0.662,0.0,24.17
2026-01-27T16:00,0.661,0.0,24.14
2026-01-27T17:00,0.656,0.0,23.96
2026-01-27T18:00,0.659,0.0,24.07
2026-01-27T19:00,0.66,0.0,24.1
2026-01-27T20:00,0.658,0.0,24.03
2026-01-27T21:00,0.658,0.0,24.03
2026-01-27T22:00,0.656,0.0,23.96
2026-01-27T23:00,0.654,0.0,23.89
2026-01-28T00:00,0.654,0.0,23.89
2026-01-28T01:00,0.651,0.0,23.79
2026-01-28T02:00,0.65,0.0,23.75
2026-01-28T03:00,0.65,0.0,23.75
2026-01-28T04:00,0.65,0.0,23.75
2026-01-28T05:00,0.649,0.0,23.72
2026-01-28T06:00,0.648,0.0,23.68
2026-01-28T07:00,0.647,0.0,23.65
2026-01-28T08:00,0.646,0.0,23.61
2026-01-28T09:00,0.636,0.0,23.26
2026-01-28T10:00,0.634,0.0,23.19
2026-01-28T11:00,0.635,0.0,23.23
2026-01-28T12:00,0.637,0.0,23.3
2026-01-28T13:00,0.631,0.0,23.09
2026-01-28T14:00,0.635,0.0,23.23
2026-01-28T15:00,0.634,0.0,23.19
2026-01-28T16:00,0.634,0.0,23.19
2026-01-28T17:00,0.633,0.0,23.16
2026-01-28T18:00,0.632,0.0,23.12
2026-01-28T19:00,0.635,0.0,23.23
2026-01-28T20:00,0.633,0.0,23.16
2026-01-28T21:00,0.631,0.0,23.09
2026-01-28T22:00,0.63,0.0,23.05
2026-01-28T23:00,0.63,0.0,23.05
2026-01-29T00:00,0.623,5.2,22.81
2026-01-29T01:00,0.653,3.2,23.86
2026-01-29T02:00,0.654,0.0,23.89
2026-01-29T03:00,0.659,0.0,24.07
2026-01-29T04:00,0.664,0.0,24.24
2026-01-29T05:00,0.663,0.2,24.21
2026-01-29T06:00,0.657,0.0,24.0
2026-01-29T07:00,0.652,0.0,23.82
2026-01-29T08:00,0.648,0.0,23.68
2026-01-29T09:00,0.643,0.0,23.51
2026-01-29T10:00,0.642,0.0,23.47
2026-01-29T11:00,0.64,0.0,23.4
2026-01-29T12:00,0.634,0.0,23.19
2026-01-29T13:00,0.621,0.0,22.74
2026-01-29T14:00,0.636,0.0,23.26
2026-01-29T15:00,0.631,0.0,23.09
2026-01-29T16:00,0.63,0.0,23.05
2026-01-29T17:00,0.63,0.0,23.05
2026-01-29T18:00,0.627,0.0,22.95
2026-01-29T19:00,0.624,0.0,22.84
2026-01-29T20:00,0.622,0.8,22.77
2026-01-29T21:00,0.629,2.8,23.02
2026-01-29T22:00,0.629,0.0,23.02
2026-01-29T23:00,0.626,0.2,22.91
2026-01-30T00:00,0.624,0.2,22.84
2026-01-30T01:00,0.624,0.0,22.84
2026-01-30T02:00,0.627,0.0,22.95
2026-01-30T03:00,0.635,0.0,23.23
2026-01-30T04:00,0.646,0.0,23.61
2026-01-30T05:00,0.657,0.0,24.0
2026-01-30T06:00,0.669,0.0,24.42
2026-01-30T07:00,0.681,0.0,24.84
2026-01-30T08:00,0.693,0.0,25.26
2026-01-30T09:00,0.706,0.2,25.71
2026-01-30T10:00,0.718,0.0,26.13
2026-01-30T11:00,0.734,0.0,26.69
2026-01-30T12:00,0.756,0.0,27.46
2026-01-30T13:00,0.781,0.0,28.34
2026-01-30T14:00,0.806,0.0,29.21
2026-01-30T15:00,0.837,0.0,30.3
2026-01-30T16:00,0.867,0.0,31.35
2026-01-30T17:00,0.891,0.0,32.19
2026-01-30T18:00,0.924,0.0,33.34
2026-01-30T19:00,0.948,0.0,34.18
2026-01-30T20:00,0.984,0.2,35.44
2026-01-30T21:00,1.004,0.0,36.17
2026-01-30T22:00,1.018,0.0,36.77
2026-01-30T23:00,1.032,0.0,37.36
2026-01-31T00:00,1.041,0.0,37.74
2026-01-31T01:00,1.045,0.0,37.91
2026-01-31T02:00,1.049,0.0,38.08
2026-01-31T03:00,1.052,0.0,38.21
2026-01-31T04:00,1.05,0.0,38.13
2026-01-31T05:00,1.049,0.0,38.08
2026-01-31T06:00,1.047,0.0,38.0
2026-01-31T07:00,1.046,0.0,37.96
2026-01-31T08:00,1.042,0.0,37.79
2026-01-31T09:00,1.038,0.0,37.62
2026-01-31T10:00,1.026,0.0,37.11
2026-01-31T11:00,1.022,0.0,36.94
2026-01-31T12:00,1.024,0.0,37.02
2026-01-31T13:00,1.021,0.0,36.89
2026-01-31T14:00,1.021,0.0,36.89
2026-01-31T15:00,1.01,0.0,36.43
2026-01-31T16:00,1.008,0.0,36.34
2026-01-31T17:00,1.014,0.0,36.6
2026-01-31T18:00,1.022,0.0,36.94
2026-01-31T19:00,1.021,0.0,36.89
2026-01-31T20:00,1.019,0.0,36.81
2026-01-31T21:00,1.016,0.0,36.68
2026-01-31T22:00,1.011,0.0,36.47
2026-01-31T23:00,1.007,0.0,36.3
2026-02-01T00:00,1.001,0.0,36.04
2026-02-01T01:00,0.996,0.0,35.86
2026-02-01T02:00,0.99,0.0,35.65
2026-02-01T03:00,0.984,0.0,35.44
2026-02-01T04:00,0.977,0.0,35.2
2026-02-01T05:00,0.972,0.0,35.02
2026-02-01T06:00,0.965,0.0,34.78
2026-02-01T07:00,0.958,0.0,34.53
2026-02-01T08:00,0.948,0.0,34.18
2026-02-01T09:00,0.946,0.0,34.11
2026-02-01T10:00,0.93,0.0,33.55
2026-02-01T11:00,0.915,0.0,33.03
2026-02-01T12:00,0.906,0.0,32.71
2026-02-01T13:00,0.894,0.0,32.29
2026-02-01T14:00,0.892,0.0,32.22
2026-02-01T15:00,0.88,0.0,31.8
2026-02-01T16:00,0.881,0.0,31.84
2026-02-01T17:00,0.878,0.0,31.73
2026-02-01T18:00,0.877,0.0,31.7
2026-02-01T19:00,0.866,0.0,31.31
2026-02-01T20:00,0.858,0.0,31.03
2026-02-01T21:00,0.851,0.0,30.79
2026-02-01T22:00,0.845,0.0,30.58
2026-02-01T23:00,0.838,0.0,30.33
2026-02-02T00:00,0.831,0.0,30.09
2026-02-02T01:00,0.824,0.0,29.84
2026-02-02T02:00,0.82,0.0,29.7
2026-02-02T03:00,0.816,0.0,29.56
2026-02-02T04:00,0.813,0.0,29.46
2026-02-02T05:00,0.809,0.0,29.32
2026-02-02T06:00,0.805,0.0,29.18
2026-02-02T07:00,0.802,0.0,29.07
2026-02-02T08:00,0.798,0.0,28.93
2026-02-02T09:00,0.794,0.0,28.79
2026-02-02T10:00,0.788,0.0,28.58
2026-02-02T11:00,0.78,0.0,28.3
2026-02-02T12:00,0.767,0.0,27.85
2026-02-02T13:00,0.762,0.0,27.67
2026-02-02T14:00,0.754,0.0,27.39
2026-02-02T15:00,0.756,0.0,27.46
2026-02-02T16:00,0.751,0.0,27.29
2026-02-02T17:00,0.748,0.0,27.18
2026-02-02T18:00,0.74,0.0,26.9
2026-02-02T19:00,0.739,0.0,26.87
2026-02-02T20:00,0.734,0.0,26.69
2026-02-02T21:00,0.731,0.0,26.59
2026-02-02T22:00,0.727,0.0,26.45
2026-02-02T23:00,0.722,0.0,26.27
2026-02-03T00:00,0.718,0.0,26.13
2026-02-03T01:00,0.715,0.0,26.03
2026-02-03T02:00,0.714,0.0,25.99
2026-02-03T03:00,0.71,0.0,25.85
2026-02-03T04:00,0.707,0.0,25.75
2026-02-03T05:00,0.705,0.0,25.68
2026-02-03T06:00,0.701,0.0,25.54
2026-02-03T07:00,0.699,0.0,25.47
2026-02-03T08:00,0.698,0.0,25.43
2026-02-03T09:00,0.697,0.2,25.4
2026-02-03T10:00,0.679,0.0,24.77
2026-02-03T11:00,0.684,0.0,24.94
2026-02-03T12:00,0.697,0.0,25.4
2026-02-03T13:00,0.691,0.0,25.19
2026-02-03T14:00,0.707,0.0,25.75
2026-02-03T15:00,0.717,0.0,26.1
2026-02-03T16:00,0.723,0.0,26.31
2026-02-03T17:00,0.728,0.6,26.48
2026-02-03T18:00,0.727,0.0,26.45
2026-02-03T19:00,0.74,0.2,26.9
2026-02-03T20:00,0.745,0.0,27.08
2026-02-03T21:00,0.749,0.2,27.22
2026-02-03T22:00,0.752,0.0,27.32
2026-02-03T23:00,0.757,0.0,27.5
2026-02-04T00:00,0.761,0.0,27.64
2026-02-04T01:00,0.767,0.0,27.85
2026-02-04T02:00,0.773,0.0,28.06
2026-02-04T03:00,0.78,0.0,28.3
2026-02-04T04:00,0.787,0.0,28.55
2026-02-04T05:00,0.793,0.0,28.76
2026-02-04T06:00,0.801,0.0,29.04
2026-02-04T07:00,0.812,0.0,29.42
2026-02-04T08:00,0.823,0.0,29.81
2026-02-04T09:00,0.834,0.0,30.19
2026-02-04T10:00,0.848,0.0,30.68
2026-02-04T11:00,0.863,0.0,31.21
2026-02-04T12:00,0.878,0.0,31.73
2026-02-04T13:00,0.889,0.0,32.12
2026-02-04T14:00,0.903,0.0,32.61
2026-02-04T15:00,0.921,0.0,33.24
2026-02-04T16:00,0.943,0.4,34.01
2026-02-04T17:00,0.948,15.2,34.18
2026-02-04T18:00,1.137,20.0,41.82
2026-02-04T19:00,1.102,0.0,40.34
2026-02-04T20:00,1.096,0.0,40.08
2026-02-04T21:00,1.105,0.0,40.46
2026-02-04T22:00,1.12,0.0,41.1
2026-02-04T23:00,1.136,0.0,41.78
2026-02-05T00:00,1.155,0.0,42.59
2026-02-05T01:00,1.173,0.0,43.35
2026-02-05T02:00,1.192,0.0,44.16
2026-02-05T03:00,1.212,0.0,45.04
2026-02-05T04:00,1.228,0.0,45.76
2026-02-05T05:00,1.241,0.0,46.35
2026-02-05T06:00,1.252,0.0,46.84
2026-02-05T07:00,1.26,0.0,47.2
2026-02-05T08:00,1.268,0.0,47.56
2026-02-05T09:00,1.271,0.0,47.7
2026-02-05T10:00,1.272,0.0,47.74
2026-02-05T11:00,1.274,0.2,47.83
2026-02-05T12:00,1.271,0.0,47.7
2026-02-05T13:00,1.268,0.0,47.56
2026-02-05T14:00,1.264,0.0,47.38
2026-02-05T15:00,1.259,0.0,47.16
2026-02-05T16:00,1.254,0.0,46.93
2026-02-05T17:00,1.248,0.0,46.66
2026-02-05T18:00,1.242,0.0,46.39
2026-02-05T19:00,1.237,0.0,46.17
2026-02-05T20:00,1.231,0.0,45.9
2026-02-05T21:00,1.225,0.0,45.63
2026-02-05T22:00,1.218,0.0,45.31
2026-02-05T23:00,1.209,0.0,44.91
2026-02-06T00:00,1.202,0.0,44.59
2026-02-06T01:00,1.195,0.0,44.29
2026-02-06T02:00,1.189,0.0,44.03
2026-02-06T03:00,1.182,0.0,43.74
2026-02-06T04:00,1.176,0.0,43.48
2026-02-06T05:00,1.17,0.0,43.23
2026-02-06T06:00,1.166,0.0,43.06
2026-02-06T07:00,1.163,0.0,42.93
2026-02-06T08:00,1.16,0.0,42.8
2026-02-06T09:00,1.157,0.0,42.67
2026-02-06T10:00,1.147,0.0,42.25
2026-02-06T11:00,1.146,0.0,42.21
2026-02-06T12:00,1.145,0.0,42.16
2026-02-06T13:00,1.14,0.0,41.95
2026-02-06T14:00,1.137,0.0,41.82
2026-02-06T15:00,1.138,0.0,41.87
2026-02-06T16:00,1.137,0.0,41.82
2026-02-06T17:00,1.134,0.0,41.7
2026-02-06T18:00,1.132,0.0,41.61
2026-02-06T19:00,1.131,0.0,41.57
2026-02-06T20:00,1.127,0.0,41.4
2026-02-06T21:00,1.123,0.0,41.23
2026-02-06T22:00,1.119,0.0,41.06
2026-02-06T23:00,1.115,0.0,40.89
2026-02-07T00:00,1.109,0.0,40.63
2026-02-07T01:00,1.105,0.0,40.46
2026-02-07T02:00,1.101,0.0,40.29
2026-02-07T03:00,1.096,0.0,40.08
2026-02-07T04:00,1.091,0.0,39.87
2026-02-07T05:00,1.086,0.0,39.66
2026-02-07T06:00,1.081,0.0,39.44
2026-02-07T07:00,1.075,0.0,39.19
2026-02-07T08:00,1.073,0.0,39.1
2026-02-07T09:00,1.066,0.0,38.81
2026-02-07T10:00,1.062,0.0,38.64
2026-02-07T11:00,1.056,0.0,38.38
2026-02-07T12:00,1.05,0.0,38.13
2026-02-07T13:00,1.045,0.0,37.91
2026-02-07T14:00,1.03,0.0,37.28
2026-02-07T15:00,1.036,0.0,37.53
2026-02-07T16:00,1.018,0.4,36.77
2026-02-07T17:00,1.037,2.8,37.57
2026-02-07T18:00,1.043,0.0,37.83
2026-02-07T19:00,1.04,0.0,37.7
2026-02-07T20:00,1.034,0.0,37.45
2026-02-07T21:00,1.029,0.2,37.23
2026-02-07T22:00,1.024,0.2,37.02
2026-02-07T23:00,1.017,0.0,36.72
2026-02-08T00:00,1.008,0.0,36.34
2026-02-08T01:00,1.002,0.0,36.09
2026-02-08T02:00,0.997,0.0,35.9
2026-02-08T03:00,0.991,0.0,35.69
2026-02-08T04:00,0.986,0.0,35.51
2026-02-08T05:00,0.98,0.0,35.3
2026-02-08T06:00,0.978,0.0,35.23
2026-02-08T07:00,0.975,0.0,35.13
2026-02-08T08:00,0.974,0.0,35.09
2026-02-08T09:00,0.974,0.0,35.09
2026-02-08T10:00,0.975,0.0,35.13
2026-02-08T11:00,0.975,0.0,35.13
2026-02-08T12:00,0.978,0.0,35.23
2026-02-08T13:00,0.971,0.0,34.99
2026-02-08T14:00,0.979,0.0,35.27
2026-02-08T15:00,0.988,0.0,35.58
2026-02-08T16:00,0.994,0.0,35.79
2026-02-08T17:00,1.001,0.0,36.04
2026-02-08T18:00,1.018,0.0,36.77
2026-02-08T19:00,1.05,0.0,38.13
2026-02-08T20:00,1.074,0.0,39.15
2026-02-08T21:00,1.096,0.0,40.08
2026-02-08T22:00,1.116,0.0,40.93
2026-02-08T23:00,1.132,0.0,41.61
2026-02-09T00:00,1.149,0.0,42.33
2026-02-09T01:00,1.162,0.0,42.89
2026-02-09T02:00,1.176,0.0,43.48
2026-02-09T03:00,1.187,0.0,43.95
2026-02-09T04:00,1.195,0.0,44.29
2026-02-09T05:00,1.206,0.0,44.77
2026-02-09T06:00,1.214,0.0,45.13
2026-02-09T07:00,1.222,0.0,45.49
2026-02-09T08:00,1.227,0.0,45.72
2026-02-09T09:00,1.232,0.0,45.94
2026-02-09T10:00,1.235,0.0,46.08
2026-02-09T11:00,1.238,0.0,46.21
2026-02-09T12:00,1.237,0.0,46.17
2026-02-09T13:00,1.239,0.0,46.26
2026-02-09T14:00,1.232,0.0,45.94
2026-02-09T15:00,1.229,0.0,45.81
2026-02-09T16:00,1.226,0.0,45.67
2026-02-09T17:00,1.223,0.0,45.54
2026-02-09T18:00,1.217,0.0,45.27
2026-02-09T19:00,1.213,0.0,45.09
2026-02-09T20:00,1.208,0.0,44.86
2026-02-09T21:00,1.202,0.0,44.59
2026-02-09T22:00,1.194,0.0,44.25
2026-02-09T23:00,1.187,0.0,43.95
2026-02-10T00:00,1.18,0.0,43.65
2026-02-10T01:00,1.173,0.0,43.35
2026-02-10T02:00,1.165,0.0,43.01
2026-02-10T03:00,1.159,0.0,42.76
2026-02-10T04:00,1.151,0.0,42.42
2026-02-10T05:00,1.145,0.0,42.16
2026-02-10T06:00,1.137,0.0,41.82
2026-02-10T07:00,1.132,0.0,41.61
2026-02-10T08:00,1.124,0.0,41.27
2026-02-10T09:00,1.117,0.0,40.97
2026-02-10T10:00,1.107,0.0,40.55
2026-02-10T11:00,1.1,0.0,40.25
2026-02-10T12:00,1.092,0.0,39.91
2026-02-10T13:00,1.082,0.0,39.49
2026-02-10T14:00,1.07,0.0,38.98
2026-02-10T15:00,1.058,0.0,38.47
2026-02-10T16:00,1.052,0.0,38.21
2026-02-10T17:00,1.043,0.0,37.83
2026-02-10T18:00,1.037,0.0,37.57
2026-02-10T19:00,1.031,0.0,37.32
2026-02-10T20:00,1.023,0.0,36.98
2026-02-10T21:00,1.014,0.0,36.6
2026-02-10T22:00,1.007,0.0,36.3
2026-02-10T23:00,1.0,0.0,36.0
2026-02-11T00:00,0.991,0.0,35.69
2026-02-11T01:00,0.981,0.0,35.34
2026-02-11T02:00,0.976,0.0,35.16
2026-02-11T03:00,0.97,0.0,34.95
2026-02-11T04:00,0.962,0.0,34.67
2026-02-11T05:00,0.959,0.0,34.57
2026-02-11T06:00,0.953,0.0,34.36
2026-02-11T07:00,0.949,0.0,34.22
2026-02-11T08:00,0.947,0.0,34.15
2026-02-11T09:00,0.94,0.0,33.9
2026-02-11T10:00,0.936,0.0,33.76
2026-02-11T11:00,0.924,0.0,33.34
2026-02-11T12:00,0.918,0.0,33.13
2026-02-11T13:00,0.91,0.0,32.85
2026-02-11T14:00,0.901,0.0,32.54
2026-02-11T15:00,0.901,0.0,32.54
2026-02-11T16:00,0.901,0.0,32.54
2026-02-11T17:00,0.894,0.0,32.29
2026-02-11T18:00,0.891,0.0,32.19
2026-02-11T19:00,0.885,0.0,31.98
2026-02-11T20:00,0.88,0.0,31.8
2026-02-11T21:00,0.875,0.0,31.63
2026-02-11T22:00,0.869,0.0,31.42
2026-02-11T23:00,0.863,0.0,31.21
2026-02-12T00:00,0.858,0.0,31.03
2026-02-12T01:00,0.852,0.0,30.82
2026-02-12T02:00,0.847,0.0,30.65
2026-02-12T03:00,0.843,0.0,30.51
2026-02-12T04:00,0.839,0.0,30.37
2026-02-12T05:00,0.835,0.0,30.23
2026-02-12T06:00,0.831,0.0,30.09
2026-02-12T07:00,0.828,0.0,29.98
2026-02-12T08:00,0.827,0.0,29.95
2026-02-12T09:00,0.822,0.0,29.77
2026-02-12T10:00,0.812,0.0,29.42
2026-02-12T11:00,0.802,0.0,29.07
2026-02-12T12:00,0.798,0.0,28.93
2026-02-12T13:00,0.796,0.0,28.86
2026-02-12T14:00,0.79,0.0,28.65
2026-02-12T15:00,0.797,0.0,28.9
2026-02-12T16:00,0.803,0.0,29.11
2026-02-12T17:00,0.795,0.0,28.83
2026-02-12T18:00,0.796,0.0,28.86
2026-02-12T19:00,0.798,0.0,28.93
2026-02-12T20:00,0.794,0.0,28.79
2026-02-12T21:00,0.792,0.0,28.72
2026-02-12T22:00,0.789,0.0,28.62
2026-02-12T23:00,0.786,0.0,28.51
2026-02-13T00:00,0.784,0.0,28.44
2026-02-13T01:00,0.78,0.0,28.3
2026-02-13T02:00,0.778,0.0,28.23
2026-02-13T03:00,0.776,0.0,28.16
2026-02-13T04:00,0.774,0.0,28.09
2026-02-13T05:00,0.771,0.0,27.99
2026-02-13T06:00,0.769,0.0,27.92
2026-02-13T07:00,0.767,0.2,27.85
2026-02-13T08:00,0.762,1.4,27.67
2026-02-13T09:00,0.764,0.2,27.74
2026-02-13T10:00,0.763,0.0,27.71
2026-02-13T11:00,0.757,0.0,27.5
2026-02-13T12:00,0.755,0.6,27.43
2026-02-13T13:00,0.758,1.6,27.53
2026-02-13T14:00,0.739,0.0,26.87
2026-02-13T15:00,0.767,8.2,27.85
2026-02-13T16:00,0.778,0.0,28.23
2026-02-13T17:00,0.755,3.4,27.43
2026-02-13T18:00,0.796,3.4,28.86
2026-02-13T19:00,0.78,0.2,28.3
2026-02-13T20:00,0.775,0.0,28.13
2026-02-13T21:00,0.761,2.0,27.64
2026-02-13T22:00,0.774,4.2,28.09
2026-02-13T23:00,0.858,11.0,31.03
2026-02-14T00:00,0.85,0.4,30.75
2026-02-14T01:00,0.842,0.0,30.47
2026-02-14T02:00,0.838,0.4,30.33
2026-02-14T03:00,0.835,0.0,30.23
2026-02-14T04:00,0.827,0.0,29.95
2026-02-14T05:00,0.82,0.0,29.7
2026-02-14T06:00,0.817,0.0,29.6
2026-02-14T07:00,0.815,0.0,29.53
2026-02-14T08:00,0.818,0.0,29.63
2026-02-14T09:00,0.822,0.0,29.77
2026-02-14T10:00,0.83,0.2,30.05
2026-02-14T11:00,0.841,0.0,30.44
2026-02-14T12:00,0.854,0.0,30.89
2026-02-14T13:00,0.872,0.0,31.52
2026-02-14T14:00,0.893,0.0,32.26
2026-02-14T15:00,0.921,0.0,33.24
2026-02-14T16:00,0.955,0.8,34.43
2026-02-14T17:00,0.99,0.4,35.65
2026-02-14T18:00,1.05,4.8,38.13
2026-02-14T19:00,1.105,3.0,40.46
2026-02-14T20:00,1.162,0.6,42.89
2026-02-14T21:00,1.232,0.2,45.94
2026-02-14T22:00,1.295,0.0,48.78
2026-02-14T23:00,1.355,0.0,51.48
2026-02-15T00:00,1.413,0.0,54.09
2026-02-15T01:00,1.47,0.0,56.65
2026-02-15T02:00,1.524,0.0,59.08
2026-02-15T03:00,1.578,0.0,61.51
2026-02-15T04:00,1.628,0.0,63.76
2026-02-15T05:00,1.673,0.0,65.79
2026-02-15T06:00,1.714,0.0,67.63
2026-02-15T07:00,1.753,0.0,69.39
2026-02-15T08:00,1.787,0.0,70.92
2026-02-15T09:00,1.817,0.0,72.27
2026-02-15T10:00,1.844,0.0,73.48
2026-02-15T11:00,1.867,0.0,74.52
2026-02-15T12:00,1.888,0.0,75.46
2026-02-15T13:00,1.905,0.0,76.23
2026-02-15T14:00,1.922,0.0,76.99
2026-02-15T15:00,1.939,0.0,77.76
2026-02-15T16:00,1.955,0.0,78.48
2026-02-15T17:00,1.97,0.0,79.15
2026-02-15T18:00,1.982,0.0,79.69
2026-02-15T19:00,1.996,0.0,80.32
2026-02-15T20:00,2.005,0.0,80.73
2026-02-15T21:00,2.015,0.0,81.18
2026-02-15T22:00,2.023,0.0,81.54
2026-02-15T23:00,2.03,0.0,81.85
2026-02-16T00:00,2.034,0.0,82.03
2026-02-16T01:00,2.037,0.0,82.17
2026-02-16T02:00,2.039,0.0,82.26
2026-02-16T03:00,2.041,0.0,82.35
2026-02-16T04:00,2.04,0.0,82.3
2026-02-16T05:00,2.038,0.0,82.21
2026-02-16T06:00,2.035,0.0,82.08
2026-02-16T07:00,2.031,0.0,81.9
2026-02-16T08:00,2.025,0.0,81.63
2026-02-16T09:00,2.019,0.0,81.36
2026-02-16T10:00,2.013,0.0,81.09
2026-02-16T11:00,2.005,0.0,80.73
2026-02-16T12:00,1.997,0.0,80.37
2026-02-16T13:00,1.986,0.0,79.87
2026-02-16T14:00,1.976,0.0,79.42
2026-02-16T15:00,1.968,0.0,79.06
2026-02-16T16:00,1.954,0.0,78.43
2026-02-16T17:00,1.952,0.0,78.34
2026-02-16T18:00,1.938,0.0,77.71
2026-02-16T19:00,1.932,0.0,77.44
2026-02-16T20:00,1.919,0.0,76.86
2026-02-16T21:00,1.909,0.0,76.41
2026-02-16T22:00,1.898,0.0,75.91
2026-02-16T23:00,1.887,0.0,75.42
2026-02-17T00:00,1.873,0.0,74.79
2026-02-17T01:00,1.86,0.0,74.2
2026-02-17T02:00,1.847,0.0,73.62
2026-02-17T03:00,1.835,0.0,73.08
2026-02-17T04:00,1.822,0.0,72.49
2026-02-17T05:00,1.809,0.0,71.91
2026-02-17T06:00,1.796,0.0,71.32
2026-02-17T07:00,1.784,0.0,70.78
2026-02-17T08:00,1.773,0.0,70.29
2026-02-17T09:00,1.759,0.0,69.66
2026-02-17T10:00,1.749,0.0,69.21
2026-02-17T11:00,1.733,0.0,68.49
2026-02-17T12:00,1.72,0.0,67.9
2026-02-17T13:00,1.708,0.0,67.36
2026-02-17T14:00,1.697,0.0,66.87
2026-02-17T15:00,1.684,0.0,66.28
2026-02-17T16:00,1.689,0.0,66.51
2026-02-17T17:00,1.683,0.0,66.24
2026-02-17T18:00,1.675,0.0,65.88
2026-02-17T19:00,1.668,0.0,65.56
2026-02-17T20:00,1.66,0.0,65.2
2026-02-17T21:00,1.652,2.2,64.84
2026-02-17T22:00,1.645,2.0,64.53
2026-02-17T23:00,1.654,1.4,64.93
2026-02-18T00:00,1.649,0.0,64.71
2026-02-18T01:00,1.645,0.0,64.53
2026-02-18T02:00,1.642,0.0,64.39
2026-02-18T03:00,1.639,0.0,64.26
2026-02-18T04:00,1.636,0.0,64.12
2026-02-18T05:00,1.633,0.0,63.99
2026-02-18T06:00,1.631,0.0,63.9
2026-02-18T07:00,1.629,0.2,63.81
2026-02-18T08:00,1.628,0.0,63.76
2026-02-18T09:00,1.628,0.0,63.76
2026-02-18T10:00,1.629,0.0,63.81
2026-02-18T11:00,1.623,0.0,63.54
2026-02-18T12:00,1.627,0.0,63.72
2026-02-18T13:00,1.62,0.0,63.4
2026-02-18T14:00,1.622,0.0,63.49
2026-02-18T15:00,1.627,0.0,63.72
2026-02-18T16:00,1.627,0.0,63.72
2026-02-18T17:00,1.631,0.0,63.9
2026-02-18T18:00,1.634,0.0,64.03
2026-02-18T19:00,1.639,0.0,64.26
2026-02-18T20:00,1.643,0.0,64.44
2026-02-18T21:00,1.65,0.0,64.75
2026-02-18T22:00,1.659,0.0,65.16
2026-02-18T23:00,1.668,0.0,65.56
2026-02-19T00:00,1.68,0.0,66.1
2026-02-19T01:00,1.691,0.0,66.6
2026-02-19T02:00,1.705,0.0,67.23
2026-02-19T03:00,1.718,0.0,67.81
2026-02-19T04:00,1.731,0.0,68.4
2026-02-19T05:00,1.742,0.0,68.89
2026-02-19T06:00,1.754,0.0,69.43
2026-02-19T07:00,1.764,0.0,69.88
2026-02-19T08:00,1.772,0.0,70.24
2026-02-19T09:00,1.778,0.0,70.51
2026-02-19T10:00,1.786,0.0,70.87
2026-02-19T11:00,1.789,0.0,71.01
2026-02-19T12:00,1.793,0.0,71.19
2026-02-19T13:00,1.792,0.0,71.14
2026-02-19T14:00,1.79,0.0,71.05
2026-02-19T15:00,1.793,0.0,71.19
2026-02-19T16:00,1.79,0.0,71.05
2026-02-19T17:00,1.787,0.0,70.92
2026-02-19T18:00,1.783,0.0,70.74
2026-02-19T19:00,1.779,0.0,70.56
2026-02-19T20:00,1.771,0.0,70.2
2026-02-19T21:00,1.763,0.0,69.84
2026-02-19T22:00,1.755,0.0,69.48
2026-02-19T23:00,1.745,0.0,69.03
2026-02-20T00:00,1.734,0.0,68.53
2026-02-20T01:00,1.717,6.0,67.77
2026-02-20T02:00,1.723,0.4,68.04
2026-02-20T03:00,1.71,0.0,67.45
2026-02-20T04:00,1.699,0.2,66.96
2026-02-20T05:00,1.688,0.0,66.46
2026-02-20T06:00,1.678,0.0,66.01
2026-02-20T07:00,1.668,0.0,65.56
2026-02-20T08:00,1.659,0.0,65.16
2026-02-20T09:00,1.65,0.0,64.75
2026-02-20T10:00,1.64,0.0,64.3
2026-02-20T11:00,1.632,0.0,63.94
2026-02-20T12:00,1.625,0.0,63.63
2026-02-20T13:00,1.618,0.0,63.31
2026-02-20T14:00,1.61,0.0,62.95
2026-02-20T15:00,1.604,0.0,62.68
2026-02-20T16:00,1.597,0.2,62.37
2026-02-20T17:00,1.591,0.0,62.1
2026-02-20T18:00,1.585,0.0,61.83
2026-02-20T19:00,1.578,0.0,61.51
2026-02-20T20:00,1.572,0.0,61.24
2026-02-20T21:00,1.565,0.0,60.93
2026-02-20T22:00,1.559,0.0,60.66
2026-02-20T23:00,1.552,0.0,60.34
2026-02-21T00:00,1.545,0.0,60.03
2026-02-21T01:00,1.538,0.0,59.71
2026-02-21T02:00,1.532,0.0,59.44
2026-02-21T03:00,1.528,0.0,59.26
2026-02-21T04:00,1.523,0.0,59.04
2026-02-21T05:00,1.519,0.0,58.86
2026-02-21T06:00,1.515,0.0,58.68
2026-02-21T07:00,1.512,0.0,58.54
2026-02-21T08:00,1.509,0.0,58.41
2026-02-21T09:00,1.508,0.0,58.36
2026-02-21T10:00,1.506,0.0,58.27
2026-02-21T11:00,1.504,0.0,58.18
2026-02-21T12:00,1.502,0.0,58.09
2026-02-21T13:00,1.501,0.0,58.05
2026-02-21T14:00,1.498,0.0,57.91
2026-02-21T15:00,1.49,0.0,57.55
2026-02-21T16:00,1.485,0.0,57.33
2026-02-21T17:00,1.491,0.0,57.6
2026-02-21T18:00,1.49,0.0,57.55
2026-02-21T19:00,1.487,0.0,57.42
2026-02-21T20:00,1.484,0.0,57.28
2026-02-21T21:00,1.482,0.0,57.19
2026-02-21T22:00,1.477,0.0,56.97
2026-02-21T23:00,1.474,0.0,56.83
2026-02-22T00:00,1.47,0.0,56.65
2026-02-22T01:00,1.467,0.0,56.52
2026-02-22T02:00,1.463,0.0,56.34
2026-02-22T03:00,1.459,0.0,56.16
2026-02-22T04:00,1.456,0.0,56.02
2026-02-22T05:00,1.453,0.0,55.89
2026-02-22T06:00,1.45,0.0,55.75
2026-02-22T07:00,1.447,0.0,55.62
2026-02-22T08:00,1.443,0.0,55.44
2026-02-22T09:00,1.44,0.0,55.3
2026-02-22T10:00,1.437,0.0,55.17
2026-02-22T11:00,1.436,0.0,55.12
2026-02-22T12:00,1.434,0.0,55.03
2026-02-22T13:00,1.43,0.0,54.85
2026-02-22T14:00,1.424,0.0,54.58
2026-02-22T15:00,1.425,0.0,54.63
2026-02-22T16:00,1.417,0.0,54.27
2026-02-22T17:00,1.416,0.0,54.22
2026-02-22T18:00,1.417,0.0,54.27
2026-02-22T19:00,1.414,0.0,54.13
2026-02-22T20:00,1.41,0.0,53.95
2026-02-22T22:00,1.4,0.0,53.5
2026-02-22T23:00,1.396,0.0,53.32
2026-02-23T00:00,1.391,0.0,53.1
2026-02-23T01:00,1.386,0.0,52.87
2026-02-23T02:00,1.381,0.0,52.65
2026-02-23T03:00,1.374,0.0,52.33
2026-02-23T04:00,1.369,0.0,52.11
2026-02-23T05:00,1.362,0.0,51.79
2026-02-23T06:00,1.356,0.0,51.52
2026-02-23T07:00,1.35,0.0,51.25
2026-02-23T08:00,1.344,0.0,50.98
2026-02-23T09:00,1.338,0.0,50.71
2026-02-23T10:00,1.332,0.0,50.44
2026-02-23T11:00,1.326,0.0,50.17
2026-02-23T12:00,1.322,0.0,49.99
2026-02-23T13:00,1.319,0.0,49.86
2026-02-23T14:00,1.314,0.0,49.63
2026-02-23T15:00,1.309,0.0,49.41
2026-02-23T16:00,1.305,0.0,49.23
2026-02-23T17:00,1.3,0.0,49.0
2026-02-23T18:00,1.296,0.0,48.82
2026-02-23T19:00,1.293,0.0,48.69
2026-02-23T20:00,1.287,0.0,48.42
2026-02-23T21:00,1.282,0.0,48.19
2026-02-23T22:00,1.278,0.0,48.01
2026-02-23T23:00,1.272,0.0,47.74
2026-02-24T00:00,1.267,0.0,47.52
2026-02-24T01:00,1.261,0.0,47.25
2026-02-24T02:00,1.254,0.0,46.93
2026-02-24T03:00,1.248,0.0,46.66
2026-02-24T04:00,1.242,0.0,46.39
2026-02-24T05:00,1.236,0.0,46.12
2026-02-24T06:00,1.23,0.0,45.85
2026-02-24T07:00,1.223,0.0,45.54
2026-02-24T08:00,1.218,0.0,45.31
2026-02-24T09:00,1.212,0.0,45.04
2026-02-24T10:00,1.205,0.0,44.73
2026-02-24T11:00,1.2,0.0,44.5
2026-02-24T12:00,1.194,0.0,44.25
2026-02-24T13:00,1.188,0.0,43.99
2026-02-24T14:00,1.182,0.0,43.74
2026-02-24T15:00,1.177,0.0,43.52
2026-02-24T16:00,1.173,0.0,43.35
2026-02-24T17:00,1.169,0.0,43.18
2026-02-24T18:00,1.165,0.0,43.01
2026-02-24T19:00,1.16,0.0,42.8
2026-02-24T20:00,1.16,0.0,42.8
2026-02-24T21:00,1.156,0.0,42.63
2026-02-24T22:00,1.152,0.0,42.46
2026-02-24T23:00,1.146,0.0,42.21
2026-02-25T00:00,1.142,0.0,42.04
2026-02-25T01:00,1.139,0.0,41.91
2026-02-25T02:00,1.134,0.0,41.7
2026-02-25T03:00,1.131,0.0,41.57
2026-02-25T04:00,1.13,0.0,41.53
2026-02-25T05:00,1.127,0.0,41.4
2026-02-25T06:00,1.124,0.0,41.27
2026-02-25T07:00,1.124,0.0,41.27
2026-02-25T08:00,1.124,0.0,41.27
2026-02-25T09:00,1.124,0.0,41.27
2026-02-25T10:00,1.122,0.0,41.19
2026-02-25T11:00,1.116,0.0,40.93
2026-02-25T12:00,1.119,0.0,41.06
2026-02-25T13:00,1.12,0.0,41.1
2026-02-25T14:00,1.113,0.0,40.8
2026-02-25T15:00,1.122,0.0,41.19
2026-02-25T16:00,1.124,0.0,41.27
2026-02-25T17:00,1.126,0.0,41.36
2026-02-25T18:00,1.135,0.0,41.74
2026-02-25T19:00,1.145,0.0,42.16
2026-02-25T20:00,1.151,0.0,42.42
2026-02-25T21:00,1.162,0.0,42.89
2026-02-25T22:00,1.17,0.0,43.23
2026-02-25T23:00,1.181,0.0,43.69
2026-02-26T00:00,1.191,0.0,44.12
2026-02-26T01:00,1.203,0.0,44.64
2026-02-26T02:00,1.216,0.0,45.22
2026-02-26T03:00,1.229,0.2,45.81
2026-02-26T04:00,1.24,0.0,46.3
2026-02-26T05:00,1.25,0.0,46.75
2026-02-26T06:00,1.258,0.0,47.11
2026-02-26T07:00,1.266,0.0,47.47
2026-02-26T08:00,1.273,0.0,47.79
2026-02-26T09:00,1.276,0.0,47.92
2026-02-26T10:00,1.279,0.0,48.06
2026-02-26T11:00,1.281,0.0,48.15
2026-02-26T12:00,1.286,0.0,48.37
2026-02-26T13:00,1.284,0.0,48.28
2026-02-26T14:00,1.285,0.0,48.33
2026-02-26T15:00,1.287,0.0,48.42
2026-02-26T16:00,1.286,0.0,48.37
2026-02-26T17:00,1.292,0.0,48.64
2026-02-26T18:00,1.295,0.0,48.78
2026-02-26T19:00,1.291,17.4,48.6
2026-02-26T20:00,1.442,7.0,55.39
2026-02-26T21:00,1.415,0.2,54.18
2026-02-26T22:00,1.414,0.0,54.13
2026-02-26T23:00,1.413,0.0,54.09
2026-02-27T00:00,1.407,0.0,53.82
2026-02-27T01:00,1.402,0.0,53.59
2026-02-27T02:00,1.399,0.0,53.46
2026-02-27T03:00,1.398,0.0,53.41
2026-02-27T04:00,1.401,0.0,53.55
2026-02-27T05:00,1.403,0.0,53.64
2026-02-27T06:00,1.405,0.0,53.73
2026-02-27T07:00,1.407,0.0,53.82
2026-02-27T08:00,1.408,0.0,53.86
2026-02-27T09:00,1.408,0.0,53.86
2026-02-27T10:00,1.407,0.0,53.82
2026-02-27T11:00,1.405,0.0,53.73
2026-02-27T12:00,1.403,0.0,53.64
2026-02-27T13:00,1.399,0.0,53.46
2026-02-27T14:00,1.394,0.0,53.23
2026-02-27T15:00,1.386,0.0,52.87
2026-02-27T16:00,1.38,0.0,52.6
2026-02-27T17:00,1.372,0.0,52.24
2026-02-27T18:00,1.367,0.0,52.02
2026-02-27T19:00,1.358,0.0,51.61
2026-02-27T20:00,1.348,0.0,51.16
2026-02-27T21:00,1.339,0.0,50.76
2026-02-27T22:00,1.329,0.0,50.31
2026-02-27T23:00,1.32,0.0,49.9
2026-02-28T00:00,1.311,0.0,49.5
2026-02-28T01:00,1.3,0.0,49.0
2026-02-28T02:00,1.292,0.0,48.64
2026-02-28T03:00,1.283,0.0,48.24
2026-02-28T04:00,1.274,0.0,47.83
2026-02-28T05:00,1.264,0.0,47.38
2026-02-28T06:00,1.256,0.0,47.02
2026-02-28T07:00,1.247,0.0,46.62
2026-02-28T08:00,1.241,0.0,46.35
2026-02-28T09:00,1.232,0.0,45.94
2026-02-28T10:00,1.223,0.0,45.54
2026-02-28T11:00,1.219,0.0,45.36
2026-02-28T12:00,1.208,0.0,44.86
2026-02-28T13:00,1.199,0.0,44.46
2026-02-28T14:00,1.191,0.0,44.12
2026-02-28T15:00,1.184,0.0,43.82
2026-02-28T16:00,1.178,0.0,43.57
2026-02-28T17:00,1.175,0.0,43.44
2026-02-28T18:00,1.171,0.0,43.27
2026-02-28T19:00,1.167,0.0,43.1
2026-02-28T20:00,1.164,0.0,42.97
2026-02-28T21:00,1.161,0.0,42.84
2026-02-28T22:00,1.156,0.0,42.63
2026-02-28T23:00,1.153,0.0,42.5
2026-03-01T00:00,1.151,0.0,42.42
2026-03-01T01:00,1.147,0.0,42.25
2026-03-01T02:00,1.143,0.0,42.08
2026-03-01T03:00,1.141,0.0,41.99
2026-03-01T04:00,1.139,0.0,41.91
2026-03-01T05:00,1.136,0.0,41.78
2026-03-01T06:00,1.134,0.0,41.7
2026-03-01T07:00,1.132,0.0,41.61
2026-03-01T08:00,1.128,0.0,41.44
2026-03-01T09:00,1.127,0.0,41.4
2026-03-01T10:00,1.124,0.0,41.27
2026-03-01T11:00,1.121,0.0,41.14
2026-03-01T12:00,1.121,0.0,41.14
2026-03-01T13:00,1.119,0.0,41.06
2026-03-01T14:00,1.116,0.0,40.93
2026-03-01T15:00,1.11,0.0,40.68
2026-03-01T16:00,1.114,0.0,40.85
2026-03-01T17:00,1.114,0.0,40.85
2026-03-01T18:00,1.111,0.0,40.72
2026-03-01T19:00,1.113,0.0,40.8
2026-03-01T20:00,1.11,0.0,40.68
2026-03-01T21:00,1.108,0.0,40.59
2026-03-01T22:00,1.105,0.0,40.46
2026-03-01T23:00,1.102,0.0,40.34
2026-03-02T00:00,1.099,0.0,40.21
2026-03-02T01:00,1.095,0.0,40.04
2026-03-02T02:00,1.092,0.0,39.91
2026-03-02T03:00,1.088,0.0,39.74
2026-03-02T04:00,1.084,0.0,39.57
2026-03-02T05:00,1.081,0.0,39.44
2026-03-02T06:00,1.079,0.0,39.36
2026-03-02T07:00,1.076,0.0,39.23
2026-03-02T08:00,1.072,0.0,39.06
2026-03-02T09:00,1.067,0.0,38.85
2026-03-02T10:00,1.064,0.0,38.72
2026-03-02T11:00,1.059,0.0,38.51
2026-03-02T12:00,1.055,0.0,38.34
2026-03-02T13:00,1.054,0.0,38.3
2026-03-02T14:00,1.046,0.0,37.96
2026-03-02T15:00,1.044,0.0,37.87
2026-03-02T16:00,1.038,0.0,37.62
2026-03-02T17:00,1.038,0.0,37.62
2026-03-02T18:00,1.035,0.0,37.49
2026-03-02T19:00,1.031,0.0,37.32
2026-03-02T20:00,1.027,0.0,37.15
2026-03-02T21:00,1.024,0.0,37.02
2026-03-02T22:00,1.021,0.0,36.89
2026-03-02T23:00,1.016,0.0,36.68
2026-03-03T00:00,1.014,0.0,36.6
2026-03-03T01:00,1.01,0.0,36.43
2026-03-03T02:00,1.006,0.0,36.26
2026-03-03T03:00,1.003,0.0,36.13
2026-03-03T04:00,1.0,0.0,36.0
2026-03-03T05:00,0.997,0.0,35.9
2026-03-03T06:00,0.993,0.0,35.76
2026-03-03T07:00,0.99,0.0,35.65
2026-03-03T08:00,0.988,0.0,35.58
2026-03-03T09:00,0.986,0.0,35.51
2026-03-03T10:00,0.977,0.0,35.2
2026-03-03T11:00,0.973,0.0,35.06
2026-03-03T12:00,0.968,0.0,34.88
2026-03-03T13:00,0.961,0.0,34.64
2026-03-03T14:00,0.958,0.0,34.53
2026-03-03T15:00,0.951,0.0,34.29
2026-03-03T16:00,0.948,0.0,34.18
2026-03-03T17:00,0.945,0.0,34.08
2026-03-03T18:00,0.942,0.0,33.97
2026-03-03T19:00,0.936,0.0,33.76
2026-03-03T20:00,0.931,0.0,33.59
2026-03-03T21:00,0.925,0.0,33.38
2026-03-03T22:00,0.92,0.0,33.2
2026-03-03T23:00,0.915,0.0,33.03
2026-03-04T00:00,0.91,0.0,32.85
2026-03-04T01:00,0.904,0.0,32.64
2026-03-04T02:00,0.899,0.0,32.47
2026-03-04T03:00,0.896,0.0,32.36
2026-03-04T04:00,0.891,0.0,32.19
2026-03-04T05:00,0.886,0.0,32.01
2026-03-04T06:00,0.883,0.0,31.91
2026-03-04T07:00,0.881,0.0,31.84
2026-03-04T08:00,0.879,0.0,31.77
2026-03-04T09:00,0.878,0.0,31.73
2026-03-04T10:00,0.878,0.0,31.73
2026-03-04T11:00,0.878,0.0,31.73
2026-03-04T12:00,0.875,0.0,31.63
2026-03-04T13:00,0.875,0.0,31.63
2026-03-04T14:00,0.875,0.0,31.63
2026-03-04T15:00,0.876,0.0,31.66
2026-03-04T16:00,0.877,0.0,31.7
2026-03-04T17:00,0.876,0.0,31.66
2026-03-04T18:00,0.878,0.0,31.73
2026-03-04T19:00,0.878,0.0,31.73
2026-03-04T20:00,0.877,0.0,31.7
2026-03-04T21:00,0.875,0.0,31.63
2026-03-04T22:00,0.874,0.0,31.59
2026-03-04T23:00,0.871,0.0,31.49
2026-03-05T00:00,0.868,0.0,31.38
2026-03-05T01:00,0.867,0.0,31.35
2026-03-05T02:00,0.865,0.0,31.28
2026-03-05T03:00,0.864,0.0,31.24
2026-03-05T04:00,0.863,0.0,31.21
2026-03-05T05:00,0.861,0.0,31.14
2026-03-05T06:00,0.86,0.0,31.1
2026-03-05T07:00,0.859,0.0,31.07
2026-03-05T08:00,0.858,0.0,31.03
2026-03-05T09:00,0.856,0.0,30.96
2026-03-05T10:00,0.855,0.0,30.93
2026-03-05T11:00,0.856,0.0,30.96
2026-03-05T12:00,0.857,0.0,31.0
2026-03-05T13:00,0.855,0.0,30.93
2026-03-05T14:00,0.854,0.0,30.89
2026-03-05T15:00,0.852,0.0,30.82
2026-03-05T16:00,0.851,0.0,30.79
2026-03-05T17:00,0.851,0.0,30.79
2026-03-05T18:00,0.852,0.0,30.82
2026-03-05T19:00,0.85,0.0,30.75
2026-03-05T20:00,0.848,0.0,30.68
2026-03-05T21:00,0.846,0.0,30.61
2026-03-05T22:00,0.846,0.0,30.61
2026-03-05T23:00,0.843,0.0,30.51
2026-03-06T00:00,0.842,0.0,30.47
2026-03-06T01:00,0.839,0.0,30.37
2026-03-06T02:00,0.836,0.0,30.26
2026-03-06T03:00,0.836,0.0,30.26
2026-03-06T04:00,0.836,0.0,30.26
2026-03-06T05:00,0.833,0.0,30.16
2026-03-06T06:00,0.831,0.0,30.09
2026-03-06T07:00,0.829,0.0,30.02
2026-03-06T08:00,0.827,0.0,29.95
2026-03-06T09:00,0.827,0.0,29.95
2026-03-06T10:00,0.824,0.0,29.84
2026-03-06T11:00,0.825,0.0,29.88
2026-03-06T12:00,0.822,0.0,29.77
2026-03-06T13:00,0.82,0.0,29.7
2026-03-06T14:00,0.817,0.0,29.6
2026-03-06T15:00,0.815,0.0,29.53
2026-03-06T16:00,0.815,0.0,29.53
2026-03-06T17:00,0.813,0.0,29.46
2026-03-06T18:00,0.814,0.0,29.49
2026-03-06T19:00,0.813,0.0,29.46
2026-03-06T20:00,0.813,0.0,29.46
2026-03-06T21:00,0.81,0.0,29.35
2026-03-06T22:00,0.809,0.0,29.32
2026-03-06T23:00,0.807,0.0,29.25
2026-03-07T00:00,0.803,0.0,29.11
2026-03-07T01:00,0.8,0.0,29.0
2026-03-07T02:00,0.798,0.0,28.93
2026-03-07T03:00,0.796,0.0,28.86
2026-03-07T04:00,0.791,0.0,28.69
2026-03-07T05:00,0.787,0.0,28.55
2026-03-07T06:00,0.785,0.0,28.48
2026-03-07T07:00,0.783,0.0,28.41
2026-03-07T08:00,0.782,0.0,28.37
2026-03-07T09:00,0.779,0.0,28.27
2026-03-07T10:00,0.766,0.0,27.81
2026-03-07T11:00,0.767,0.0,27.85
2026-03-07T12:00,0.767,0.0,27.85
2026-03-07T13:00,0.765,0.0,27.78
2026-03-07T14:00,0.759,0.0,27.57
2026-03-07T15:00,0.764,0.0,27.74
2026-03-07T16:00,0.782,0.0,28.37
2026-03-07T17:00,0.783,9.2,28.41
2026-03-07T18:00,0.811,0.2,29.39
2026-03-07T19:00,0.803,0.0,29.11
2026-03-07T20:00,0.797,0.0,28.9
2026-03-07T21:00,0.793,0.0,28.76
2026-03-07T22:00,0.79,0.0,28.65
2026-03-07T23:00,0.788,0.0,28.58
2026-03-08T00:00,0.784,0.0,28.44
2026-03-08T01:00,0.776,2.0,28.16
2026-03-08T02:00,0.787,1.0,28.55
2026-03-08T03:00,0.787,0.0,28.55
2026-03-08T04:00,0.785,0.0,28.48
2026-03-08T05:00,0.783,0.0,28.41
2026-03-08T06:00,0.781,0.0,28.34
2026-03-08T07:00,0.78,0.2,28.3
2026-03-08T08:00,0.778,0.0,28.23
2026-03-08T09:00,0.775,0.0,28.13
2026-03-08T10:00,0.772,0.0,28.02
2026-03-08T11:00,0.77,0.0,27.95
2026-03-08T12:00,0.767,0.0,27.85
2026-03-08T13:00,0.762,0.0,27.67
2026-03-08T14:00,0.758,0.0,27.53
2026-03-08T15:00,0.754,0.0,27.39
2026-03-08T16:00,0.75,1.0,27.25
2026-03-08T17:00,0.76,0.2,27.6
2026-03-08T18:00,0.758,0.0,27.53
2026-03-08T19:00,0.756,0.0,27.46
2026-03-08T20:00,0.754,0.0,27.39
2026-03-08T21:00,0.749,0.0,27.22
2026-03-08T22:00,0.748,0.0,27.18
2026-03-08T23:00,0.745,0.0,27.08
2026-03-09T00:00,0.741,0.0,26.94
2026-03-09T01:00,0.738,0.0,26.83
2026-03-09T02:00,0.736,0.0,26.76
2026-03-09T03:00,0.734,0.0,26.69
2026-03-09T04:00,0.732,0.0,26.62
2026-03-09T05:00,0.73,0.0,26.55
2026-03-09T06:00,0.731,0.0,26.59
2026-03-09T07:00,0.734,0.0,26.69
2026-03-09T08:00,0.738,0.0,26.83
2026-03-09T09:00,0.744,0.0,27.04
2026-03-09T10:00,0.752,0.0,27.32
2026-03-09T11:00,0.761,0.0,27.64
2026-03-09T12:00,0.771,0.0,27.99
2026-03-09T13:00,0.782,0.0,28.37
2026-03-09T14:00,0.792,0.0,28.72
2026-03-09T15:00,0.802,0.2,29.07
2026-03-09T16:00,0.81,0.2,29.35
2026-03-09T17:00,0.817,0.6,29.6
2026-03-09T18:00,0.822,0.0,29.77
2026-03-09T19:00,0.823,0.2,29.81
2026-03-09T20:00,0.821,0.0,29.74
2026-03-09T21:00,0.82,0.0,29.7
2026-03-09T22:00,0.819,0.0,29.67
2026-03-09T23:00,0.818,0.0,29.63
2026-03-10T00:00,0.817,0.0,29.6
2026-03-10T01:00,0.816,0.0,29.56
2026-03-10T02:00,0.816,0.0,29.56
2026-03-10T03:00,0.817,0.0,29.6
2026-03-10T04:00,0.82,0.0,29.7
2026-03-10T05:00,0.821,0.0,29.74
2026-03-10T06:00,0.822,0.0,29.77
2026-03-10T07:00,0.825,0.0,29.88
2026-03-10T08:00,0.831,0.0,30.09
2026-03-10T09:00,0.836,0.0,30.26
2026-03-10T10:00,0.841,0.0,30.44
2026-03-10T11:00,0.846,0.0,30.61
2026-03-10T12:00,0.848,0.0,30.68
2026-03-10T13:00,0.853,0.0,30.86
2026-03-10T14:00,0.855,0.0,30.93
2026-03-10T15:00,0.858,0.2,31.03
2026-03-10T16:00,0.86,0.0,31.1
2026-03-10T17:00,0.861,0.0,31.14
2026-03-10T18:00,0.862,0.0,31.17
2026-03-10T19:00,0.863,0.0,31.21
2026-03-10T20:00,0.863,0.0,31.21
2026-03-10T21:00,0.864,0.0,31.24
2026-03-10T22:00,0.865,0.0,31.28
2026-03-10T23:00,0.864,0.0,31.24
2026-03-11T00:00,0.864,0.0,31.24
2026-03-11T01:00,0.862,0.0,31.17
2026-03-11T02:00,0.861,0.0,31.14
2026-03-11T03:00,0.86,0.0,31.1
2026-03-11T04:00,0.859,0.0,31.07
2026-03-11T05:00,0.857,0.0,31.0
2026-03-11T06:00,0.854,0.0,30.89
2026-03-11T07:00,0.852,0.0,30.82
2026-03-11T08:00,0.849,0.0,30.72
2026-03-11T09:00,0.846,0.0,30.61
2026-03-11T10:00,0.842,0.0,30.47
2026-03-11T11:00,0.839,0.0,30.37
2026-03-11T12:00,0.837,0.0,30.3
2026-03-11T13:00,0.834,0.0,30.19
2026-03-11T14:00,0.83,0.0,30.05
2026-03-11T15:00,0.827,0.0,29.95
2026-03-11T16:00,0.823,0.0,29.81
2026-03-11T17:00,0.82,0.0,29.7
2026-03-11T18:00,0.816,0.2,29.56
2026-03-11T19:00,0.812,0.0,29.42
2026-03-11T20:00,0.809,0.0,29.32
2026-03-11T21:00,0.807,0.0,29.25
2026-03-11T22:00,0.804,0.0,29.14
2026-03-11T23:00,0.801,0.0,29.04
2026-03-12T00:00,0.799,0.0,28.97
2026-03-12T01:00,0.796,0.0,28.86
2026-03-12T02:00,0.794,0.0,28.79
2026-03-12T03:00,0.79,1.8,28.65
2026-03-12T04:00,0.793,0.4,28.76
2026-03-12T05:00,0.792,0.0,28.72
2026-03-12T06:00,0.789,0.0,28.62
2026-03-12T07:00,0.787,0.2,28.55
2026-03-12T08:00,0.797,8.2,28.9
2026-03-12T09:00,0.833,4.2,30.16
2026-03-12T10:00,0.839,3.2,30.37
2026-03-12T11:00,0.843,4.8,30.51
2026-03-12T12:00,0.866,4.0,31.31
2026-03-12T13:00,0.883,5.2,31.91
2026-03-12T14:00,0.903,1.4,32.61
2026-03-12T15:00,0.9,0.0,32.5
2026-03-12T16:00,0.892,0.2,32.22
2026-03-12T17:00,0.879,0.0,31.77
2026-03-12T18:00,0.87,0.0,31.45
2026-03-12T19:00,0.861,0.0,31.14
2026-03-12T20:00,0.852,0.0,30.82
2026-03-12T21:00,0.847,0.0,30.65
2026-03-12T22:00,0.846,0.0,30.61
2026-03-12T23:00,0.845,0.0,30.58
2026-03-13T00:00,0.847,0.0,30.65
2026-03-13T01:00,0.85,0.0,30.75
2026-03-13T02:00,0.854,0.0,30.89
2026-03-13T03:00,0.86,0.0,31.1
2026-03-13T04:00,0.865,0.0,31.28
2026-03-13T05:00,0.869,0.0,31.42
2026-03-13T06:00,0.874,0.0,31.59
2026-03-13T07:00,0.881,0.0,31.84
2026-03-13T08:00,0.887,0.0,32.05
2026-03-13T09:00,0.893,0.0,32.26
2026-03-13T10:00,0.901,0.0,32.54
2026-03-13T11:00,0.908,0.0,32.78
2026-03-13T12:00,0.911,0.0,32.89
2026-03-13T13:00,0.929,0.0,33.52
2026-03-13T14:00,0.932,0.0,33.62
2026-03-13T15:00,0.942,0.0,33.97
2026-03-13T16:00,0.95,0.0,34.25
2026-03-13T17:00,0.959,0.0,34.57
2026-03-13T18:00,0.968,0.0,34.88
2026-03-13T19:00,0.976,0.0,35.16
2026-03-13T20:00,0.983,0.0,35.41
2026-03-13T21:00,0.99,0.0,35.65
2026-03-13T22:00,0.996,0.0,35.86
2026-03-13T23:00,1.0,0.0,36.0
2026-03-14T00:00,1.005,0.0,36.21
2026-03-14T01:00,1.007,0.0,36.3
2026-03-14T02:00,1.011,0.0,36.47
2026-03-14T03:00,1.015,0.0,36.64
2026-03-14T04:00,1.016,0.0,36.68
2026-03-14T05:00,1.019,0.0,36.81
2026-03-14T06:00,1.022,0.0,36.94
2026-03-14T07:00,1.022,0.0,36.94
2026-03-14T08:00,1.023,0.0,36.98
2026-03-14T09:00,1.024,0.0,37.02
2026-03-14T10:00,1.022,0.0,36.94
2026-03-14T11:00,1.021,0.0,36.89
2026-03-14T12:00,1.017,0.0,36.72
2026-03-14T13:00,1.008,0.0,36.34
2026-03-14T14:00,0.997,0.0,35.9
2026-03-14T15:00,0.992,0.0,35.72
2026-03-14T16:00,0.991,0.0,35.69
2026-03-14T17:00,0.995,0.0,35.83
2026-03-14T18:00,0.991,0.0,35.69
2026-03-14T19:00,0.986,0.0,35.51
2026-03-14T20:00,0.984,0.0,35.44
2026-03-14T21:00,0.982,0.0,35.37
2026-03-14T22:00,0.978,0.0,35.23
2026-03-14T23:00,0.977,0.0,35.2
2026-03-15T00:00,0.973,0.0,35.06
2026-03-15T01:00,0.97,0.0,34.95
2026-03-15T02:00,0.967,0.0,34.85
2026-03-15T03:00,0.965,0.0,34.78
2026-03-15T04:00,0.963,0.0,34.71
2026-03-15T05:00,0.961,0.0,34.64
2026-03-15T06:00,0.96,0.0,34.6
2026-03-15T07:00,0.959,0.0,34.57
2026-03-15T08:00,0.958,0.0,34.53
2026-03-15T09:00,0.958,0.0,34.53
2026-03-15T10:00,0.956,0.0,34.46
2026-03-15T11:00,0.956,0.0,34.46
2026-03-15T12:00,0.938,0.0,33.83
2026-03-15T13:00,0.941,0.0,33.94
2026-03-15T14:00,0.939,0.0,33.87
2026-03-15T15:00,0.933,0.0,33.66
2026-03-15T16:00,0.933,0.0,33.66
2026-03-15T17:00,0.94,0.0,33.9
2026-03-15T18:00,0.94,0.0,33.9
2026-03-15T19:00,0.937,0.0,33.8
2026-03-15T20:00,0.933,0.0,33.66
2026-03-15T21:00,0.93,0.0,33.55
2026-03-15T22:00,0.927,0.0,33.45
2026-03-15T23:00,0.924,0.0,33.34
2026-03-16T00:00,0.92,0.0,33.2
2026-03-16T01:00,0.917,0.0,33.1
2026-03-16T02:00,0.913,0.0,32.96
2026-03-16T03:00,0.91,0.0,32.85
2026-03-16T04:00,0.907,0.0,32.75
2026-03-16T05:00,0.903,0.0,32.61
2026-03-16T06:00,0.901,0.0,32.54
2026-03-16T07:00,0.899,0.0,32.47
2026-03-16T08:00,0.894,0.0,32.29
2026-03-16T09:00,0.893,0.0,32.26
2026-03-16T10:00,0.887,0.0,32.05
2026-03-16T11:00,0.883,0.0,31.91
2026-03-16T12:00,0.877,0.0,31.7
2026-03-16T13:00,0.873,0.0,31.56
2026-03-16T14:00,0.868,0.0,31.38
2026-03-16T15:00,0.862,0.0,31.17
2026-03-16T16:00,0.862,0.0,31.17
2026-03-16T17:00,0.858,0.0,31.03
2026-03-16T18:00,0.856,0.0,30.96
2026-03-16T19:00,0.855,0.0,30.93
2026-03-16T20:00,0.851,0.0,30.79
2026-03-16T21:00,0.849,0.0,30.72
2026-03-16T22:00,0.846,0.0,30.61
2026-03-16T23:00,0.844,0.0,30.54
2026-03-17T00:00,0.844,0.0,30.54
2026-03-17T01:00,0.842,0.0,30.47
2026-03-17T02:00,0.839,0.0,30.37
2026-03-17T03:00,0.836,0.0,30.26
2026-03-17T04:00,0.834,0.0,30.19
2026-03-17T05:00,0.83,0.0,30.05
2026-03-17T06:00,0.828,0.0,29.98
2026-03-17T07:00,0.825,0.0,29.88
2026-03-17T08:00,0.825,0.0,29.88
2026-03-17T09:00,0.826,0.0,29.91
2026-03-17T10:00,0.828,0.0,29.98
2026-03-17T11:00,0.833,0.0,30.16
2026-03-17T12:00,0.834,0.0,30.19
2026-03-17T13:00,0.836,0.0,30.26
2026-03-17T14:00,0.843,0.0,30.51
2026-03-17T15:00,0.847,0.0,30.65
2026-03-17T16:00,0.851,0.0,30.79
2026-03-17T17:00,0.857,0.0,31.0
2026-03-17T18:00,0.864,0.0,31.24
2026-03-17T19:00,0.868,0.0,31.38
2026-03-17T20:00,0.872,0.0,31.52
2026-03-17T21:00,0.877,0.0,31.7
2026-03-17T22:00,0.881,0.0,31.84
2026-03-17T23:00,0.885,0.0,31.98
2026-03-18T00:00,0.888,0.0,32.08
2026-03-18T01:00,0.891,0.0,32.19
2026-03-18T02:00,0.893,0.0,32.26
2026-03-18T03:00,0.899,0.0,32.47
2026-03-18T04:00,0.902,0.0,32.57
2026-03-18T05:00,0.905,0.0,32.68
2026-03-18T06:00,0.911,0.0,32.89
2026-03-18T07:00,0.917,0.0,33.1
2026-03-18T08:00,0.924,0.0,33.34
2026-03-18T09:00,0.93,0.0,33.55
2026-03-18T10:00,0.934,0.0,33.69
2026-03-18T11:00,0.946,0.0,34.11
2026-03-18T12:00,0.952,0.0,34.32
2026-03-18T13:00,0.954,0.0,34.39
2026-03-18T14:00,0.961,0.0,34.64
2026-03-18T15:00,0.967,0.0,34.85
2026-03-18T16:00,0.973,0.0,35.06
2026-03-18T17:00,0.981,0.0,35.34
2026-03-18T18:00,0.982,0.0,35.37
2026-03-18T19:00,0.988,0.0,35.58
2026-03-18T20:00,0.989,0.0,35.62
2026-03-18T21:00,0.991,0.0,35.69
2026-03-18T22:00,0.988,0.0,35.58
2026-03-18T23:00,0.988,0.0,35.58
2026-03-19T00:00,0.984,0.0,35.44
2026-03-19T01:00,0.979,0.0,35.27
2026-03-19T02:00,1.017,12.2,36.72
2026-03-19T03:00,1.005,3.4,36.21
2026-03-19T04:00,1.008,2.2,36.34
2026-03-19T05:00,1.022,0.2,36.94
2026-03-19T06:00,1.024,0.0,37.02
2026-03-19T07:00,1.024,0.0,37.02
2026-03-19T08:00,1.024,0.0,37.02
2026-03-19T09:00,1.026,0.0,37.11
2026-03-19T10:00,1.032,0.0,37.36
2026-03-19T11:00,1.038,0.0,37.62
2026-03-19T12:00,1.046,0.0,37.96
2026-03-19T13:00,1.05,0.0,38.13
2026-03-19T14:00,1.053,0.0,38.25
2026-03-19T15:00,1.054,0.0,38.3
2026-03-19T16:00,1.054,0.0,38.3
2026-03-19T17:00,1.052,0.0,38.21
2026-03-19T18:00,1.05,0.0,38.13
2026-03-19T19:00,1.044,0.0,37.87
2026-03-19T20:00,1.04,0.0,37.7
2026-03-19T21:00,1.035,0.0,37.49
2026-03-19T22:00,1.031,0.0,37.32
2026-03-19T23:00,1.026,0.0,37.11
2026-03-20T00:00,1.022,0.0,36.94
2026-03-20T01:00,1.017,0.0,36.72
2026-03-20T02:00,1.013,0.0,36.55
2026-03-20T03:00,1.011,0.0,36.47
2026-03-20T04:00,1.009,0.0,36.38
2026-03-20T05:00,1.004,0.0,36.17
2026-03-20T06:00,1.0,0.0,36.0
2026-03-20T07:00,0.996,0.0,35.86
2026-03-20T08:00,0.994,0.0,35.79
2026-03-20T09:00,0.988,0.0,35.58
2026-03-20T10:00,0.978,0.0,35.23
2026-03-20T11:00,0.975,0.0,35.13
2026-03-20T12:00,0.959,0.0,34.57
2026-03-20T13:00,0.958,0.0,34.53
2026-03-20T14:00,0.954,0.0,34.39
2026-03-20T15:00,0.946,0.0,34.11
2026-03-20T16:00,0.945,0.0,34.08
2026-03-20T17:00,0.943,0.0,34.01
2026-03-20T18:00,0.94,0.0,33.9
2026-03-20T19:00,0.937,0.0,33.8
2026-03-20T20:00,0.934,0.0,33.69
2026-03-20T21:00,0.932,0.0,33.62
2026-03-20T22:00,0.93,0.0,33.55
2026-03-20T23:00,0.926,0.0,33.41
2026-03-21T00:00,0.922,0.0,33.27
2026-03-21T01:00,0.918,0.0,33.13
2026-03-21T02:00,0.915,0.0,33.03
2026-03-21T03:00,0.912,0.0,32.92
2026-03-21T04:00,0.908,0.0,32.78
2026-03-21T05:00,0.904,0.0,32.64
2026-03-21T06:00,0.901,0.0,32.54
2026-03-21T07:00,0.896,0.0,32.36
2026-03-21T08:00,0.894,0.0,32.29
2026-03-21T09:00,0.887,0.0,32.05
2026-03-21T10:00,0.882,0.0,31.87
2026-03-21T11:00,0.878,0.0,31.73
2026-03-21T12:00,0.869,0.0,31.42
2026-03-21T13:00,0.857,0.0,31.0
2026-03-21T14:00,0.853,0.0,30.86
2026-03-21T15:00,0.839,0.0,30.37
2026-03-21T16:00,0.838,0.0,30.33
2026-03-21T17:00,0.833,0.0,30.16
2026-03-21T18:00,0.827,0.0,29.95
2026-03-21T19:00,0.826,0.0,29.91
2026-03-21T20:00,0.822,0.0,29.77
2026-03-21T21:00,0.818,0.0,29.63
2026-03-21T22:00,0.815,0.0,29.53
2026-03-21T23:00,0.811,0.0,29.39
2026-03-22T00:00,0.806,0.0,29.21
2026-03-22T01:00,0.803,0.0,29.11
2026-03-22T02:00,0.801,0.0,29.04
2026-03-22T03:00,0.8,0.0,29.0
2026-03-22T04:00,0.784,4.2,28.44
2026-03-22T05:00,0.922,10.0,33.27
2026-03-22T06:00,0.893,9.2,32.26
2026-03-22T07:00,1.103,18.8,40.38
2026-03-22T08:00,1.077,0.2,39.27
2026-03-22T09:00,1.052,0.0,38.21
2026-03-22T10:00,1.025,1.2,37.06
2026-03-22T11:00,1.001,0.2,36.04
2026-03-22T12:00,0.975,0.4,35.13
2026-03-22T13:00,0.957,0.0,34.5
2026-03-22T14:00,0.944,0.0,34.04
2026-03-22T15:00,0.937,0.0,33.8
2026-03-22T16:00,0.931,0.0,33.59
2026-03-22T17:00,0.927,0.0,33.45
2026-03-22T18:00,0.925,0.0,33.38
2026-03-22T19:00,0.924,0.0,33.34
2026-03-22T20:00,0.924,0.0,33.34
2026-03-22T21:00,0.927,0.0,33.45
2026-03-22T22:00,0.932,0.0,33.62
2026-03-22T23:00,0.94,0.0,33.9
2026-03-23T00:00,0.948,0.0,34.18
2026-03-23T01:00,0.958,0.0,34.53
2026-03-23T02:00,0.968,0.0,34.88
2026-03-23T03:00,0.978,0.0,35.23
2026-03-23T04:00,0.987,0.0,35.55
2026-03-23T05:00,0.997,0.0,35.9
2026-03-23T06:00,1.006,0.0,36.26
2026-03-23T07:00,1.017,0.0,36.72
2026-03-23T08:00,1.033,0.0,37.4
2026-03-23T09:00,1.045,0.0,37.91
2026-03-23T10:00,1.061,0.0,38.59
2026-03-23T11:00,1.075,0.0,39.19
2026-03-23T12:00,1.09,0.0,39.83
2026-03-23T13:00,1.102,0.0,40.34
2026-03-23T14:00,1.116,0.0,40.93
2026-03-23T15:00,1.13,0.0,41.53
2026-03-23T16:00,1.142,0.0,42.04
2026-03-23T17:00,1.158,0.0,42.72
2026-03-23T18:00,1.171,0.0,43.27
2026-03-23T19:00,1.185,0.0,43.86
2026-03-23T20:00,1.196,0.0,44.33
2026-03-23T21:00,1.207,0.0,44.82
2026-03-23T22:00,1.215,0.0,45.18
2026-03-23T23:00,1.221,0.0,45.45
2026-03-24T00:00,1.223,0.0,45.54
2026-03-24T01:00,1.224,0.0,45.58
2026-03-24T02:00,1.223,0.0,45.54
2026-03-24T03:00,1.22,0.0,45.4
2026-03-24T04:00,1.214,0.0,45.13
2026-03-24T05:00,1.209,0.0,44.91
2026-03-24T06:00,1.202,0.0,44.59
2026-03-24T07:00,1.193,0.0,44.2
2026-03-24T08:00,1.183,0.0,43.78
2026-03-24T09:00,1.171,0.0,43.27
2026-03-24T10:00,1.158,0.0,42.72
2026-03-24T11:00,1.144,0.0,42.12
2026-03-24T12:00,1.133,0.0,41.65
2026-03-24T13:00,1.119,0.0,41.06
2026-03-24T14:00,1.105,0.0,40.46
2026-03-24T15:00,1.088,0.0,39.74
2026-03-24T16:00,1.076,0.0,39.23
2026-03-24T17:00,1.063,0.0,38.68
2026-03-24T18:00,1.051,0.0,38.17
2026-03-24T19:00,1.037,0.0,37.57
2026-03-24T20:00,1.025,0.0,37.06
2026-03-24T21:00,1.013,0.0,36.55
2026-03-24T22:00,1.004,0.0,36.17
2026-03-24T23:00,0.992,0.0,35.72
2026-03-25T00:00,0.981,0.0,35.34
2026-03-25T01:00,0.972,0.0,35.02
2026-03-25T02:00,0.963,0.0,34.71
2026-03-25T03:00,0.956,0.0,34.46
2026-03-25T04:00,0.949,0.0,34.22
2026-03-25T05:00,0.944,0.0,34.04
2026-03-25T06:00,0.94,0.0,33.9
2026-03-25T07:00,0.938,0.0,33.83
2026-03-25T08:00,0.935,0.0,33.73
2026-03-25T09:00,0.933,0.0,33.66
2026-03-25T10:00,0.931,0.0,33.59
2026-03-25T11:00,0.93,0.0,33.55
2026-03-25T12:00,0.926,0.0,33.41
2026-03-25T13:00,0.917,0.0,33.1
2026-03-25T14:00,0.919,0.0,33.17
2026-03-25T15:00,0.915,0.0,33.03
2026-03-25T16:00,0.912,0.0,32.92
2026-03-25T17:00,0.907,0.0,32.75
2026-03-25T18:00,0.905,0.0,32.68
2026-03-25T19:00,0.901,0.0,32.54
2026-03-25T20:00,0.896,0.0,32.36
2026-03-25T21:00,0.892,0.0,32.22
2026-03-25T22:00,0.888,0.0,32.08
2026-03-25T23:00,0.881,0.0,31.84
2026-03-26T00:00,0.873,0.0,31.56
2026-03-26T01:00,0.866,0.0,31.31
2026-03-26T02:00,0.861,0.0,31.14
2026-03-26T03:00,0.854,0.0,30.89
2026-03-26T04:00,0.849,0.0,30.72
2026-03-26T05:00,0.843,0.0,30.51
2026-03-26T06:00,0.839,0.0,30.37
2026-03-26T07:00,0.835,0.0,30.23
2026-03-26T08:00,0.834,0.0,30.19
2026-03-26T09:00,0.831,0.0,30.09
2026-03-26T10:00,0.826,0.0,29.91
2026-03-26T11:00,0.826,0.0,29.91
2026-03-26T12:00,0.818,0.0,29.63
2026-03-26T13:00,0.823,0.0,29.81
2026-03-26T14:00,0.811,0.0,29.39
2026-03-26T15:00,0.817,0.0,29.6
2026-03-26T16:00,0.817,0.0,29.6
2026-03-26T17:00,0.815,0.0,29.53
2026-03-26T18:00,0.809,0.0,29.32
2026-03-26T19:00,0.812,0.0,29.42
2026-03-26T20:00,0.81,0.0,29.35
2026-03-26T21:00,0.809,0.0,29.32
2026-03-26T22:00,0.809,0.0,29.32
2026-03-26T23:00,0.805,0.0,29.18
2026-03-27T00:00,0.805,0.0,29.18
2026-03-27T01:00,0.802,0.0,29.07
2026-03-27T02:00,0.801,0.0,29.04
2026-03-27T03:00,0.8,0.0,29.0
2026-03-27T04:00,0.799,0.0,28.97
2026-03-27T05:00,0.795,0.0,28.83
2026-03-27T06:00,0.792,0.0,28.72
2026-03-27T07:00,0.791,0.0,28.69
2026-03-27T08:00,0.788,0.0,28.58
2026-03-27T09:00,0.786,0.0,28.51
2026-03-27T10:00,0.785,0.0,28.48
2026-03-27T11:00,0.784,0.0,28.44
2026-03-27T12:00,0.779,0.0,28.27
2026-03-27T13:00,0.777,0.0,28.2
2026-03-27T14:00,0.772,0.0,28.02
2026-03-27T15:00,0.769,0.0,27.92
2026-03-27T16:00,0.768,0.0,27.88
2026-03-27T17:00,0.762,0.0,27.67
2026-03-27T18:00,0.763,0.0,27.71
2026-03-27T19:00,0.76,0.0,27.6
2026-03-27T20:00,0.759,0.0,27.57
2026-03-27T21:00,0.758,0.0,27.53
2026-03-27T22:00,0.756,0.0,27.46
2026-03-27T23:00,0.753,0.0,27.36
2026-03-28T00:00,0.751,0.0,27.29
2026-03-28T01:00,0.748,0.0,27.18
2026-03-28T02:00,0.746,0.0,27.11
2026-03-28T03:00,0.744,0.0,27.04
2026-03-28T04:00,0.743,0.0,27.01
2026-03-28T05:00,0.741,0.0,26.94
2026-03-28T06:00,0.74,0.0,26.9
2026-03-28T07:00,0.738,0.0,26.83
2026-03-28T08:00,0.737,0.0,26.8
2026-03-28T09:00,0.737,0.0,26.8
2026-03-28T10:00,0.737,0.0,26.8
2026-03-28T11:00,0.74,0.0,26.9
2026-03-28T12:00,0.736,0.0,26.76
2026-03-28T13:00,0.735,0.0,26.73
2026-03-28T14:00,0.733,0.0,26.66
2026-03-28T15:00,0.731,0.0,26.59
2026-03-28T16:00,0.73,0.0,26.55
2026-03-28T17:00,0.73,0.0,26.55
2026-03-28T18:00,0.729,0.0,26.52
2026-03-28T19:00,0.729,0.0,26.52
2026-03-28T20:00,0.727,0.0,26.45
2026-03-28T21:00,0.728,0.0,26.48
2026-03-28T22:00,0.725,0.0,26.38
2026-03-28T23:00,0.724,0.0,26.34
2026-03-29T00:00,0.723,0.0,26.31
2026-03-29T01:00,0.722,0.0,26.27
2026-03-29T02:00,0.721,0.0,26.24
2026-03-29T03:00,0.722,0.0,26.27
2026-03-29T04:00,0.72,0.0,26.2
2026-03-29T05:00,0.72,0.0,26.2
2026-03-29T06:00,0.719,0.0,26.17
2026-03-29T07:00,0.717,0.0,26.1
2026-03-29T08:00,0.715,0.0,26.03
2026-03-29T09:00,0.714,0.0,25.99
2026-03-29T10:00,0.71,0.0,25.85
2026-03-29T11:00,0.709,0.0,25.82
2026-03-29T12:00,0.706,0.0,25.71
2026-03-29T13:00,0.701,0.0,25.54
2026-03-29T14:00,0.695,0.0,25.33
2026-03-29T15:00,0.696,0.0,25.36
2026-03-29T16:00,0.693,0.0,25.26
2026-03-29T17:00,0.694,0.0,25.29
2026-03-29T18:00,0.693,0.0,25.26
2026-03-29T19:00,0.693,0.0,25.26
2026-03-29T20:00,0.693,0.0,25.26
2026-03-29T21:00,0.693,0.0,25.26
2026-03-29T22:00,0.693,0.0,25.26
2026-03-29T23:00,0.692,0.0,25.22
2026-03-30T00:00,0.69,0.0,25.15
2026-03-30T01:00,0.687,0.0,25.05
2026-03-30T02:00,0.684,0.0,24.94
2026-03-30T03:00,0.682,0.0,24.87
2026-03-30T04:00,0.679,0.0,24.77
2026-03-30T05:00,0.675,0.0,24.63
2026-03-30T06:00,0.672,0.0,24.52
2026-03-30T07:00,0.671,0.0,24.49
2026-03-30T08:00,0.669,0.0,24.42
2026-03-30T09:00,0.668,0.0,24.38
2026-03-30T10:00,0.668,0.0,24.38
2026-03-30T11:00,0.669,0.0,24.42
2026-03-30T12:00,0.669,0.0,24.42
2026-03-30T13:00,0.668,0.0,24.38
2026-03-30T14:00,0.664,0.0,24.24
2026-03-30T15:00,0.653,0.0,23.86
2026-03-30T16:00,0.677,0.2,24.7
2026-03-30T17:00,0.685,0.0,24.98
2026-03-30T18:00,0.688,0.0,25.08
2026-03-30T19:00,0.692,0.0,25.22
2026-03-30T20:00,0.695,0.0,25.33
2026-03-30T21:00,0.698,0.0,25.43
2026-03-30T22:00,0.702,0.0,25.57
2026-03-30T23:00,0.705,0.0,25.68
2026-03-31T00:00,0.707,0.0,25.75
2026-03-31T01:00,0.709,0.0,25.82
2026-03-31T02:00,0.711,0.0,25.89
2026-03-31T03:00,0.712,0.0,25.92
2026-03-31T04:00,0.711,0.0,25.89
2026-03-31T05:00,0.709,0.0,25.82
2026-03-31T06:00,0.708,0.0,25.78
2026-03-31T07:00,0.706,0.0,25.71
2026-03-31T08:00,0.704,0.0,25.64
2026-03-31T09:00,0.703,0.2,25.61
2026-03-31T10:00,0.7,0.0,25.5
2026-03-31T11:00,0.698,0.0,25.43
2026-03-31T12:00,0.69,0.0,25.15
2026-03-31T13:00,0.697,0.0,25.4
2026-03-31T14:00,0.722,4.4,26.27
2026-03-31T15:00,0.728,0.0,26.48
2026-03-31T16:00,0.714,0.0,25.99
2026-03-31T17:00,0.706,0.0,25.71
2026-03-31T18:00,0.701,0.0,25.54
2026-03-31T19:00,0.697,0.0,25.4
2026-03-31T20:00,0.693,0.0,25.26
2026-03-31T21:00,0.688,0.0,25.08
2026-03-31T22:00,0.685,0.0,24.98
2026-03-31T23:00,0.68,0.0,24.8
2026-04-01T00:00,0.674,0.0,24.59
2026-04-01T01:00,0.668,0.0,24.38
2026-04-01T02:00,0.664,0.0,24.24
2026-04-01T03:00,0.659,0.0,24.07
2026-04-01T04:00,0.654,0.0,23.89
2026-04-01T05:00,0.65,0.0,23.75
2026-04-01T06:00,0.647,0.0,23.65
2026-04-01T07:00,0.643,0.0,23.51
2026-04-01T08:00,0.642,0.0,23.47
2026-04-01T09:00,0.639,0.0,23.37
2026-04-01T10:00,0.641,0.0,23.44
2026-04-01T11:00,0.64,0.0,23.4
2026-04-01T12:00,0.642,0.0,23.47
2026-04-01T13:00,0.643,0.0,23.51
2026-04-01T14:00,0.643,0.0,23.51
2026-04-01T15:00,0.644,0.0,23.54
2026-04-01T16:00,0.648,0.0,23.68
2026-04-01T17:00,0.651,0.0,23.79
2026-04-01T18:00,0.652,0.0,23.82
2026-04-01T19:00,0.653,0.0,23.86
2026-04-01T20:00,0.653,0.0,23.86
2026-04-01T21:00,0.652,0.0,23.82
2026-04-01T22:00,0.651,0.0,23.79
2026-04-01T23:00,0.65,0.0,23.75
2026-04-02T00:00,0.647,0.0,23.65
2026-04-02T01:00,0.643,0.0,23.51
2026-04-02T02:00,0.639,0.0,23.37
2026-04-02T03:00,0.636,0.0,23.26
2026-04-02T04:00,0.633,0.0,23.16
2026-04-02T05:00,0.632,0.0,23.12
2026-04-02T06:00,0.63,0.0,23.05
2026-04-02T07:00,0.631,0.0,23.09
2026-04-02T08:00,0.631,0.0,23.09
2026-04-02T09:00,0.624,0.0,22.84
2026-04-02T11:00,0.627,0.0,22.95
2026-04-02T12:00,0.622,0.0,22.77
2026-04-02T13:00,0.629,0.0,23.02
2026-04-02T14:00,0.63,0.0,23.05
2026-04-02T15:00,0.637,0.0,23.3
2026-04-02T16:00,0.631,0.0,23.09
2026-04-02T17:00,0.644,0.0,23.54
2026-04-02T18:00,0.647,0.0,23.65
2026-04-02T19:00,0.647,0.0,23.65
2026-04-02T20:00,0.648,0.0,23.68
2026-04-02T21:00,0.647,0.0,23.65
2026-04-02T22:00,0.646,0.0,23.61
2026-04-02T23:00,0.647,0.0,23.65
2026-04-03T00:00,0.646,0.0,23.61
2026-04-03T01:00,0.647,0.0,23.65
2026-04-03T02:00,0.648,0.0,23.68
2026-04-03T03:00,0.65,0.0,23.75
2026-04-03T04:00,0.651,0.0,23.79
2026-04-03T05:00,0.652,0.0,23.82
2026-04-03T06:00,0.652,0.0,23.82
2026-04-03T07:00,0.653,0.0,23.86
2026-04-03T08:00,0.653,0.0,23.86
2026-04-03T09:00,0.654,0.0,23.89
2026-04-03T10:00,0.655,0.0,23.93
2026-04-03T11:00,0.653,0.0,23.86
2026-04-03T12:00,0.639,0.0,23.37
2026-04-03T13:00,0.637,0.0,23.3
2026-04-03T14:00,0.638,0.0,23.33
2026-04-03T15:00,0.646,0.0,23.61
2026-04-03T16:00,0.648,0.0,23.68
2026-04-03T17:00,0.645,0.0,23.58
2026-04-03T18:00,0.646,0.0,23.61
2026-04-03T19:00,0.643,0.0,23.51
2026-04-03T20:00,0.643,0.0,23.51
2026-04-03T21:00,0.643,0.0,23.51
2026-04-03T22:00,0.642,0.0,23.47
2026-04-03T23:00,0.641,0.0,23.44
2026-04-04T00:00,0.64,0.0,23.4
2026-04-04T01:00,0.639,0.0,23.37
2026-04-04T02:00,0.637,0.0,23.3
2026-04-04T03:00,0.637,0.0,23.3
2026-04-04T04:00,0.637,0.0,23.3
2026-04-04T05:00,0.637,0.0,23.3
2026-04-04T06:00,0.636,0.0,23.26
2026-04-04T07:00,0.636,0.0,23.26
2026-04-04T08:00,0.635,0.0,23.23
2026-04-04T09:00,0.637,0.0,23.3
2026-04-04T10:00,0.634,0.0,23.19
2026-04-04T11:00,0.637,0.0,23.3
2026-04-04T12:00,0.627,0.0,22.95
2026-04-04T13:00,0.629,0.0,23.02
2026-04-04T14:00,0.625,0.0,22.88
2026-04-04T15:00,0.633,0.0,23.16
2026-04-04T16:00,0.628,0.0,22.98
2026-04-04T17:00,0.634,0.0,23.19
2026-04-04T18:00,0.635,0.0,23.23
2026-04-04T19:00,0.636,0.0,23.26
2026-04-04T20:00,0.634,0.0,23.19
2026-04-04T21:00,0.634,0.0,23.19
2026-04-04T22:00,0.633,0.0,23.16
2026-04-04T23:00,0.631,0.0,23.09
2026-04-05T00:00,0.629,0.0,23.02
2026-04-05T01:00,0.627,0.0,22.95
2026-04-05T02:00,0.627,0.0,22.95
2026-04-05T03:00,0.626,0.0,22.91
2026-04-05T04:00,0.625,0.0,22.88
2026-04-05T05:00,0.624,0.0,22.84
2026-04-05T06:00,0.624,0.0,22.84
2026-04-05T07:00,0.623,0.0,22.81
2026-04-05T08:00,0.622,0.0,22.77
2026-04-05T09:00,0.623,0.0,22.81
2026-04-05T10:00,0.622,0.0,22.77
2026-04-05T11:00,0.624,0.0,22.84
2026-04-05T12:00,0.619,0.0,22.67
2026-04-05T13:00,0.621,0.0,22.74
2026-04-05T14:00,0.619,0.0,22.67
2026-04-05T15:00,0.615,0.0,22.53
2026-04-05T16:00,0.612,0.0,22.42
2026-04-05T17:00,0.61,0.0,22.35
2026-04-05T18:00,0.609,0.0,22.32
2026-04-05T19:00,0.61,0.0,22.35
2026-04-05T20:00,0.61,0.0,22.35
2026-04-05T21:00,0.607,0.0,22.25
2026-04-05T22:00,0.606,0.0,22.21
2026-04-05T23:00,0.601,0.0,22.04
2026-04-06T00:00,0.599,0.0,21.97
2026-04-06T01:00,0.596,0.0,21.89
2026-04-06T02:00,0.592,0.0,21.78
2026-04-06T03:00,0.589,0.0,21.7
2026-04-06T04:00,0.586,0.0,21.62
2026-04-06T05:00,0.584,0.0,21.56
2026-04-06T06:00,0.581,0.0,21.48
2026-04-06T07:00,0.579,0.0,21.42
2026-04-06T08:00,0.576,0.0,21.34
2026-04-06T09:00,0.574,0.0,21.29
2026-04-06T10:00,0.572,0.0,21.23
2026-04-06T11:00,0.571,0.0,21.2
2026-04-06T12:00,0.57,0.0,21.18
2026-04-06T13:00,0.574,0.0,21.29
2026-04-06T14:00,0.574,0.0,21.29
2026-04-06T15:00,0.577,0.0,21.37
2026-04-06T16:00,0.58,0.0,21.45
2026-04-06T17:00,0.584,0.0,21.56
2026-04-06T18:00,0.588,0.0,21.67
2026-04-06T19:00,0.594,0.0,21.84
2026-04-06T20:00,0.597,0.0,21.92
2026-04-06T21:00,0.601,0.0,22.04
2026-04-06T22:00,0.603,0.0,22.11
2026-04-06T23:00,0.604,0.0,22.14
2026-04-07T00:00,0.606,0.0,22.21
2026-04-07T01:00,0.607,0.0,22.25
2026-04-07T02:00,0.609,0.0,22.32
2026-04-07T03:00,0.611,0.0,22.39
2026-04-07T04:00,0.613,0.0,22.46
2026-04-07T05:00,0.615,0.0,22.53
2026-04-07T06:00,0.616,0.0,22.56
2026-04-07T07:00,0.617,0.0,22.6
2026-04-07T08:00,0.619,0.0,22.67
2026-04-07T09:00,0.62,0.0,22.7
2026-04-07T10:00,0.62,0.0,22.7
2026-04-07T11:00,0.622,0.0,22.77
2026-04-07T12:00,0.619,0.0,22.67
2026-04-07T13:00,0.615,0.0,22.53
2026-04-07T14:00,0.617,0.0,22.6
2026-04-07T15:00,0.611,0.0,22.39
2026-04-07T16:00,0.618,0.0,22.63
2026-04-07T17:00,0.618,0.0,22.63
2026-04-07T18:00,0.619,0.0,22.67
2026-04-07T19:00,0.619,0.0,22.67
2026-04-07T20:00,0.62,0.0,22.7
2026-04-07T21:00,0.62,0.0,22.7
2026-04-07T22:00,0.659,9.2,24.07
2026-04-07T23:00,0.739,11.2,26.87
2026-04-08T00:00,0.714,1.2,25.99
2026-04-08T01:00,0.714,1.4,25.99
2026-04-08T02:00,0.718,0.2,26.13
2026-04-08T03:00,0.71,0.0,25.85
2026-04-08T04:00,0.701,0.0,25.54
2026-04-08T05:00,0.694,0.0,25.29
2026-04-08T06:00,0.684,0.0,24.94
2026-04-08T07:00,0.683,0.0,24.91
2026-04-08T08:00,0.729,12.6,26.52
2026-04-08T09:00,0.764,0.4,27.74
2026-04-08T10:00,0.754,0.0,27.39
2026-04-08T11:00,0.743,0.8,27.01
2026-04-08T12:00,0.736,0.0,26.76
2026-04-08T13:00,0.733,0.0,26.66
2026-04-08T14:00,0.715,0.2,26.03
2026-04-08T15:00,0.71,0.0,25.85
2026-04-08T16:00,0.711,0.0,25.89
2026-04-08T17:00,0.716,0.0,26.06
2026-04-08T18:00,0.734,0.0,26.69
2026-04-08T19:00,0.736,0.0,26.76
2026-04-08T20:00,0.74,0.0,26.9
2026-04-08T21:00,0.746,0.0,27.11
2026-04-08T22:00,0.752,0.0,27.32
2026-04-08T23:00,0.758,0.0,27.53
2026-04-09T00:00,0.766,0.0,27.81
2026-04-09T01:00,0.775,0.0,28.13
2026-04-09T02:00,0.785,0.0,28.48
2026-04-09T03:00,0.796,0.0,28.86
2026-04-09T04:00,0.808,0.0,29.28
2026-04-09T05:00,0.818,0.0,29.63
2026-04-09T06:00,0.829,0.0,30.02
2026-04-09T07:00,0.841,0.0,30.44
2026-04-09T08:00,0.854,0.0,30.89
2026-04-09T09:00,0.862,0.0,31.17
2026-04-09T10:00,0.865,0.0,31.28
2026-04-09T11:00,0.88,0.0,31.8
2026-04-09T12:00,0.886,0.0,32.01
2026-04-09T13:00,0.898,0.0,32.43
2026-04-09T14:00,0.907,0.0,32.75
2026-04-09T15:00,0.916,0.0,33.06
2026-04-09T16:00,0.928,0.0,33.48
2026-04-09T17:00,0.935,0.0,33.73
2026-04-09T18:00,0.941,0.0,33.94
2026-04-09T19:00,0.942,0.0,33.97
2026-04-09T20:00,0.944,0.0,34.04
2026-04-09T21:00,0.943,0.0,34.01
2026-04-09T22:00,0.942,0.0,33.97
2026-04-09T23:00,0.941,0.0,33.94
2026-04-10T00:00,0.935,0.0,33.73
2026-04-10T01:00,0.928,0.0,33.48
2026-04-10T02:00,0.923,0.0,33.31
2026-04-10T03:00,0.916,0.0,33.06
2026-04-10T04:00,0.909,0.0,32.82
2026-04-10T05:00,0.901,0.0,32.54
2026-04-10T06:00,0.893,0.0,32.26
2026-04-10T07:00,0.886,0.0,32.01
2026-04-10T08:00,0.878,0.0,31.73
2026-04-10T09:00,0.87,0.0,31.45
2026-04-10T10:00,0.862,0.0,31.17
2026-04-10T11:00,0.856,0.0,30.96
2026-04-10T12:00,0.852,0.0,30.82
2026-04-10T13:00,0.848,0.0,30.68
2026-04-10T14:00,0.843,0.0,30.51
2026-04-10T15:00,0.839,0.0,30.37
2026-04-10T16:00,0.838,0.0,30.33
2026-04-10T17:00,0.833,0.0,30.16
2026-04-10T18:00,0.833,0.0,30.16
2026-04-10T19:00,0.831,0.0,30.09
2026-04-10T20:00,0.829,0.0,30.02
2026-04-10T21:00,0.826,0.0,29.91
2026-04-10T22:00,0.821,0.0,29.74
2026-04-10T23:00,0.819,0.0,29.67
2026-04-11T00:00,0.815,0.0,29.53
2026-04-11T01:00,0.812,0.0,29.42
2026-04-11T02:00,0.808,0.0,29.28
2026-04-11T03:00,0.806,0.0,29.21
2026-04-11T04:00,0.802,0.0,29.07
2026-04-11T05:00,0.8,0.0,29.0
2026-04-11T06:00,0.796,0.0,28.86
2026-04-11T07:00,0.793,0.0,28.76
2026-04-11T08:00,0.791,0.0,28.69
2026-04-11T09:00,0.789,0.0,28.62
2026-04-11T10:00,0.785,0.0,28.48
2026-04-11T11:00,0.782,0.0,28.37
2026-04-11T12:00,0.782,0.0,28.37
2026-04-11T13:00,0.78,0.0,28.3
2026-04-11T14:00,0.777,0.0,28.2
2026-04-11T15:00,0.774,0.0,28.09
2026-04-11T16:00,0.771,0.0,27.99
2026-04-11T17:00,0.765,0.0,27.78
2026-04-11T18:00,0.764,0.0,27.74
2026-04-11T19:00,0.76,0.0,27.6
2026-04-11T20:00,0.755,0.0,27.43
2026-04-11T21:00,0.752,0.0,27.32
2026-04-11T22:00,0.748,0.0,27.18
2026-04-11T23:00,0.743,0.0,27.01
2026-04-12T00:00,0.737,0.0,26.8
2026-04-12T01:00,0.733,0.0,26.66
2026-04-12T02:00,0.727,0.0,26.45
2026-04-12T03:00,0.725,0.0,26.38
2026-04-12T04:00,0.722,0.0,26.27
2026-04-12T05:00,0.719,0.0,26.17
2026-04-12T06:00,0.714,0.0,25.99
2026-04-12T07:00,0.713,0.0,25.96
2026-04-12T08:00,0.713,0.0,25.96
2026-04-12T09:00,0.71,0.0,25.85
2026-04-12T10:00,0.705,0.0,25.68
2026-04-12T11:00,0.706,0.0,25.71
2026-04-12T12:00,0.706,0.0,25.71
2026-04-12T13:00,0.707,0.0,25.75
2026-04-12T14:00,0.707,0.0,25.75
2026-04-12T15:00,0.706,0.0,25.71
2026-04-12T16:00,0.705,0.0,25.68
2026-04-12T17:00,0.702,0.0,25.57
2026-04-12T18:00,0.695,0.0,25.33
2026-04-12T19:00,0.7,0.0,25.5
2026-04-12T20:00,0.7,0.0,25.5
2026-04-12T21:00,0.698,0.0,25.43
2026-04-12T22:00,0.696,0.0,25.36
2026-04-12T23:00,0.694,0.0,25.29
2026-04-13T00:00,0.689,0.0,25.12
2026-04-13T01:00,0.687,0.0,25.05
2026-04-13T02:00,0.683,0.0,24.91
2026-04-13T03:00,0.682,0.0,24.87
2026-04-13T04:00,0.68,0.0,24.8
2026-04-13T05:00,0.677,0.0,24.7
2026-04-13T06:00,0.675,0.0,24.63
2026-04-13T07:00,0.671,0.0,24.49
2026-04-13T08:00,0.67,0.0,24.45
2026-04-13T09:00,0.667,0.0,24.35
2026-04-13T10:00,0.663,0.0,24.21
2026-04-13T11:00,0.661,0.0,24.14
2026-04-13T12:00,0.657,0.0,24.0
2026-04-13T13:00,0.654,0.0,23.89
2026-04-13T14:00,0.652,0.0,23.82
2026-04-13T15:00,0.648,0.0,23.68
2026-04-13T16:00,0.648,0.0,23.68
2026-04-13T17:00,0.645,0.0,23.58
2026-04-13T18:00,0.643,0.0,23.51
2026-04-13T19:00,0.642,0.0,23.47
2026-04-13T20:00,0.64,0.0,23.4
2026-04-13T21:00,0.639,0.0,23.37
2026-04-13T22:00,0.637,0.0,23.3
2026-04-13T23:00,0.635,0.0,23.23
2026-04-14T00:00,0.633,0.0,23.16
2026-04-14T01:00,0.631,0.0,23.09
2026-04-14T02:00,0.629,0.0,23.02
2026-04-14T03:00,0.629,0.0,23.02
2026-04-14T04:00,0.628,0.0,22.98
2026-04-14T05:00,0.628,0.0,22.98
2026-04-14T06:00,0.628,0.0,22.98
2026-04-14T07:00,0.628,0.0,22.98
2026-04-14T08:00,0.627,0.0,22.95
2026-04-14T09:00,0.627,0.0,22.95
2026-04-14T10:00,0.626,0.0,22.91
2026-04-14T11:00,0.623,0.0,22.81
2026-04-14T12:00,0.624,0.0,22.84
2026-04-14T13:00,0.623,0.0,22.81
2026-04-14T14:00,0.622,0.0,22.77
2026-04-14T15:00,0.622,0.0,22.77
2026-04-14T16:00,0.619,0.0,22.67
2026-04-14T17:00,0.617,0.0,22.6
2026-04-14T18:00,0.614,0.0,22.49
2026-04-14T19:00,0.61,0.0,22.35
2026-04-14T20:00,0.609,0.0,22.32
2026-04-14T21:00,0.609,0.0,22.32
2026-04-14T22:00,0.609,0.0,22.32
2026-04-14T23:00,0.607,0.0,22.25
2026-04-15T00:00,0.608,0.0,22.28
2026-04-15T01:00,0.608,0.0,22.28
2026-04-15T02:00,0.61,0.0,22.35
2026-04-15T03:00,0.61,0.0,22.35
2026-04-15T04:00,0.611,0.0,22.39
2026-04-15T05:00,0.613,0.0,22.46
2026-04-15T06:00,0.614,0.0,22.49
2026-04-15T07:00,0.615,0.0,22.53
2026-04-15T08:00,0.616,0.0,22.56
2026-04-15T09:00,0.614,0.0,22.49
2026-04-15T10:00,0.613,0.0,22.46
2026-04-15T11:00,0.611,0.0,22.39
2026-04-15T12:00,0.61,0.0,22.35
2026-04-15T13:00,0.605,0.0,22.18
2026-04-15T14:00,0.612,0.0,22.42
2026-04-15T15:00,0.606,0.0,22.21
2026-04-15T16:00,0.609,0.0,22.32
2026-04-15T17:00,0.608,0.0,22.28
2026-04-15T18:00,0.605,0.0,22.18
2026-04-15T19:00,0.601,0.0,22.04
2026-04-15T20:00,0.599,0.0,21.97
2026-04-15T21:00,0.598,0.0,21.95
2026-04-15T22:00,0.595,0.0,21.86
2026-04-15T23:00,0.592,0.0,21.78
2026-04-16T00:00,0.592,0.0,21.78
2026-04-16T01:00,0.592,0.0,21.78
2026-04-16T02:00,0.59,0.0,21.73
2026-04-16T03:00,0.591,0.0,21.75
2026-04-16T04:00,0.591,0.0,21.75
2026-04-16T05:00,0.591,0.0,21.75
2026-04-16T06:00,0.592,0.0,21.78
2026-04-16T07:00,0.593,0.0,21.81
2026-04-16T08:00,0.594,0.0,21.84
2026-04-16T09:00,0.594,0.0,21.84
2026-04-16T10:00,0.595,0.0,21.86
2026-04-16T11:00,0.596,0.0,21.89
2026-04-16T12:00,0.597,0.0,21.92
2026-04-16T13:00,0.599,0.0,21.97
2026-04-16T14:00,0.589,0.0,21.7
2026-04-16T15:00,0.597,0.0,21.92
2026-04-16T16:00,0.595,0.0,21.86
2026-04-16T17:00,0.595,0.0,21.86
2026-04-16T18:00,0.592,0.0,21.78
2026-04-16T19:00,0.59,0.0,21.73
2026-04-16T20:00,0.588,0.0,21.67
2026-04-16T21:00,0.591,1.6,21.75
2026-04-16T22:00,0.595,1.6,21.86
2026-04-16T23:00,0.591,0.0,21.75
2026-04-17T00:00,0.587,0.0,21.64
2026-04-17T01:00,0.585,0.0,21.59
2026-04-17T02:00,0.583,0.0,21.53
2026-04-17T03:00,0.583,0.0,21.53
2026-04-17T04:00,0.584,0.2,21.56
2026-04-17T05:00,0.583,0.0,21.53
2026-04-17T06:00,0.584,0.0,21.56
2026-04-17T07:00,0.585,0.0,21.59
2026-04-17T08:00,0.584,0.0,21.56
2026-04-17T09:00,0.582,0.0,21.51
2026-04-17T10:00,0.581,0.0,21.48
2026-04-17T11:00,0.579,0.0,21.42
2026-04-17T12:00,0.573,0.0,21.26
2026-04-17T13:00,0.565,0.0,21.04
2026-04-17T14:00,0.56,0.0,20.9
2026-04-17T15:00,0.562,0.0,20.96
2026-04-17T16:00,0.567,0.0,21.09
2026-04-17T17:00,0.563,0.0,20.98
2026-04-17T18:00,0.555,0.0,20.76
2026-04-17T19:00,0.555,0.0,20.76
2026-04-17T20:00,0.55,0.0,20.63
2026-04-17T21:00,0.545,0.0,20.49
2026-04-17T22:00,0.54,0.0,20.35
2026-04-17T23:00,0.535,0.0,20.21
2026-04-18T00:00,0.53,0.0,20.08
2026-04-18T01:00,0.525,0.0,19.94
2026-04-18T02:00,0.522,0.0,19.86
2026-04-18T03:00,0.521,0.0,19.83
2026-04-18T04:00,0.521,0.0,19.83
2026-04-18T05:00,0.519,0.0,19.77
2026-04-18T06:00,0.518,0.0,19.75
2026-04-18T07:00,0.519,0.0,19.77
2026-04-18T08:00,0.522,0.0,19.86
2026-04-18T09:00,0.523,0.0,19.88
2026-04-18T10:00,0.524,0.0,19.91
2026-04-18T11:00,0.525,0.0,19.94
2026-04-18T12:00,0.516,0.0,19.69
2026-04-18T13:00,0.526,0.0,19.97
2026-04-18T14:00,0.526,0.0,19.97
2026-04-18T15:00,0.527,0.0,19.99
2026-04-18T16:00,0.537,0.0,20.27
2026-04-18T17:00,0.54,0.0,20.35
2026-04-18T18:00,0.54,0.0,20.35
2026-04-18T19:00,0.54,0.0,20.35
2026-04-18T20:00,0.539,0.0,20.32
2026-04-18T21:00,0.541,0.0,20.38
2026-04-18T22:00,0.541,0.0,20.38
2026-04-18T23:00,0.54,0.0,20.35
2026-04-19T00:00,0.54,0.0,20.35
2026-04-19T01:00,0.538,0.0,20.3
2026-04-19T02:00,0.538,0.0,20.3
2026-04-19T03:00,0.538,0.0,20.3
2026-04-19T04:00,0.541,0.0,20.38
2026-04-19T05:00,0.541,0.0,20.38
2026-04-19T06:00,0.539,0.0,20.32
2026-04-19T07:00,0.539,0.0,20.32
2026-04-19T08:00,0.54,0.0,20.35
2026-04-19T09:00,0.541,0.0,20.38
2026-04-19T10:00,0.541,0.0,20.38
2026-04-19T11:00,0.542,0.0,20.41
2026-04-19T12:00,0.543,0.0,20.43
2026-04-19T13:00,0.541,0.0,20.38
2026-04-19T14:00,0.54,0.0,20.35
2026-04-19T15:00,0.537,0.0,20.27
2026-04-19T16:00,0.534,0.0,20.19
2026-04-19T17:00,0.534,0.0,20.19
2026-04-19T18:00,0.535,0.0,20.21
2026-04-19T19:00,0.534,0.0,20.19
2026-04-19T20:00,0.534,0.0,20.19
2026-04-19T21:00,0.533,0.0,20.16
2026-04-19T22:00,0.531,0.0,20.1
2026-04-19T23:00,0.53,0.0,20.08
2026-04-20T00:00,0.53,0.0,20.08
2026-04-20T01:00,0.529,0.0,20.05
2026-04-20T02:00,0.528,0.0,20.02
2026-04-20T03:00,0.53,0.0,20.08
2026-04-20T04:00,0.53,0.0,20.08
2026-04-20T05:00,0.531,0.0,20.1
2026-04-20T06:00,0.53,0.0,20.08
2026-04-20T07:00,0.531,0.0,20.1
2026-04-20T08:00,0.531,0.0,20.1
2026-04-20T09:00,0.531,0.0,20.1
2026-04-20T10:00,0.531,0.0,20.1
2026-04-20T11:00,0.529,0.0,20.05
2026-04-20T12:00,0.532,0.0,20.13
2026-04-20T13:00,0.531,0.0,20.1
2026-04-20T14:00,0.531,0.0,20.1
2026-04-20T15:00,0.529,0.0,20.05
2026-04-20T16:00,0.531,0.0,20.1
2026-04-20T17:00,0.534,0.0,20.19
2026-04-20T18:00,0.535,0.0,20.21
2026-04-20T19:00,0.538,0.0,20.3
2026-04-20T20:00,0.539,0.0,20.32
2026-04-20T21:00,0.543,0.0,20.43
2026-04-20T22:00,0.545,0.0,20.49
2026-04-20T23:00,0.546,0.0,20.52
2026-04-21T00:00,0.548,0.0,20.57
2026-04-21T01:00,0.549,0.0,20.6
2026-04-21T02:00,0.551,0.0,20.65
2026-04-21T03:00,0.553,0.0,20.71
2026-04-21T04:00,0.555,0.0,20.76
2026-04-21T05:00,0.555,0.0,20.76
2026-04-21T06:00,0.554,0.0,20.74
2026-04-21T07:00,0.554,0.0,20.74
2026-04-21T08:00,0.554,0.0,20.74
2026-04-21T09:00,0.55,0.0,20.63
2026-04-21T10:00,0.548,0.0,20.57
2026-04-21T11:00,0.547,0.0,20.54
2026-04-21T12:00,0.545,0.0,20.49
2026-04-21T13:00,0.542,0.0,20.41
2026-04-21T14:00,0.541,0.0,20.38
2026-04-21T15:00,0.538,0.0,20.3
2026-04-21T16:00,0.535,0.0,20.21
2026-04-21T17:00,0.533,0.0,20.16
2026-04-21T18:00,0.533,0.0,20.16
2026-04-21T19:00,0.532,0.0,20.13
2026-04-21T20:00,0.531,0.0,20.1
2026-04-21T21:00,0.531,0.0,20.1
2026-04-21T22:00,0.532,0.0,20.13
2026-04-21T23:00,0.532,0.0,20.13
2026-04-22T00:00,0.531,0.0,20.1
2026-04-22T01:00,0.53,0.0,20.08
2026-04-22T02:00,0.53,0.0,20.08
2026-04-22T03:00,0.531,0.0,20.1
2026-04-22T04:00,0.533,0.0,20.16
2026-04-22T05:00,0.53,0.0,20.08
2026-04-22T06:00,0.53,0.0,20.08
2026-04-22T07:00,0.53,0.0,20.08
2026-04-22T08:00,0.529,0.0,20.05
2026-04-22T09:00,0.528,0.0,20.02
2026-04-22T10:00,0.527,0.0,19.99
2026-04-22T11:00,0.528,0.0,20.02
2026-04-22T12:00,0.525,0.0,19.94
2026-04-22T13:00,0.516,0.0,19.69
2026-04-22T14:00,0.518,0.0,19.75
2026-04-22T15:00,0.514,0.0,19.64
2026-04-22T16:00,0.509,0.0,19.5
2026-04-22T17:00,0.506,0.0,19.42
2026-04-22T18:00,0.502,0.0,19.31
2026-04-22T19:00,0.499,0.0,19.22
2026-04-22T20:00,0.495,0.0,19.11
2026-04-22T21:00,0.492,0.0,19.03
2026-04-22T22:00,0.489,0.0,18.95
2026-04-22T23:00,0.484,0.0,18.81
2026-04-23T00:00,0.48,0.0,18.7
2026-04-23T01:00,0.475,0.0,18.56
2026-04-23T02:00,0.471,0.0,18.45
2026-04-23T03:00,0.468,0.0,18.37
2026-04-23T04:00,0.463,0.0,18.23
2026-04-23T05:00,0.459,0.0,18.12
2026-04-23T06:00,0.455,0.0,18.01
2026-04-23T07:00,0.454,0.0,17.99
2026-04-23T08:00,0.453,0.0,17.96
2026-04-23T09:00,0.451,0.0,17.9
2026-04-23T10:00,0.446,0.0,17.77
2026-04-23T11:00,0.45,0.0,17.88
2026-04-23T12:00,0.45,0.0,17.88
2026-04-23T13:00,0.45,0.0,17.88
2026-04-23T14:00,0.45,0.0,17.88
2026-04-23T15:00,0.451,0.0,17.9
2026-04-23T16:00,0.453,0.0,17.96
2026-04-23T17:00,0.457,0.0,18.07
2026-04-23T18:00,0.457,0.0,18.07
2026-04-23T19:00,0.46,0.0,18.15
2026-04-23T20:00,0.462,0.0,18.21
2026-04-23T21:00,0.464,0.0,18.26
2026-04-23T22:00,0.466,0.0,18.32
2026-04-23T23:00,0.466,0.0,18.32
2026-04-24T00:00,0.466,0.0,18.32
2026-04-24T01:00,0.466,0.0,18.32
2026-04-24T02:00,0.466,0.0,18.32
2026-04-24T03:00,0.469,0.0,18.4
2026-04-24T04:00,0.469,0.0,18.4
2026-04-24T05:00,0.47,0.0,18.43
2026-04-24T06:00,0.472,0.0,18.48
2026-04-24T07:00,0.473,0.0,18.51
2026-04-24T08:00,0.475,0.0,18.56
2026-04-24T09:00,0.477,0.0,18.62
2026-04-24T10:00,0.475,0.0,18.56
2026-04-24T11:00,0.484,0.0,18.81
2026-04-24T12:00,0.485,0.0,18.84
2026-04-24T13:00,0.488,0.0,18.92
2026-04-24T14:00,0.488,0.0,18.92
2026-04-24T15:00,0.482,0.0,18.76
2026-04-24T16:00,0.489,0.0,18.95
2026-04-24T17:00,0.49,0.0,18.98
2026-04-24T18:00,0.489,0.0,18.95
2026-04-24T19:00,0.488,0.0,18.92
2026-04-24T20:00,0.485,0.0,18.84
2026-04-24T21:00,0.484,0.0,18.81
2026-04-24T22:00,0.48,0.0,18.7
2026-04-24T23:00,0.477,0.0,18.62
2026-04-25T00:00,0.473,0.0,18.51
2026-04-25T01:00,0.467,0.0,18.34
2026-04-25T02:00,0.465,0.0,18.29
2026-04-25T03:00,0.458,0.0,18.1
2026-04-25T04:00,0.456,0.0,18.04
2026-04-25T05:00,0.452,0.0,17.93
2026-04-25T06:00,0.449,0.0,17.85
2026-04-25T07:00,0.448,0.0,17.82
2026-04-25T08:00,0.448,0.0,17.82
2026-04-25T09:00,0.446,0.0,17.77
2026-04-25T10:00,0.447,0.0,17.79
2026-04-25T11:00,0.433,0.0,17.41
2026-04-25T12:00,0.436,0.0,17.49
2026-04-25T13:00,0.434,0.0,17.44
2026-04-25T14:00,0.438,0.0,17.55
2026-04-25T15:00,0.435,0.0,17.46
2026-04-25T16:00,0.45,0.0,17.88
2026-04-25T17:00,0.455,0.0,18.01
2026-04-25T18:00,0.455,0.0,18.01
2026-04-25T19:00,0.455,0.0,18.01
2026-04-25T20:00,0.455,0.0,18.01
2026-04-25T21:00,0.455,0.0,18.01
2026-04-25T22:00,0.455,0.0,18.01
2026-04-25T23:00,0.454,0.0,17.99
2026-04-26T00:00,0.453,0.0,17.96
2026-04-26T01:00,0.451,0.0,17.9
2026-04-26T02:00,0.451,0.0,17.9
2026-04-26T03:00,0.45,0.0,17.88
2026-04-26T04:00,0.45,0.0,17.88
2026-04-26T05:00,0.45,0.8,17.88
2026-04-26T06:00,0.453,3.0,17.96
2026-04-26T07:00,0.463,1.8,18.23
2026-04-26T08:00,0.463,0.0,18.23
2026-04-26T09:00,0.461,0.2,18.18
2026-04-26T10:00,0.458,0.8,18.1
2026-04-26T11:00,0.455,0.0,18.01
2026-04-26T12:00,0.463,0.0,18.23
2026-04-26T13:00,0.454,0.0,17.99
2026-04-26T14:00,0.445,0.2,17.74
2026-04-26T15:00,0.457,0.0,18.07
2026-04-26T16:00,0.459,2.2,18.12
2026-04-26T17:00,0.469,2.8,18.4
2026-04-26T18:00,0.478,0.6,18.65
2026-04-26T19:00,0.473,1.8,18.51
2026-04-26T20:00,0.475,3.8,18.56
2026-04-26T21:00,0.497,4.4,19.17
2026-04-26T22:00,0.519,1.0,19.77
2026-04-26T23:00,0.517,0.0,19.72
2026-04-27T00:00,0.516,0.2,19.69
2026-04-27T01:00,0.515,0.0,19.66
2026-04-27T02:00,0.512,0.4,19.58
2026-04-27T03:00,0.515,0.8,19.66
2026-04-27T04:00,0.518,0.4,19.75
2026-04-27T05:00,0.518,0.0,19.75
2026-04-27T06:00,0.518,0.0,19.75
2026-04-27T07:00,0.521,0.2,19.83
2026-04-27T08:00,0.523,0.0,19.88
2026-04-27T09:00,0.526,0.0,19.97
2026-04-27T10:00,0.52,0.0,19.8
2026-04-27T11:00,0.534,0.0,20.19
2026-04-27T12:00,0.525,0.0,19.94
2026-04-27T13:00,0.54,0.0,20.35
2026-04-27T14:00,0.53,0.0,20.08
2026-04-27T15:00,0.549,0.0,20.6
2026-04-27T16:00,0.557,0.0,20.82
2026-04-27T17:00,0.577,0.0,21.37
2026-04-27T18:00,0.59,0.0,21.73
2026-04-27T19:00,0.607,0.0,22.25
2026-04-27T20:00,0.627,0.0,22.95
2026-04-27T21:00,0.646,0.0,23.61
2026-04-27T22:00,0.669,0.0,24.42
2026-04-27T23:00,0.692,0.0,25.22
2026-04-28T00:00,0.72,0.0,26.2
2026-04-28T01:00,0.749,0.0,27.22
2026-04-28T02:00,0.779,0.0,28.27
2026-04-28T03:00,0.808,0.0,29.28
2026-04-28T04:00,0.834,0.0,30.19
2026-04-28T05:00,0.86,0.0,31.1
2026-04-28T06:00,0.883,0.0,31.91
2026-04-28T07:00,0.906,0.0,32.71
2026-04-28T08:00,0.929,0.0,33.52
2026-04-28T09:00,0.948,0.0,34.18
2026-04-28T10:00,0.965,0.0,34.78
2026-04-28T11:00,0.979,0.0,35.27
2026-04-28T12:00,0.991,0.0,35.69
2026-04-28T13:00,1.002,0.0,36.09
2026-04-28T14:00,1.009,0.0,36.38
2026-04-28T15:00,1.016,0.0,36.68
2026-04-28T16:00,1.017,0.0,36.72
2026-04-28T17:00,1.021,0.2,36.89
2026-04-28T18:00,1.019,1.0,36.81
2026-04-28T19:00,1.023,1.4,36.98
2026-04-28T20:00,1.011,3.2,36.47
2026-04-28T21:00,1.047,4.0,38.0
2026-04-28T22:00,1.037,0.2,37.57
2026-04-28T23:00,1.028,0.2,37.19
2026-04-29T00:00,1.018,0.4,36.77
2026-04-29T01:00,1.011,0.2,36.47
2026-04-29T02:00,1.0,1.0,36.0
2026-04-29T03:00,0.99,0.2,35.65
2026-04-29T04:00,0.979,0.6,35.27
2026-04-29T05:00,0.968,0.2,34.88
2026-04-29T06:00,0.971,3.4,34.99
2026-04-29T07:00,0.966,0.4,34.81
2026-04-29T08:00,0.97,4.8,34.95
2026-04-29T09:00,0.973,2.8,35.06
2026-04-29T10:00,0.984,2.6,35.44
2026-04-29T11:00,0.98,1.8,35.3
2026-04-29T12:00,0.988,2.4,35.58
2026-04-29T13:00,0.985,1.6,35.48
2026-04-29T14:00,0.993,2.4,35.76
2026-04-29T15:00,0.987,3.8,35.55
2026-04-29T16:00,1.013,5.0,36.55
2026-04-29T17:00,1.04,3.0,37.7
2026-04-29T18:00,1.055,3.2,38.34
2026-04-29T19:00,1.058,2.2,38.47
2026-04-29T20:00,1.069,0.4,38.93
2026-04-29T21:00,1.071,0.2,39.02
2026-04-29T22:00,1.07,0.0,38.98
2026-04-29T23:00,1.07,0.0,38.98
2026-04-30T00:00,1.073,0.0,39.1
2026-04-30T01:00,1.078,0.0,39.32
2026-04-30T02:00,1.085,0.0,39.61
2026-04-30T03:00,1.096,0.0,40.08
2026-04-30T04:00,1.108,0.0,40.59
2026-04-30T05:00,1.124,0.0,41.27
2026-04-30T06:00,1.144,0.0,42.12
2026-04-30T07:00,1.172,0.0,43.31
2026-04-30T08:00,1.208,0.0,44.86
2026-04-30T09:00,1.248,0.2,46.66
2026-04-30T10:00,1.294,0.0,48.73
2026-04-30T11:00,1.347,0.0,51.12
2026-04-30T12:00,1.403,0.0,53.64
2026-04-30T13:00,1.465,0.0,56.43
2026-04-30T14:00,1.528,0.0,59.26
2026-04-30T15:00,1.595,0.0,62.28
2026-04-30T16:00,1.661,0.0,65.25
2026-04-30T17:00,1.727,0.0,68.22
2026-04-30T18:00,1.79,0.0,71.05
2026-04-30T19:00,1.852,0.0,73.84
2026-04-30T20:00,1.91,0.0,76.45
2026-04-30T21:00,1.962,0.0,78.79
2026-04-30T22:00,2.011,0.0,81.0
2026-04-30T23:00,2.055,0.0,82.98
2026-05-01T00:00,2.097,0.0,84.87
2026-05-01T01:00,2.134,0.0,86.53
2026-05-01T02:00,2.167,0.0,88.02
2026-05-01T03:00,2.196,0.0,89.32
2026-05-01T04:00,2.222,0.0,90.49
2026-05-01T05:00,2.243,0.0,91.44
2026-05-01T06:00,2.262,0.0,92.29
2026-05-01T07:00,2.278,0.0,93.01
2026-05-01T08:00,2.292,0.0,93.64
2026-05-01T09:00,2.302,0.0,94.09
2026-05-01T10:00,2.308,0.0,94.36
2026-05-01T11:00,2.316,0.0,94.72
2026-05-01T12:00,2.317,0.0,94.77
2026-05-01T13:00,2.316,0.0,94.72
2026-05-01T14:00,2.312,0.0,94.54
2026-05-01T15:00,2.31,0.0,94.45
2026-05-01T16:00,2.302,0.0,94.09
2026-05-01T17:00,2.294,0.0,93.73
2026-05-01T18:00,2.283,0.0,93.24
2026-05-01T19:00,2.272,0.0,92.74
2026-05-01T20:00,2.259,0.0,92.16
2026-05-01T21:00,2.246,0.0,91.57
2026-05-01T22:00,2.229,0.0,90.81
2026-05-01T23:00,2.214,0.0,90.13
2026-05-02T00:00,2.195,0.0,89.28
2026-05-02T01:00,2.177,0.0,88.47
2026-05-02T02:00,2.157,0.0,87.57
2026-05-02T03:00,2.138,0.0,86.71
2026-05-02T04:00,2.118,0.0,85.81
2026-05-02T05:00,2.098,0.0,84.91
2026-05-02T06:00,2.077,0.0,83.97
2026-05-02T07:00,2.057,0.0,83.07
2026-05-02T08:00,2.035,0.0,82.08
2026-05-02T09:00,2.008,2.8,80.86
2026-05-02T10:00,1.998,4.8,80.41
2026-05-02T11:00,2.003,3.0,80.64
2026-05-02T12:00,2.009,3.4,80.91
2026-05-02T13:00,2.0,0.2,80.5
2026-05-02T14:00,1.977,0.0,79.47
2026-05-02T15:00,1.968,0.4,79.06
2026-05-02T16:00,1.952,0.0,78.34
2026-05-02T17:00,1.936,0.0,77.62
2026-05-02T18:00,1.92,0.4,76.9
2026-05-02T19:00,1.901,0.0,76.05
2026-05-02T20:00,1.894,0.0,75.73
2026-05-02T21:00,1.879,0.0,75.06
2026-05-02T22:00,1.865,0.0,74.43
2026-05-02T23:00,1.851,0.0,73.8
2026-05-03T00:00,1.838,0.0,73.21
2026-05-03T01:00,1.826,0.0,72.67
2026-05-03T02:00,1.814,0.0,72.13
2026-05-03T03:00,1.802,0.0,71.59
2026-05-03T04:00,1.791,0.0,71.1
2026-05-03T05:00,1.782,0.0,70.69
2026-05-03T06:00,1.773,0.0,70.29
2026-05-03T07:00,1.766,0.0,69.97
2026-05-03T08:00,1.757,0.0,69.57
2026-05-03T09:00,1.75,0.0,69.25
2026-05-03T10:00,1.743,0.0,68.94
2026-05-03T11:00,1.736,0.0,68.62
2026-05-03T12:00,1.73,0.0,68.35
2026-05-03T14:00,1.723,0.0,68.04
2026-05-03T15:00,1.717,0.0,67.77
2026-05-03T16:00,1.715,0.0,67.68
2026-05-03T17:00,1.711,0.0,67.5
2026-05-03T18:00,1.705,0.0,67.23
2026-05-03T19:00,1.699,0.0,66.96
2026-05-03T20:00,1.693,0.0,66.69
2026-05-03T21:00,1.687,0.0,66.42
2026-05-03T22:00,1.681,0.0,66.15
2026-05-03T23:00,1.673,0.0,65.79
2026-05-04T00:00,1.667,0.0,65.52
2026-05-04T01:00,1.66,0.0,65.2
2026-05-04T02:00,1.651,0.0,64.8
2026-05-04T03:00,1.644,0.0,64.48
2026-05-04T04:00,1.636,0.0,64.12
2026-05-04T05:00,1.628,0.0,63.76
2026-05-04T06:00,1.622,0.0,63.49
2026-05-04T07:00,1.613,0.0,63.09
2026-05-04T08:00,1.606,0.0,62.77
2026-05-04T09:00,1.597,0.0,62.37
2026-05-04T10:00,1.588,0.0,61.96
2026-05-04T11:00,1.579,0.0,61.56
2026-05-04T12:00,1.569,0.0,61.11
2026-05-04T13:00,1.56,0.0,60.7
2026-05-04T14:00,1.549,0.0,60.21
2026-05-04T15:00,1.54,0.0,59.8
2026-05-04T16:00,1.531,0.0,59.4
2026-05-04T17:00,1.52,0.0,58.9
2026-05-04T18:00,1.508,0.0,58.36
2026-05-04T19:00,1.498,0.0,57.91
2026-05-04T20:00,1.488,0.0,57.46
2026-05-04T21:00,1.477,0.0,56.97
2026-05-04T22:00,1.464,0.0,56.38
2026-05-04T23:00,1.453,0.0,55.89
2026-05-05T00:00,1.44,0.0,55.3
2026-05-05T01:00,1.427,0.0,54.72
2026-05-05T02:00,1.415,0.0,54.18
2026-05-05T03:00,1.402,0.0,53.59
2026-05-05T04:00,1.39,0.0,53.05
2026-05-05T05:00,1.379,0.0,52.56
2026-05-05T06:00,1.366,0.0,51.97
2026-05-05T07:00,1.355,0.0,51.48
2026-05-05T08:00,1.344,0.0,50.98
2026-05-05T09:00,1.333,0.0,50.49
2026-05-05T10:00,1.322,0.0,49.99
2026-05-05T11:00,1.31,0.0,49.45
2026-05-05T12:00,1.3,0.0,49.0
2026-05-05T13:00,1.286,0.0,48.37
2026-05-05T14:00,1.271,0.0,47.7
2026-05-05T15:00,1.258,0.0,47.11
2026-05-05T16:00,1.252,0.0,46.84
2026-05-05T17:00,1.24,0.0,46.3
2026-05-05T18:00,1.228,0.0,45.76
2026-05-05T19:00,1.217,0.0,45.27
2026-05-05T20:00,1.207,0.0,44.82
2026-05-05T21:00,1.198,0.0,44.42
2026-05-05T22:00,1.189,0.0,44.03
2026-05-05T23:00,1.182,0.0,43.74
2026-05-06T00:00,1.174,0.0,43.4
2026-05-06T01:00,1.166,0.0,43.06
2026-05-06T02:00,1.161,0.0,42.84
2026-05-06T03:00,1.155,0.0,42.59
2026-05-06T04:00,1.151,0.0,42.42
2026-05-06T05:00,1.146,0.0,42.21
2026-05-06T06:00,1.142,0.0,42.04
2026-05-06T07:00,1.138,0.0,41.87
2026-05-06T08:00,1.135,0.0,41.74
2026-05-06T09:00,1.133,0.0,41.65
2026-05-06T10:00,1.127,0.0,41.4
2026-05-06T11:00,1.124,0.0,41.27
2026-05-06T12:00,1.122,0.0,41.19
2026-05-06T13:00,1.115,0.0,40.89
2026-05-06T14:00,1.109,0.0,40.63
2026-05-06T15:00,1.104,0.0,40.42
2026-05-06T16:00,1.1,0.0,40.25
2026-05-06T17:00,1.096,0.0,40.08
2026-05-06T18:00,1.091,0.0,39.87
2026-05-06T19:00,1.086,0.0,39.66
2026-05-06T20:00,1.082,0.0,39.49
2026-05-06T21:00,1.078,0.0,39.32
2026-05-06T22:00,1.076,0.0,39.23
2026-05-06T23:00,1.073,0.0,39.1
2026-05-07T00:00,1.07,0.0,38.98
2026-05-07T01:00,1.067,0.0,38.85
2026-05-07T02:00,1.065,0.0,38.76
2026-05-07T03:00,1.064,0.0,38.72
2026-05-07T04:00,1.059,0.0,38.51
2026-05-07T05:00,1.057,0.0,38.42
2026-05-07T06:00,1.054,0.0,38.3
2026-05-07T07:00,1.05,0.0,38.13
2026-05-07T08:00,1.049,0.0,38.08
2026-05-07T09:00,1.045,0.0,37.91
2026-05-07T10:00,1.041,0.0,37.74
2026-05-07T11:00,1.039,0.0,37.66
2026-05-07T12:00,1.029,0.0,37.23
2026-05-07T13:00,1.025,0.0,37.06
2026-05-07T14:00,1.006,0.0,36.26
2026-05-07T15:00,1.008,0.0,36.34
2026-05-07T16:00,0.998,0.0,35.93
2026-05-07T17:00,0.999,0.0,35.97
2026-05-07T18:00,0.992,0.0,35.72
2026-05-07T19:00,0.984,0.0,35.44
2026-05-07T20:00,0.977,0.0,35.2
2026-05-07T21:00,0.971,0.0,34.99
2026-05-07T22:00,0.967,0.0,34.85
2026-05-07T23:00,0.962,0.0,34.67
2026-05-08T00:00,0.956,0.0,34.46
2026-05-08T01:00,0.951,0.0,34.29
2026-05-08T02:00,0.947,0.0,34.15
2026-05-08T03:00,0.945,0.0,34.08
2026-05-08T04:00,0.943,0.0,34.01
2026-05-08T05:00,0.941,0.0,33.94
2026-05-08T06:00,0.92,0.0,33.2
2026-05-08T07:00,0.941,0.4,33.94
2026-05-08T08:00,0.938,1.2,33.83
2026-05-08T09:00,0.942,0.6,33.97
2026-05-08T10:00,0.945,0.2,34.08
2026-05-08T11:00,0.93,0.0,33.55
2026-05-08T12:00,0.932,0.6,33.62
2026-05-08T13:00,0.935,3.4,33.73
2026-05-08T14:00,0.95,0.6,34.25
2026-05-08T15:00,0.945,4.6,34.08
2026-05-08T16:00,0.973,2.0,35.06
2026-05-08T17:00,0.967,0.0,34.85
2026-05-08T18:00,0.962,0.2,34.67
2026-05-08T19:00,0.956,0.0,34.46
2026-05-08T20:00,0.942,2.0,33.97
2026-05-08T21:00,0.947,0.2,34.15
2026-05-08T22:00,0.934,3.8,33.69
2026-05-08T23:00,0.949,1.4,34.22
2026-05-09T00:00,0.966,1.4,34.81
2026-05-09T01:00,0.978,0.0,35.23
2026-05-09T02:00,0.977,0.0,35.2
2026-05-09T03:00,0.98,0.0,35.3
2026-05-09T04:00,0.979,0.0,35.27
2026-05-09T05:00,0.978,0.0,35.23
2026-05-09T06:00,0.969,1.4,34.92
2026-05-09T07:00,0.984,1.6,35.44
2026-05-09T08:00,0.991,1.8,35.69
2026-05-09T09:00,1.007,0.8,36.3
2026-05-09T10:00,1.036,5.6,37.53
2026-05-09T11:00,1.052,1.4,38.21
2026-05-09T12:00,1.063,2.8,38.68
2026-05-09T13:00,1.077,1.4,39.27
2026-05-09T14:00,1.093,4.2,39.95
2026-05-09T15:00,1.111,1.8,40.72
2026-05-09T16:00,1.142,2.4,42.04
2026-05-09T17:00,1.166,2.2,43.06
2026-05-09T18:00,1.191,2.4,44.12
2026-05-09T19:00,1.236,2.6,46.12
2026-05-09T20:00,1.27,0.4,47.65
2026-05-09T21:00,1.293,2.4,48.69
2026-05-09T22:00,1.348,5.4,51.16
2026-05-09T23:00,1.406,2.8,53.77
2026-05-10T00:00,1.471,2.2,56.7
2026-05-10T01:00,1.521,0.0,58.95
2026-05-10T02:00,1.571,0.0,61.2
2026-05-10T03:00,1.622,0.2,63.49
2026-05-10T04:00,1.677,0.0,65.97
2026-05-10T05:00,1.736,0.0,68.62
2026-05-10T06:00,1.796,0.0,71.32
2026-05-10T07:00,1.86,0.0,74.2
2026-05-10T08:00,1.927,0.0,77.22
2026-05-10T09:00,1.996,0.0,80.32
2026-05-10T10:00,2.072,0.0,83.74
2026-05-10T11:00,2.154,0.0,87.43
2026-05-10T12:00,2.236,0.0,91.12
2026-05-10T13:00,2.325,0.0,95.13
2026-05-10T14:00,2.419,0.0,99.36
2026-05-10T15:00,2.513,0.0,103.59
2026-05-10T16:00,2.599,0.0,107.46
2026-05-10T17:00,2.706,0.0,112.27
2026-05-10T18:00,2.798,0.0,116.41
2026-05-10T19:00,2.887,0.0,120.42
2026-05-10T20:00,2.973,0.0,124.29
2026-05-10T21:00,3.054,0.0,127.93
2026-05-10T22:00,3.132,0.0,131.44
2026-05-10T23:00,3.201,0.0,134.55
2026-05-11T00:00,3.268,0.0,137.73
2026-05-11T01:00,3.329,0.0,140.63
2026-05-11T02:00,3.387,0.0,143.38
2026-05-11T03:00,3.44,0.0,146.0
2026-05-11T04:00,3.489,0.0,148.45
2026-05-11T05:00,3.533,0.0,150.65
2026-05-11T06:00,3.575,0.0,152.75
2026-05-11T07:00,3.61,0.0,154.5
2026-05-11T08:00,3.642,0.0,156.1
2026-05-11T09:00,3.669,0.0,157.45
2026-05-11T10:00,3.696,0.0,158.8
2026-05-11T11:00,3.719,0.0,159.95
2026-05-11T12:00,3.737,0.0,160.85
2026-05-11T13:00,3.752,0.0,161.6
2026-05-11T14:00,3.762,0.0,162.1
2026-05-11T15:00,3.771,0.0,162.55
2026-05-11T16:00,3.776,0.0,162.8
2026-05-11T17:00,3.779,0.0,162.95
2026-05-11T18:00,3.778,0.0,162.9
2026-05-11T19:00,3.777,0.0,162.85
2026-05-11T20:00,3.772,0.0,162.6
2026-05-11T21:00,3.764,0.0,162.2
2026-05-11T22:00,3.754,0.0,161.7
2026-05-11T23:00,3.742,0.0,161.1
2026-05-12T00:00,3.728,0.0,160.4
2026-05-12T01:00,3.712,0.0,159.6
2026-05-12T02:00,3.693,0.0,158.65
2026-05-12T03:00,3.673,0.0,157.65
2026-05-12T04:00,3.651,0.0,156.55
2026-05-12T05:00,3.628,0.0,155.4
2026-05-12T06:00,3.603,0.0,154.15
2026-05-12T07:00,3.576,0.0,152.8
2026-05-12T08:00,3.549,0.0,151.45
2026-05-12T09:00,3.52,0.0,150.0
2026-05-12T10:00,3.493,0.0,148.65
2026-05-12T11:00,3.462,0.0,147.1
2026-05-12T12:00,3.43,0.0,145.5
2026-05-12T13:00,3.399,0.0,143.95
2026-05-12T14:00,3.367,0.0,142.43
2026-05-12T15:00,3.336,0.0,140.96
2026-05-12T16:00,3.303,0.0,139.39
2026-05-12T17:00,3.271,0.0,137.87
2026-05-12T18:00,3.239,0.0,136.35
2026-05-12T19:00,3.207,0.0,134.83
2026-05-12T20:00,3.175,0.0,133.38
2026-05-12T21:00,3.143,0.0,131.94
2026-05-12T22:00,3.112,0.0,130.54
2026-05-12T23:00,3.081,0.0,129.15
2026-05-13T00:00,3.049,0.0,127.71
2026-05-13T01:00,3.019,0.0,126.36
2026-05-13T02:00,2.99,0.0,125.05
2026-05-13T03:00,2.961,0.0,123.75
2026-05-13T04:00,2.932,0.0,122.44
2026-05-13T05:00,2.904,0.0,121.18
2026-05-13T06:00,2.877,0.0,119.97
2026-05-13T07:00,2.85,0.0,118.75
2026-05-13T08:00,2.822,0.0,117.49
2026-05-13T09:00,2.794,0.0,116.23
2026-05-13T10:00,2.769,0.0,115.11
2026-05-13T11:00,2.742,0.0,113.89
2026-05-13T12:00,2.716,0.0,112.72
2026-05-13T13:00,2.692,0.0,111.64
2026-05-13T14:00,2.667,0.0,110.52
2026-05-13T15:00,2.645,0.0,109.53
2026-05-13T16:00,2.623,0.0,108.54
2026-05-13T17:00,2.602,0.0,107.59
2026-05-13T18:00,2.58,0.0,106.6
2026-05-13T19:00,2.559,0.0,105.66
2026-05-13T20:00,2.539,0.0,104.76
2026-05-13T21:00,2.519,0.0,103.86
2026-05-13T22:00,2.499,0.0,102.96
2026-05-13T23:00,2.481,0.0,102.15
2026-05-14T00:00,2.462,0.0,101.29
2026-05-14T01:00,2.445,0.0,100.53
2026-05-14T02:00,2.427,0.0,99.72
2026-05-14T03:00,2.409,0.0,98.91
2026-05-14T04:00,2.393,0.0,98.19
2026-05-14T05:00,2.375,0.0,97.38
2026-05-14T06:00,2.358,0.0,96.61
2026-05-14T07:00,2.342,0.0,95.89
2026-05-14T08:00,2.326,0.0,95.17
2026-05-14T09:00,2.31,0.0,94.45
2026-05-14T10:00,2.294,0.0,93.73
2026-05-14T11:00,2.278,0.0,93.01
2026-05-14T12:00,2.262,0.0,92.29
2026-05-14T13:00,2.245,0.0,91.53
2026-05-14T14:00,2.227,0.0,90.72
2026-05-14T15:00,2.21,0.0,89.95
2026-05-14T16:00,2.195,0.0,89.28
2026-05-14T17:00,2.177,0.0,88.47
2026-05-14T18:00,2.159,0.0,87.66
2026-05-14T19:00,2.144,0.0,86.98
2026-05-14T20:00,2.126,0.0,86.17
2026-05-14T21:00,2.109,0.0,85.41
2026-05-14T22:00,2.092,0.0,84.64
2026-05-14T23:00,2.075,0.0,83.88
2026-05-15T00:00,2.058,0.0,83.11
2026-05-15T01:00,2.042,0.0,82.39
2026-05-15T02:00,2.024,0.0,81.58
2026-05-15T03:00,2.008,0.0,80.86
2026-05-15T04:00,1.993,0.2,80.19
2026-05-15T05:00,1.976,0.8,79.42
2026-05-15T06:00,1.964,1.2,78.88
2026-05-15T07:00,1.964,5.6,78.88
2026-05-15T08:00,1.933,4.4,77.49
2026-05-15T09:00,1.949,5.0,78.21
2026-05-15T10:00,1.945,0.4,78.03
2026-05-15T11:00,1.926,0.0,77.17
2026-05-15T12:00,1.905,1.2,76.23
2026-05-15T13:00,1.891,2.4,75.6
2026-05-15T14:00,1.916,7.0,76.72
2026-05-15T15:00,1.919,1.8,76.86
2026-05-15T16:00,1.911,1.0,76.5
2026-05-15T17:00,1.905,0.2,76.23
2026-05-15T18:00,1.897,0.0,75.87
2026-05-15T19:00,1.886,0.0,75.37
2026-05-15T20:00,1.877,0.0,74.97
2026-05-15T21:00,1.869,0.0,74.61
2026-05-15T22:00,1.861,0.0,74.25
2026-05-15T23:00,1.854,0.2,73.93
2026-05-16T00:00,1.847,0.2,73.62
2026-05-16T01:00,1.84,0.6,73.3
2026-05-16T02:00,1.839,0.4,73.26
2026-05-16T03:00,1.836,0.2,73.12
2026-05-16T04:00,1.834,0.0,73.03
2026-05-16T05:00,1.832,0.0,72.94
2026-05-16T06:00,1.834,0.0,73.03
2026-05-16T07:00,1.835,0.0,73.08
2026-05-16T08:00,1.84,0.2,73.3
2026-05-16T09:00,1.846,0.0,73.57
2026-05-16T10:00,1.85,1.2,73.75
2026-05-16T11:00,1.871,2.0,74.7
2026-05-16T12:00,1.882,0.2,75.19
2026-05-16T13:00,1.893,0.0,75.69
2026-05-16T14:00,1.905,0.0,76.23
2026-05-16T15:00,1.917,0.0,76.77
2026-05-16T16:00,1.928,0.0,77.26
2026-05-16T17:00,1.938,0.0,77.71
2026-05-16T18:00,1.949,0.0,78.21
2026-05-16T19:00,1.97,12.2,79.15
2026-05-16T20:00,2.01,3.0,80.95
2026-05-16T21:00,2.012,0.0,81.04
2026-05-16T22:00,2.016,0.0,81.22
2026-05-16T23:00,2.021,0.2,81.45
2026-05-17T00:00,2.027,0.0,81.72
2026-05-17T01:00,2.034,0.0,82.03
2026-05-17T02:00,2.044,0.0,82.48
2026-05-17T03:00,2.055,0.0,82.98
2026-05-17T04:00,2.067,0.0,83.52
2026-05-17T05:00,2.076,0.0,83.92
2026-05-17T06:00,2.086,0.0,84.37
2026-05-17T07:00,2.095,0.0,84.78
2026-05-17T08:00,2.104,0.0,85.18
2026-05-17T09:00,2.111,0.0,85.5
2026-05-17T10:00,2.119,0.2,85.86
2026-05-17T11:00,2.125,0.0,86.13
2026-05-17T12:00,2.131,0.0,86.4
2026-05-17T13:00,2.138,0.0,86.71
2026-05-17T14:00,2.143,0.0,86.94
2026-05-17T15:00,2.147,0.0,87.12
2026-05-17T16:00,2.153,0.0,87.39
2026-05-17T17:00,2.155,0.0,87.48
2026-05-17T18:00,2.158,0.0,87.61
2026-05-17T19:00,2.162,0.0,87.79
2026-05-17T20:00,2.163,0.2,87.84
2026-05-17T21:00,2.167,0.0,88.02
2026-05-17T22:00,2.168,0.0,88.06
2026-05-17T23:00,2.17,0.2,88.15
2026-05-18T00:00,2.171,0.0,88.2
2026-05-18T01:00,2.171,0.2,88.2
2026-05-18T02:00,2.171,0.0,88.2
2026-05-18T03:00,2.171,0.0,88.2
2026-05-18T04:00,2.171,0.0,88.2
2026-05-18T05:00,2.17,0.0,88.15
2026-05-18T06:00,2.17,0.6,88.15
2026-05-18T07:00,2.168,0.4,88.06
2026-05-18T08:00,2.166,0.8,87.97
2026-05-18T09:00,2.166,0.0,87.97
2026-05-18T10:00,2.161,0.0,87.75
2026-05-18T11:00,2.156,0.0,87.52
2026-05-18T12:00,2.153,0.0,87.39
2026-05-18T13:00,2.15,0.0,87.25
2026-05-18T14:00,2.146,0.0,87.07
2026-05-18T15:00,2.141,0.0,86.85
2026-05-18T16:00,2.146,3.2,87.07
2026-05-18T17:00,2.142,0.2,86.89
2026-05-18T18:00,2.137,0.0,86.67
2026-05-18T19:00,2.134,0.0,86.53
2026-05-18T20:00,2.132,0.0,86.44
2026-05-18T21:00,2.129,0.0,86.31
2026-05-18T22:00,2.126,0.0,86.17
2026-05-18T23:00,2.124,0.0,86.08
2026-05-19T00:00,2.121,0.0,85.95
2026-05-19T01:00,2.12,0.0,85.9
2026-05-19T02:00,2.119,0.0,85.86
2026-05-19T03:00,2.118,0.0,85.81
2026-05-19T04:00,2.118,0.0,85.81
2026-05-19T05:00,2.119,0.0,85.86
2026-05-19T06:00,2.12,0.0,85.9
2026-05-19T07:00,2.121,0.0,85.95
2026-05-19T08:00,2.126,0.0,86.17
2026-05-19T09:00,2.129,0.0,86.31
2026-05-19T10:00,2.133,0.0,86.49
2026-05-19T11:00,2.137,0.0,86.67
2026-05-19T12:00,2.141,0.0,86.85
2026-05-19T13:00,2.147,0.0,87.12
2026-05-19T14:00,2.153,0.0,87.39
2026-05-19T15:00,2.161,0.0,87.75
2026-05-19T16:00,2.167,0.0,88.02
2026-05-19T17:00,2.172,0.0,88.24
2026-05-19T18:00,2.179,0.0,88.56
2026-05-19T19:00,2.184,0.0,88.78
2026-05-19T20:00,2.189,0.0,89.01
2026-05-19T21:00,2.194,0.0,89.23
2026-05-19T22:00,2.199,0.0,89.46
2026-05-19T23:00,2.202,0.0,89.59
2026-05-20T00:00,2.205,0.0,89.73
2026-05-20T01:00,2.207,0.0,89.82
2026-05-20T02:00,2.208,0.0,89.86
2026-05-20T03:00,2.211,0.0,90.0
2026-05-20T04:00,2.211,0.0,90.0
2026-05-20T05:00,2.211,0.0,90.0
2026-05-20T06:00,2.21,0.0,89.95
2026-05-20T07:00,2.211,0.0,90.0
2026-05-20T08:00,2.209,0.0,89.91
2026-05-20T09:00,2.208,0.0,89.86
2026-05-20T10:00,2.205,0.0,89.73
2026-05-20T11:00,2.203,0.0,89.64
2026-05-20T12:00,2.198,0.0,89.41
2026-05-20T13:00,2.193,0.0,89.19
2026-05-20T14:00,2.188,0.0,88.96
2026-05-20T15:00,2.185,0.0,88.83
2026-05-20T16:00,2.18,0.0,88.6
2026-05-20T17:00,2.176,0.0,88.42
2026-05-20T18:00,2.17,0.0,88.15
2026-05-20T19:00,2.164,0.0,87.88
2026-05-20T20:00,2.159,0.0,87.66
2026-05-20T21:00,2.152,0.0,87.34
2026-05-20T22:00,2.146,0.0,87.07
2026-05-20T23:00,2.139,0.0,86.76
2026-05-21T00:00,2.131,0.0,86.4
2026-05-21T01:00,2.124,0.0,86.08
2026-05-21T02:00,2.117,0.0,85.77
2026-05-21T03:00,2.11,0.0,85.45
2026-05-21T04:00,2.101,0.0,85.05
2026-05-21T05:00,2.093,0.0,84.69
2026-05-21T06:00,2.086,0.0,84.37
2026-05-21T07:00,2.078,0.0,84.01
2026-05-21T08:00,2.07,0.0,83.65
2026-05-21T09:00,2.063,0.0,83.34
2026-05-21T10:00,2.054,0.0,82.93
2026-05-21T11:00,2.045,0.0,82.53
2026-05-21T12:00,2.035,0.0,82.08
2026-05-21T13:00,2.025,0.0,81.63
2026-05-21T14:00,2.015,0.0,81.18
2026-05-21T15:00,2.005,0.0,80.73
2026-05-21T16:00,1.993,0.0,80.19
2026-05-21T17:00,1.983,0.0,79.74
2026-05-21T18:00,1.974,0.0,79.33
2026-05-21T19:00,1.965,0.0,78.93
2026-05-21T20:00,1.955,0.0,78.48
2026-05-21T21:00,1.946,0.0,78.07
2026-05-21T22:00,1.935,0.0,77.58
2026-05-21T23:00,1.925,0.0,77.13
2026-05-22T00:00,1.915,0.0,76.68
2026-05-22T01:00,1.904,0.0,76.18
2026-05-22T02:00,1.895,0.0,75.78
2026-05-22T03:00,1.885,0.0,75.33
2026-05-22T04:00,1.875,0.0,74.88
2026-05-22T05:00,1.866,0.0,74.47
2026-05-22T06:00,1.857,0.0,74.07
2026-05-22T07:00,1.848,0.0,73.66
2026-05-22T08:00,1.839,0.0,73.26
2026-05-22T09:00,1.831,0.0,72.9
2026-05-22T10:00,1.819,0.0,72.36
2026-05-22T11:00,1.811,0.0,72.0
2026-05-22T12:00,1.799,0.0,71.46
2026-05-22T13:00,1.79,0.0,71.05
2026-05-22T14:00,1.782,0.0,70.69
2026-05-22T15:00,1.772,0.0,70.24
2026-05-22T16:00,1.765,0.0,69.93
2026-05-22T17:00,1.756,0.0,69.52
2026-05-22T18:00,1.748,0.0,69.16
2026-05-22T19:00,1.74,0.0,68.8
2026-05-22T20:00,1.732,0.0,68.44
2026-05-22T21:00,1.724,0.0,68.08
2026-05-22T22:00,1.718,0.0,67.81
2026-05-22T23:00,1.711,0.0,67.5
2026-05-23T00:00,1.704,0.0,67.18
2026-05-23T01:00,1.698,0.0,66.91
2026-05-23T02:00,1.69,0.0,66.55
2026-05-23T03:00,1.686,0.8,66.37
2026-05-23T04:00,1.68,0.2,66.1
2026-05-23T05:00,1.673,0.0,65.79
2026-05-23T06:00,1.667,0.2,65.52
2026-05-23T07:00,1.66,0.0,65.2
2026-05-23T08:00,1.656,0.0,65.02
2026-05-23T09:00,1.649,0.0,64.71
2026-05-23T10:00,1.642,0.0,64.39
2026-05-23T11:00,1.635,0.0,64.08
2026-05-23T12:00,1.628,0.0,63.76
2026-05-23T13:00,1.62,0.0,63.4
2026-05-23T14:00,1.612,0.0,63.04
2026-05-23T15:00,1.605,0.0,62.73
2026-05-23T16:00,1.598,0.0,62.41
2026-05-23T17:00,1.589,0.0,62.01
2026-05-23T18:00,1.582,0.0,61.69
2026-05-23T19:00,1.574,0.0,61.33
2026-05-23T20:00,1.566,0.0,60.97
2026-05-23T21:00,1.557,0.0,60.57
2026-05-23T22:00,1.551,0.0,60.3
2026-05-23T23:00,1.543,0.0,59.94
2026-05-24T00:00,1.536,0.2,59.62
2026-05-24T01:00,1.531,0.2,59.4
2026-05-24T02:00,1.526,0.2,59.17
2026-05-24T03:00,1.522,0.0,58.99
2026-05-24T04:00,1.518,0.0,58.81
2026-05-24T05:00,1.515,0.0,58.68
2026-05-24T06:00,1.512,0.0,58.54
2026-05-24T07:00,1.51,0.0,58.45
2026-05-24T08:00,1.508,0.0,58.36
2026-05-24T09:00,1.507,0.0,58.32
2026-05-24T10:00,1.506,0.0,58.27
2026-05-24T11:00,1.505,0.0,58.23
2026-05-24T12:00,1.505,2.2,58.23
2026-05-24T13:00,1.509,1.2,58.41
2026-05-24T14:00,1.51,0.2,58.45
2026-05-24T15:00,1.507,0.8,58.32
2026-05-24T16:00,1.508,0.2,58.36
2026-05-24T17:00,1.505,0.0,58.23
2026-05-24T18:00,1.505,0.0,58.23
2026-05-24T19:00,1.502,0.0,58.09
2026-05-24T20:00,1.498,0.0,57.91
2026-05-24T21:00,1.494,0.0,57.73
2026-05-24T22:00,1.49,0.0,57.55
2026-05-24T23:00,1.487,0.0,57.42
2026-05-25T00:00,1.483,0.0,57.24
2026-05-25T01:00,1.48,0.0,57.1
2026-05-25T02:00,1.476,0.0,56.92
2026-05-25T03:00,1.473,0.0,56.79
2026-05-25T04:00,1.471,0.0,56.7
2026-05-25T05:00,1.468,0.0,56.56
2026-05-25T06:00,1.466,0.0,56.47
2026-05-25T07:00,1.465,0.0,56.43
2026-05-25T08:00,1.464,0.0,56.38
2026-05-25T09:00,1.463,0.0,56.34
2026-05-25T10:00,1.461,0.0,56.25
2026-05-25T11:00,1.459,0.0,56.16
2026-05-25T12:00,1.458,0.0,56.11
2026-05-25T13:00,1.459,0.0,56.16
2026-05-25T14:00,1.457,0.0,56.07
2026-05-25T15:00,1.457,0.0,56.07
2026-05-25T16:00,1.458,0.0,56.11
2026-05-25T17:00,1.457,0.0,56.07
2026-05-25T18:00,1.457,0.0,56.07
2026-05-25T19:00,1.458,0.0,56.11
2026-05-25T20:00,1.457,0.0,56.07
2026-05-25T21:00,1.457,0.0,56.07
2026-05-25T22:00,1.456,0.0,56.02
2026-05-25T23:00,1.455,0.0,55.98
2026-05-26T00:00,1.453,0.0,55.89
2026-05-26T01:00,1.453,0.0,55.89
2026-05-26T02:00,1.452,0.0,55.84
2026-05-26T03:00,1.45,0.0,55.75
2026-05-26T04:00,1.448,0.0,55.66
2026-05-26T05:00,1.445,0.2,55.53
2026-05-26T06:00,1.436,2.2,55.12
2026-05-26T07:00,1.527,21.6,59.22
2026-05-26T08:00,1.551,0.2,60.3
2026-05-26T09:00,1.545,0.0,60.03
2026-05-26T10:00,1.543,0.0,59.94
2026-05-26T11:00,1.54,3.2,59.8
2026-05-26T12:00,1.546,1.8,60.07
2026-05-26T13:00,1.562,2.2,60.79
2026-05-26T14:00,1.566,0.2,60.97
2026-05-26T15:00,1.57,1.0,61.15
2026-05-26T16:00,1.581,0.0,61.65
2026-05-26T17:00,1.587,0.0,61.92
2026-05-26T18:00,1.596,0.0,62.32
2026-05-26T19:00,1.607,0.0,62.82
2026-05-26T20:00,1.621,0.0,63.45
2026-05-26T21:00,1.636,0.0,64.12
2026-05-26T22:00,1.654,0.0,64.93
2026-05-26T23:00,1.672,0.0,65.74
2026-05-27T00:00,1.691,0.0,66.6
2026-05-27T01:00,1.712,0.0,67.54
2026-05-27T02:00,1.736,0.0,68.62
2026-05-27T03:00,1.759,0.0,69.66
2026-05-27T04:00,1.785,0.0,70.83
2026-05-27T05:00,1.814,0.0,72.13
2026-05-27T06:00,1.844,0.0,73.48
2026-05-27T07:00,1.878,0.0,75.01
2026-05-27T08:00,1.913,0.0,76.59
2026-05-27T09:00,1.951,0.0,78.3
2026-05-27T10:00,1.99,0.0,80.05
2026-05-27T11:00,2.028,0.0,81.76
2026-05-27T12:00,2.065,0.0,83.43
2026-05-27T13:00,2.104,0.0,85.18
2026-05-27T14:00,2.139,0.0,86.76
2026-05-27T15:00,2.171,0.0,88.2
2026-05-27T16:00,2.202,0.0,89.59
2026-05-27T17:00,2.232,0.0,90.94
2026-05-27T18:00,2.257,0.0,92.07
2026-05-27T19:00,2.282,0.0,93.19
2026-05-27T20:00,2.305,0.0,94.23
2026-05-27T21:00,2.324,0.0,95.08
2026-05-27T22:00,2.34,0.0,95.8
2026-05-27T23:00,2.355,0.0,96.48
2026-05-28T00:00,2.365,0.0,96.93
2026-05-28T01:00,2.374,0.0,97.33
2026-05-28T02:00,2.381,0.0,97.65
2026-05-28T03:00,2.388,0.0,97.96
2026-05-28T04:00,2.392,0.0,98.14
2026-05-28T05:00,2.393,0.0,98.19
2026-05-28T06:00,2.394,0.0,98.23
2026-05-28T07:00,2.391,0.0,98.1
2026-05-28T08:00,2.389,0.0,98.01
2026-05-28T09:00,2.386,0.0,97.87
2026-05-28T10:00,2.381,0.0,97.65
2026-05-28T11:00,2.375,0.0,97.38
2026-05-28T12:00,2.367,0.0,97.02
2026-05-28T13:00,2.357,0.0,96.57
2026-05-28T14:00,2.348,0.0,96.16
2026-05-28T15:00,2.338,0.0,95.71
2026-05-28T16:00,2.325,0.0,95.13
2026-05-28T17:00,2.313,0.0,94.59
2026-05-28T18:00,2.301,0.0,94.05
2026-05-28T19:00,2.29,0.0,93.55
2026-05-28T20:00,2.277,0.0,92.97
2026-05-28T21:00,2.265,0.0,92.43
2026-05-28T22:00,2.251,0.0,91.8
2026-05-28T23:00,2.238,0.0,91.21
2026-05-29T00:00,2.224,0.0,90.58
2026-05-29T01:00,2.211,0.0,90.0
2026-05-29T02:00,2.198,0.0,89.41
2026-05-29T03:00,2.185,0.0,88.83
2026-05-29T04:00,2.173,0.0,88.29
2026-05-29T05:00,2.161,0.0,87.75
2026-05-29T06:00,2.148,0.0,87.16
2026-05-29T07:00,2.136,0.0,86.62
2026-05-29T08:00,2.124,0.0,86.08
2026-05-29T09:00,2.113,0.0,85.59
2026-05-29T10:00,2.1,0.0,85.0
2026-05-29T11:00,2.087,0.0,84.42
2026-05-29T12:00,2.075,0.0,83.88
2026-05-29T13:00,2.063,0.0,83.34
2026-05-29T14:00,2.052,0.0,82.84
2026-05-29T15:00,2.039,0.0,82.26
2026-05-29T16:00,2.028,0.0,81.76
2026-05-29T17:00,2.017,0.0,81.27
2026-05-29T18:00,2.007,0.0,80.82
2026-05-29T19:00,1.996,0.0,80.32
2026-05-29T20:00,1.985,0.0,79.83
2026-05-29T21:00,1.974,0.0,79.33
2026-05-29T22:00,1.964,0.0,78.88
2026-05-29T23:00,1.954,0.0,78.43
2026-05-30T00:00,1.944,0.0,77.98
2026-05-30T01:00,1.934,0.0,77.53
2026-05-30T02:00,1.925,0.0,77.13
2026-05-30T03:00,1.917,0.0,76.77
2026-05-30T04:00,1.908,0.0,76.36
2026-05-30T05:00,1.9,0.2,76.0
2026-05-30T06:00,1.891,0.0,75.6
2026-05-30T07:00,1.884,0.0,75.28
2026-05-30T08:00,1.876,0.6,74.92
2026-05-30T09:00,1.869,0.8,74.61
2026-05-30T10:00,1.862,0.0,74.29
2026-05-30T11:00,1.857,0.0,74.07
2026-05-30T12:00,1.847,0.0,73.62
2026-05-30T13:00,1.841,0.0,73.35
2026-05-30T14:00,1.83,0.0,72.85
2026-05-30T15:00,1.825,0.0,72.63
2026-05-30T16:00,1.815,0.0,72.18
2026-05-30T17:00,1.811,0.0,72.0
2026-05-30T18:00,1.803,0.0,71.64
2026-05-30T19:00,1.796,0.0,71.32
2026-05-30T20:00,1.789,0.0,71.01
2026-05-30T21:00,1.782,0.0,70.69
2026-05-30T22:00,1.775,0.0,70.38
2026-05-30T23:00,1.769,0.0,70.11
2026-05-31T00:00,1.76,0.0,69.7
2026-05-31T01:00,1.754,0.0,69.43
2026-05-31T02:00,1.747,0.0,69.12
2026-05-31T03:00,1.74,0.0,68.8
2026-05-31T04:00,1.733,0.0,68.49
2026-05-31T05:00,1.726,0.0,68.17
2026-05-31T06:00,1.718,0.0,67.81
2026-05-31T07:00,1.711,0.0,67.5
2026-05-31T08:00,1.705,0.0,67.23
2026-05-31T09:00,1.697,0.0,66.87
2026-05-31T10:00,1.689,0.0,66.51
2026-05-31T11:00,1.687,0.0,66.42
2026-05-31T12:00,1.677,0.0,65.97
2026-05-31T13:00,1.669,0.0,65.61
2026-05-31T14:00,1.66,0.0,65.2
2026-05-31T15:00,1.651,0.0,64.8
2026-05-31T16:00,1.645,0.0,64.53
2026-05-31T17:00,1.637,0.0,64.17
2026-05-31T18:00,1.629,0.0,63.81
2026-05-31T19:00,1.623,0.0,63.54
2026-05-31T20:00,1.618,0.0,63.31
2026-05-31T21:00,1.612,0.0,63.04
2026-05-31T22:00,1.607,0.0,62.82
2026-05-31T23:00,1.602,0.0,62.59
2026-06-01T00:00,1.596,0.0,62.32
2026-06-01T01:00,1.591,0.0,62.1
2026-06-01T02:00,1.587,0.0,61.92
2026-06-01T03:00,1.583,0.0,61.74
2026-06-01T04:00,1.58,0.0,61.6
2026-06-01T05:00,1.576,0.0,61.42
2026-06-01T06:00,1.571,0.0,61.2
2026-06-01T07:00,1.568,0.0,61.06
2026-06-01T08:00,1.565,0.0,60.93
2026-06-01T09:00,1.562,0.0,60.79
2026-06-01T10:00,1.558,0.0,60.61
2026-06-01T11:00,1.555,0.0,60.48
2026-06-01T12:00,1.55,0.0,60.25
2026-06-01T13:00,1.545,0.0,60.03
2026-06-01T14:00,1.54,0.0,59.8
2026-06-01T15:00,1.536,0.0,59.62
2026-06-01T16:00,1.527,0.0,59.22
2026-06-01T17:00,1.529,0.0,59.31
2026-06-01T18:00,1.524,0.0,59.08
2026-06-01T19:00,1.519,0.0,58.86
2026-06-01T20:00,1.513,0.0,58.59
2026-06-01T21:00,1.51,0.0,58.45
2026-06-01T22:00,1.503,0.0,58.14
2026-06-01T23:00,1.498,0.0,57.91
2026-06-02T00:00,1.491,0.0,57.6
2026-06-02T01:00,1.486,0.0,57.37
2026-06-02T02:00,1.48,0.0,57.1
2026-06-02T03:00,1.475,0.0,56.88
2026-06-02T04:00,1.469,0.0,56.61
2026-06-02T05:00,1.464,0.0,56.38
2026-06-02T06:00,1.46,0.0,56.2
2026-06-02T07:00,1.457,0.0,56.07
2026-06-02T08:00,1.452,0.0,55.84
2026-06-02T09:00,1.449,0.0,55.71
2026-06-02T10:00,1.446,0.0,55.57
2026-06-02T11:00,1.439,0.0,55.26
2026-06-02T12:00,1.435,0.0,55.08
2026-06-02T13:00,1.433,0.0,54.99
2026-06-02T14:00,1.43,0.0,54.85
2026-06-02T15:00,1.429,0.0,54.81
2026-06-02T16:00,1.426,0.0,54.67
2026-06-02T17:00,1.424,0.0,54.58
2026-06-02T18:00,1.421,0.0,54.45
2026-06-02T19:00,1.418,0.0,54.31
2026-06-02T20:00,1.416,0.0,54.22
2026-06-02T21:00,1.413,0.0,54.09
2026-06-02T22:00,1.411,0.0,54.0
2026-06-02T23:00,1.408,0.0,53.86
2026-06-03T00:00,1.404,0.0,53.68
2026-06-03T01:00,1.402,0.0,53.59
2026-06-03T02:00,1.398,0.0,53.41
2026-06-03T03:00,1.395,0.0,53.28
2026-06-03T04:00,1.391,0.0,53.1
2026-06-03T05:00,1.387,0.0,52.92
2026-06-03T06:00,1.384,0.0,52.78
2026-06-03T07:00,1.38,0.0,52.6
2026-06-03T08:00,1.377,0.0,52.47
2026-06-03T09:00,1.373,0.0,52.29
2026-06-03T10:00,1.368,0.0,52.06
2026-06-03T11:00,1.362,0.0,51.79
2026-06-03T12:00,1.357,0.0,51.57
2026-06-03T13:00,1.356,0.0,51.52
2026-06-03T14:00,1.349,0.0,51.21
2026-06-03T15:00,1.347,0.0,51.12
2026-06-03T16:00,1.342,0.0,50.89
2026-06-03T17:00,1.339,0.0,50.76
2026-06-03T18:00,1.335,0.0,50.58
2026-06-03T19:00,1.332,0.0,50.44
2026-06-03T20:00,1.329,0.0,50.31
2026-06-03T21:00,1.325,0.0,50.13
2026-06-03T22:00,1.32,0.0,49.9
2026-06-03T23:00,1.316,0.0,49.72
2026-06-04T00:00,1.312,0.0,49.54
2026-06-04T01:00,1.309,0.0,49.41
2026-06-04T02:00,1.307,0.0,49.32
2026-06-04T03:00,1.305,0.0,49.23
2026-06-04T04:00,1.303,0.0,49.14
2026-06-04T05:00,1.301,0.0,49.05
2026-06-04T06:00,1.302,0.0,49.09
2026-06-04T07:00,1.301,0.0,49.05
2026-06-04T08:00,1.3,0.0,49.0
2026-06-04T09:00,1.298,0.0,48.91
2026-06-04T10:00,1.298,0.0,48.91
2026-06-04T11:00,1.295,0.0,48.78
2026-06-04T12:00,1.293,0.0,48.69
2026-06-04T13:00,1.291,0.0,48.6
2026-06-04T14:00,1.29,0.0,48.55
2026-06-04T15:00,1.288,0.0,48.46
2026-06-04T16:00,1.287,0.0,48.42
2026-06-04T17:00,1.282,0.0,48.19
2026-06-04T18:00,1.278,0.0,48.01
2026-06-04T19:00,1.276,0.0,47.92
2026-06-04T20:00,1.272,0.0,47.74
2026-06-04T21:00,1.268,0.0,47.56
2026-06-04T22:00,1.264,0.0,47.38
2026-06-04T23:00,1.261,0.0,47.25
2026-06-05T00:00,1.255,0.0,46.98
2026-06-05T01:00,1.25,0.0,46.75
2026-06-05T02:00,1.246,0.0,46.57
2026-06-05T03:00,1.244,0.0,46.48
2026-06-05T04:00,1.241,0.0,46.35
2026-06-05T05:00,1.237,0.0,46.17
2026-06-05T06:00,1.234,0.0,46.03
2026-06-05T07:00,1.232,0.0,45.94
2026-06-05T08:00,1.23,0.0,45.85
2026-06-05T09:00,1.227,0.0,45.72
2026-06-05T10:00,1.225,0.0,45.63
2026-06-05T11:00,1.224,0.0,45.58
2026-06-05T12:00,1.22,0.0,45.4
2026-06-05T13:00,1.218,0.0,45.31
2026-06-05T14:00,1.217,0.0,45.27
2026-06-05T15:00,1.218,0.0,45.31
2026-06-05T16:00,1.216,0.0,45.22
2026-06-05T17:00,1.216,0.0,45.22
2026-06-05T18:00,1.215,0.0,45.18
2026-06-05T19:00,1.215,0.0,45.18
2026-06-05T20:00,1.216,0.0,45.22
2026-06-05T21:00,1.214,0.0,45.13
2026-06-05T22:00,1.214,0.0,45.13
2026-06-05T23:00,1.212,0.0,45.04
2026-06-06T00:00,1.21,0.0,44.95
2026-06-06T01:00,1.21,0.0,44.95
2026-06-06T02:00,1.209,0.0,44.91
2026-06-06T03:00,1.209,0.0,44.91
2026-06-06T04:00,1.211,0.0,45.0
2026-06-06T05:00,1.207,0.0,44.82
2026-06-06T06:00,1.206,0.0,44.77
2026-06-06T07:00,1.206,0.0,44.77
2026-06-06T08:00,1.207,0.0,44.82
2026-06-06T09:00,1.206,0.0,44.77
2026-06-06T10:00,1.205,0.0,44.73
2026-06-06T11:00,1.202,0.0,44.59
2026-06-06T12:00,1.201,0.0,44.55
2026-06-06T13:00,1.198,0.0,44.42
2026-06-06T14:00,1.188,0.0,43.99
2026-06-06T15:00,1.185,0.0,43.86
2026-06-06T16:00,1.183,0.0,43.78
2026-06-06T17:00,1.178,0.0,43.57
2026-06-06T18:00,1.174,0.0,43.4
2026-06-06T19:00,1.169,0.0,43.18
2026-06-06T20:00,1.169,0.0,43.18
2026-06-06T21:00,1.167,0.0,43.1
2026-06-06T22:00,1.163,0.0,42.93
2026-06-06T23:00,1.161,0.0,42.84
2026-06-07T00:00,1.159,0.0,42.76
2026-06-07T01:00,1.158,0.0,42.72
2026-06-07T02:00,1.158,0.0,42.72
2026-06-07T03:00,1.158,0.0,42.72
2026-06-07T04:00,1.159,0.0,42.76
2026-06-07T05:00,1.157,0.0,42.67
2026-06-07T06:00,1.158,0.0,42.72
2026-06-07T07:00,1.157,0.0,42.67
2026-06-07T08:00,1.156,0.0,42.63
2026-06-07T09:00,1.156,0.0,42.63
2026-06-07T10:00,1.156,0.0,42.63
2026-06-07T11:00,1.157,0.0,42.67
2026-06-07T12:00,1.154,0.0,42.55
2026-06-07T13:00,1.151,0.0,42.42
2026-06-07T14:00,1.147,0.0,42.25
2026-06-07T15:00,1.145,0.0,42.16
2026-06-07T16:00,1.143,0.0,42.08
2026-06-07T17:00,1.139,0.0,41.91
2026-06-07T18:00,1.138,0.0,41.87
2026-06-07T19:00,1.136,0.0,41.78
2026-06-07T20:00,1.136,0.0,41.78
2026-06-07T21:00,1.135,0.0,41.74
2026-06-07T22:00,1.135,0.0,41.74
2026-06-07T23:00,1.132,0.0,41.61
2026-06-08T00:00,1.13,0.0,41.53
2026-06-08T01:00,1.128,0.0,41.44
2026-06-08T02:00,1.128,0.0,41.44
2026-06-08T03:00,1.127,0.0,41.4
2026-06-08T04:00,1.127,0.0,41.4
2026-06-08T05:00,1.127,0.0,41.4
2026-06-08T06:00,1.127,0.0,41.4
2026-06-08T07:00,1.129,0.0,41.48
2026-06-08T08:00,1.13,0.0,41.53
2026-06-08T09:00,1.131,0.0,41.57
2026-06-08T10:00,1.134,0.0,41.7
2026-06-08T11:00,1.13,0.0,41.53
2026-06-08T12:00,1.121,0.0,41.14
2026-06-08T13:00,1.125,0.0,41.31
2026-06-08T14:00,1.127,0.0,41.4
2026-06-08T15:00,1.128,0.0,41.44
2026-06-08T16:00,1.127,0.0,41.4
2026-06-08T17:00,1.13,0.0,41.53
2026-06-08T18:00,1.129,0.0,41.48
2026-06-08T19:00,1.126,0.0,41.36
2026-06-08T20:00,1.127,0.0,41.4
2026-06-08T21:00,1.126,0.0,41.36
2026-06-08T22:00,1.124,0.0,41.27
2026-06-08T23:00,1.121,0.0,41.14
2026-06-09T00:00,1.12,0.0,41.1
2026-06-09T01:00,1.118,0.0,41.02
2026-06-09T02:00,1.117,0.0,40.97
2026-06-09T03:00,1.115,0.0,40.89
2026-06-09T04:00,1.115,0.0,40.89
2026-06-09T05:00,1.113,0.0,40.8
2026-06-09T06:00,1.113,0.0,40.8
2026-06-09T07:00,1.113,0.0,40.8
2026-06-09T08:00,1.113,0.0,40.8
2026-06-09T09:00,1.114,0.0,40.85
2026-06-09T10:00,1.117,0.0,40.97
2026-06-09T11:00,1.112,0.0,40.76
2026-06-09T12:00,1.107,0.0,40.55
2026-06-09T13:00,1.097,0.0,40.12
2026-06-09T14:00,1.098,0.0,40.17
2026-06-09T15:00,1.103,0.0,40.38
2026-06-09T16:00,1.101,0.0,40.29
2026-06-09T17:00,1.107,0.0,40.55
2026-06-09T18:00,1.104,0.0,40.42
2026-06-09T19:00,1.102,0.0,40.34
2026-06-09T20:00,1.099,0.0,40.21
2026-06-09T21:00,1.096,0.0,40.08
2026-06-09T22:00,1.094,0.0,40.0
2026-06-09T23:00,1.092,0.0,39.91
2026-06-10T00:00,1.088,0.0,39.74
2026-06-10T01:00,1.084,0.0,39.57
2026-06-10T02:00,1.082,0.0,39.49
2026-06-10T03:00,1.08,0.0,39.4
2026-06-10T04:00,1.078,0.0,39.32
2026-06-10T05:00,1.075,0.0,39.19
2026-06-10T06:00,1.074,0.0,39.15
2026-06-10T07:00,1.072,0.0,39.06
2026-06-10T08:00,1.072,0.0,39.06
2026-06-10T09:00,1.071,0.0,39.02
2026-06-10T10:00,1.07,0.0,38.98
2026-06-10T11:00,1.07,0.0,38.98
2026-06-10T12:00,1.069,0.0,38.93
2026-06-10T13:00,1.063,1.0,38.68
2026-06-10T14:00,1.066,1.2,38.81
2026-06-10T15:00,1.061,1.4,38.59
2026-06-10T16:00,1.059,2.6,38.51
2026-06-10T17:00,1.081,4.4,39.44
2026-06-10T18:00,1.087,2.6,39.7
2026-06-10T19:00,1.109,2.8,40.63
2026-06-10T20:00,1.11,0.6,40.68
2026-06-10T21:00,1.111,0.2,40.72
2026-06-10T22:00,1.107,0.0,40.55
2026-06-10T23:00,1.104,0.0,40.42
2026-06-11T00:00,1.101,0.2,40.29
2026-06-11T01:00,1.097,0.0,40.12
2026-06-11T02:00,1.096,0.0,40.08
2026-06-11T03:00,1.094,0.0,40.0
2026-06-11T04:00,1.094,0.0,40.0
2026-06-11T05:00,1.096,0.0,40.08
2026-06-11T06:00,1.096,0.0,40.08
2026-06-11T07:00,1.098,0.0,40.17
2026-06-11T08:00,1.101,0.0,40.29
2026-06-11T09:00,1.104,0.0,40.42
2026-06-11T10:00,1.108,0.0,40.59
2026-06-11T11:00,1.11,0.0,40.68
2026-06-11T12:00,1.111,0.0,40.72
2026-06-11T13:00,1.113,0.0,40.8
2026-06-11T14:00,1.116,0.0,40.93
2026-06-11T15:00,1.116,0.0,40.93
2026-06-11T16:00,1.119,0.0,41.06
2026-06-11T17:00,1.121,0.0,41.14
2026-06-11T18:00,1.123,0.0,41.23
2026-06-11T19:00,1.126,0.0,41.36
2026-06-11T20:00,1.128,0.0,41.44
2026-06-11T21:00,1.131,0.0,41.57
2026-06-11T22:00,1.133,0.0,41.65
2026-06-11T23:00,1.136,0.0,41.78
2026-06-12T00:00,1.14,0.0,41.95
2026-06-12T01:00,1.145,0.0,42.16
2026-06-12T02:00,1.149,0.0,42.33
2026-06-12T03:00,1.154,0.0,42.55
2026-06-12T04:00,1.15,2.0,42.38
2026-06-12T05:00,1.163,2.4,42.93
2026-06-12T06:00,1.177,0.2,43.52
2026-06-12T07:00,1.178,0.6,43.57
2026-06-12T08:00,1.181,2.4,43.69
2026-06-12T09:00,1.209,2.2,44.91
2026-06-12T10:00,1.211,0.0,45.0
2026-06-12T11:00,1.212,0.0,45.04
2026-06-12T12:00,1.212,0.0,45.04
2026-06-12T13:00,1.205,0.0,44.73
2026-06-12T14:00,1.207,0.2,44.82
2026-06-12T15:00,1.202,0.0,44.59
2026-06-12T16:00,1.2,0.0,44.5
2026-06-12T17:00,1.211,0.0,45.0
2026-06-12T18:00,1.222,0.0,45.49
2026-06-12T19:00,1.221,0.0,45.45
2026-06-12T20:00,1.225,0.0,45.63
2026-06-12T21:00,1.226,0.0,45.67
2026-06-12T22:00,1.228,0.0,45.76
2026-06-12T23:00,1.225,0.0,45.63
2026-06-13T00:00,1.225,0.0,45.63
2026-06-13T01:00,1.23,0.0,45.85
2026-06-13T02:00,1.234,0.0,46.03
2026-06-13T03:00,1.235,0.0,46.08
2026-06-13T04:00,1.239,0.0,46.26
2026-06-13T05:00,1.242,0.0,46.39
2026-06-13T06:00,1.245,0.0,46.53
2026-06-13T07:00,1.249,0.0,46.71
2026-06-13T08:00,1.253,0.0,46.89
2026-06-13T09:00,1.259,0.0,47.16
2026-06-13T10:00,1.256,0.0,47.02
2026-06-13T11:00,1.268,0.0,47.56
2026-06-13T12:00,1.266,0.0,47.47
2026-06-13T13:00,1.267,0.0,47.52
2026-06-13T14:00,1.283,0.0,48.24
2026-06-13T15:00,1.288,0.0,48.46
2026-06-13T16:00,1.291,0.0,48.6
2026-06-13T17:00,1.299,0.0,48.96
2026-06-13T18:00,1.303,0.0,49.14
2026-06-13T19:00,1.306,0.0,49.27
2026-06-13T20:00,1.31,0.0,49.45
2026-06-13T21:00,1.313,0.0,49.59
2026-06-13T22:00,1.316,0.0,49.72
2026-06-13T23:00,1.317,0.0,49.77
2026-06-14T00:00,1.319,0.0,49.86
2026-06-14T01:00,1.32,0.0,49.9
2026-06-14T02:00,1.321,0.0,49.95
2026-06-14T03:00,1.322,0.0,49.99
2026-06-14T04:00,1.323,0.0,50.04
2026-06-14T05:00,1.325,0.0,50.13
2026-06-14T06:00,1.325,0.0,50.13
2026-06-14T07:00,1.325,0.0,50.13
2026-06-14T08:00,1.326,0.0,50.17
2026-06-14T09:00,1.327,0.0,50.22
2026-06-14T10:00,1.327,0.2,50.22
2026-06-14T11:00,1.328,0.0,50.26
2026-06-14T12:00,1.327,0.0,50.22
2026-06-14T13:00,1.326,0.0,50.17
2026-06-14T14:00,1.325,0.0,50.13
2026-06-14T15:00,1.325,0.0,50.13
2026-06-14T16:00,1.323,0.0,50.04
2026-06-14T17:00,1.321,0.0,49.95
2026-06-14T18:00,1.32,0.0,49.9
2026-06-14T19:00,1.318,0.0,49.81
2026-06-14T20:00,1.315,0.0,49.68
2026-06-14T21:00,1.311,0.0,49.5
2026-06-14T22:00,1.308,0.0,49.36
2026-06-14T23:00,1.303,0.0,49.14
2026-06-15T00:00,1.299,0.0,48.96
2026-06-15T01:00,1.294,0.0,48.73
2026-06-15T02:00,1.289,0.0,48.51
2026-06-15T03:00,1.283,0.0,48.24
2026-06-15T04:00,1.28,0.0,48.1
2026-06-15T05:00,1.274,0.0,47.83
2026-06-15T06:00,1.269,0.0,47.61
2026-06-15T07:00,1.263,0.0,47.34
2026-06-15T08:00,1.259,0.0,47.16
2026-06-15T09:00,1.255,0.0,46.98
2026-06-15T10:00,1.25,0.0,46.75
2026-06-15T11:00,1.245,0.0,46.53
2026-06-15T12:00,1.241,0.0,46.35
2026-06-15T13:00,1.238,0.0,46.21
2026-06-15T14:00,1.233,0.0,45.99
2026-06-15T15:00,1.231,0.0,45.9
2026-06-15T16:00,1.225,0.0,45.63
2026-06-15T17:00,1.222,0.0,45.49
2026-06-15T18:00,1.219,0.0,45.36
2026-06-15T19:00,1.213,0.0,45.09
2026-06-15T20:00,1.212,0.0,45.04
2026-06-15T21:00,1.208,0.0,44.86
2026-06-15T22:00,1.206,0.0,44.77
2026-06-15T23:00,1.201,0.0,44.55
2026-06-16T00:00,1.197,0.0,44.37
2026-06-16T01:00,1.194,0.0,44.25
2026-06-16T02:00,1.192,0.0,44.16
2026-06-16T03:00,1.189,0.0,44.03
2026-06-16T04:00,1.187,0.0,43.95
2026-06-16T05:00,1.183,0.0,43.78
2026-06-16T06:00,1.181,0.0,43.69
2026-06-16T07:00,1.18,0.0,43.65
2026-06-16T08:00,1.179,0.0,43.61
2026-06-16T09:00,1.177,0.0,43.52
2026-06-16T10:00,1.178,0.0,43.57
2026-06-16T11:00,1.177,0.0,43.52
2026-06-16T12:00,1.175,0.0,43.44
2026-06-16T13:00,1.171,0.0,43.27
2026-06-16T14:00,1.168,0.0,43.14
2026-06-16T15:00,1.161,0.0,42.84
2026-06-16T16:00,1.16,0.0,42.8
2026-06-16T17:00,1.155,0.0,42.59
2026-06-16T18:00,1.152,0.0,42.46
2026-06-16T19:00,1.15,0.0,42.38
2026-06-16T20:00,1.146,0.0,42.21
2026-06-16T21:00,1.145,0.0,42.16
2026-06-16T22:00,1.141,0.0,41.99
2026-06-16T23:00,1.137,0.0,41.82
2026-06-17T00:00,1.133,0.0,41.65
2026-06-17T01:00,1.13,0.0,41.53
2026-06-17T02:00,1.126,0.0,41.36
2026-06-17T03:00,1.122,0.0,41.19
2026-06-17T04:00,1.119,0.0,41.06
2026-06-17T05:00,1.115,0.0,40.89
2026-06-17T06:00,1.112,0.0,40.76
2026-06-17T07:00,1.11,0.0,40.68
2026-06-17T08:00,1.106,0.0,40.51
2026-06-17T09:00,1.103,0.0,40.38
2026-06-17T10:00,1.102,0.0,40.34
2026-06-17T11:00,1.099,0.0,40.21
2026-06-17T12:00,1.093,0.0,39.95
2026-06-17T13:00,1.088,0.0,39.74
2026-06-17T14:00,1.082,0.0,39.49
2026-06-17T15:00,1.076,0.0,39.23
2026-06-17T16:00,1.076,0.0,39.23
2026-06-17T17:00,1.071,0.0,39.02
2026-06-17T18:00,1.068,0.0,38.89
2026-06-17T19:00,1.064,0.0,38.72
2026-06-17T20:00,1.06,0.0,38.55
2026-06-17T21:00,1.058,0.0,38.47
2026-06-17T22:00,1.055,0.0,38.34
2026-06-17T23:00,1.052,0.0,38.21
2026-06-18T00:00,1.049,0.0,38.08
2026-06-18T01:00,1.047,0.0,38.0
2026-06-18T02:00,1.043,0.0,37.83
2026-06-18T03:00,1.041,0.0,37.74
2026-06-18T04:00,1.037,0.0,37.57
2026-06-18T05:00,1.034,0.0,37.45
2026-06-18T06:00,1.033,0.0,37.4
2026-06-18T07:00,1.031,0.0,37.32
2026-06-18T08:00,1.031,0.0,37.32
2026-06-18T09:00,1.03,0.0,37.28
2026-06-18T10:00,1.029,0.0,37.23
2026-06-18T11:00,1.028,0.0,37.19
2026-06-18T12:00,1.024,0.0,37.02
2026-06-18T13:00,1.019,0.0,36.81
2026-06-18T14:00,1.017,0.0,36.72
2026-06-18T15:00,1.012,0.0,36.51
2026-06-18T16:00,1.007,0.0,36.3
2026-06-18T17:00,1.006,0.0,36.26
2026-06-18T18:00,1.001,0.0,36.04
2026-06-18T19:00,0.998,0.0,35.93
2026-06-18T20:00,0.996,0.0,35.86
2026-06-18T21:00,0.991,0.0,35.69
2026-06-18T22:00,0.986,0.0,35.51
2026-06-18T23:00,0.983,0.0,35.41
2026-06-19T00:00,0.98,0.0,35.3
2026-06-19T01:00,0.974,0.0,35.09
2026-06-19T02:00,0.971,0.0,34.99
2026-06-19T03:00,0.967,0.0,34.85
2026-06-19T04:00,0.962,0.0,34.67
2026-06-19T05:00,0.958,0.0,34.53
2026-06-19T06:00,0.956,0.0,34.46
2026-06-19T07:00,0.953,0.0,34.36
2026-06-19T08:00,0.952,0.0,34.32
2026-06-19T09:00,0.952,0.0,34.32
2026-06-19T10:00,0.951,0.0,34.29
2026-06-19T11:00,0.949,0.0,34.22
2026-06-19T12:00,0.949,0.0,34.22
2026-06-19T13:00,0.948,0.0,34.18
2026-06-19T14:00,0.949,0.0,34.22
2026-06-19T15:00,0.95,0.0,34.25
2026-06-19T16:00,0.948,0.0,34.18
2026-06-19T17:00,0.952,0.0,34.32
2026-06-19T18:00,0.951,0.0,34.29
2026-06-19T19:00,0.955,0.0,34.43
2026-06-19T20:00,0.955,0.2,34.43
2026-06-19T21:00,0.956,0.2,34.46
2026-06-19T22:00,0.956,0.0,34.46
2026-06-19T23:00,0.956,0.0,34.46
2026-06-20T00:00,0.954,0.0,34.39
2026-06-20T01:00,0.951,0.0,34.29
2026-06-20T02:00,0.944,0.0,34.04
2026-06-20T03:00,0.951,0.0,34.29
2026-06-20T04:00,0.952,0.0,34.32
2026-06-20T05:00,0.952,0.0,34.32
2026-06-20T06:00,0.951,0.0,34.29
2026-06-20T07:00,0.951,0.0,34.29
2026-06-20T08:00,0.952,0.2,34.32
2026-06-20T09:00,0.953,0.2,34.36
2026-06-20T10:00,0.941,2.6,33.94
2026-06-20T11:00,0.966,5.4,34.81
2026-06-20T12:00,0.985,0.8,35.48
2026-06-20T13:00,1.034,13.8,37.45
2026-06-20T14:00,1.108,6.6,40.59
2026-06-20T15:00,1.138,2.6,41.87
2026-06-20T16:00,1.151,0.6,42.42
2026-06-20T17:00,1.16,0.2,42.8
2026-06-20T18:00,1.164,0.0,42.97
2026-06-20T19:00,1.167,0.0,43.1
2026-06-20T20:00,1.165,0.8,43.01
2026-06-20T21:00,1.182,0.6,43.74
2026-06-20T22:00,1.193,0.2,44.2
2026-06-20T23:00,1.204,0.0,44.68
2026-06-21T00:00,1.214,0.0,45.13
2026-06-21T01:00,1.224,0.2,45.58
2026-06-21T02:00,1.233,0.0,45.99
2026-06-21T03:00,1.246,0.0,46.57
2026-06-21T04:00,1.261,0.0,47.25
2026-06-21T05:00,1.278,0.0,48.01
2026-06-21T06:00,1.298,0.0,48.91
2026-06-21T07:00,1.32,0.0,49.9
2026-06-21T08:00,1.346,0.0,51.07
2026-06-21T09:00,1.377,0.0,52.47
2026-06-21T10:00,1.41,0.0,53.95
2026-06-21T11:00,1.452,0.0,55.84
2026-06-21T12:00,1.493,0.0,57.69
2026-06-21T13:00,1.54,0.0,59.8
2026-06-21T14:00,1.591,0.0,62.1
2026-06-21T15:00,1.641,0.0,64.35
2026-06-21T16:00,1.694,0.0,66.73
2026-06-21T17:00,1.746,0.0,69.07
2026-06-21T18:00,1.798,0.0,71.41
2026-06-21T19:00,1.848,0.0,73.66
2026-06-21T20:00,1.896,0.0,75.82
2026-06-21T21:00,1.941,0.0,77.85
2026-06-21T22:00,1.983,0.0,79.74
2026-06-21T23:00,2.022,0.0,81.49
2026-06-22T00:00,2.057,0.0,83.07
2026-06-22T01:00,2.089,0.0,84.51
2026-06-22T02:00,2.12,0.0,85.9
2026-06-22T03:00,2.146,0.0,87.07
2026-06-22T04:00,2.17,0.0,88.15
2026-06-22T05:00,2.19,0.0,89.05
2026-06-22T06:00,2.209,0.0,89.91
2026-06-22T07:00,2.226,0.0,90.67
2026-06-22T08:00,2.241,0.0,91.35
2026-06-22T09:00,2.255,0.0,91.98
2026-06-22T10:00,2.264,0.0,92.38
2026-06-22T11:00,2.269,0.0,92.61
2026-06-22T12:00,2.272,0.0,92.74
2026-06-22T13:00,2.276,0.0,92.92
2026-06-22T14:00,2.276,0.0,92.92
2026-06-22T15:00,2.272,0.0,92.74
2026-06-22T16:00,2.269,3.0,92.61
2026-06-22T17:00,2.279,4.6,93.06
2026-06-22T18:00,2.277,2.8,92.97
2026-06-22T19:00,2.28,2.4,93.1
2026-06-22T20:00,2.283,1.0,93.24
2026-06-22T21:00,2.277,0.4,92.97
2026-06-22T22:00,2.268,0.0,92.56
2026-06-22T23:00,2.279,0.0,93.06
2026-06-23T00:00,2.269,0.0,92.61
2026-06-23T01:00,2.258,0.0,92.11
2026-06-23T02:00,2.249,0.0,91.71
2026-06-23T03:00,2.241,0.0,91.35
2026-06-23T04:00,2.234,0.0,91.03
2026-06-23T05:00,2.225,0.2,90.63
2026-06-23T06:00,2.218,0.0,90.31
2026-06-23T07:00,2.211,0.0,90.0
2026-06-23T08:00,2.203,0.0,89.64
2026-06-23T09:00,2.197,0.0,89.37
2026-06-23T10:00,2.189,0.0,89.01
2026-06-23T11:00,2.183,0.0,88.74
2026-06-23T12:00,2.177,0.0,88.47
2026-06-23T13:00,2.171,0.0,88.2
2026-06-23T14:00,2.166,0.0,87.97
2026-06-23T15:00,2.162,0.0,87.79
2026-06-23T16:00,2.16,0.0,87.7
2026-06-23T17:00,2.157,0.0,87.57
2026-06-23T18:00,2.156,0.0,87.52
2026-06-23T19:00,2.156,0.0,87.52
2026-06-23T20:00,2.157,0.0,87.57
2026-06-23T21:00,2.157,0.0,87.57
2026-06-23T22:00,2.158,0.0,87.61
2026-06-23T23:00,2.159,0.0,87.66
2026-06-24T00:00,2.158,0.0,87.61
2026-06-24T01:00,2.159,0.0,87.66
2026-06-24T02:00,2.159,0.0,87.66
2026-06-24T03:00,2.159,0.0,87.66
2026-06-24T04:00,2.159,0.0,87.66
2026-06-24T05:00,2.159,0.0,87.66
2026-06-24T06:00,2.156,0.0,87.52
2026-06-24T07:00,2.155,0.0,87.48
2026-06-24T08:00,2.154,0.0,87.43
2026-06-24T09:00,2.149,0.0,87.21
2026-06-24T10:00,2.146,0.0,87.07
2026-06-24T11:00,2.138,0.0,86.71
2026-06-24T12:00,2.136,0.0,86.62
2026-06-24T13:00,2.129,0.0,86.31
2026-06-24T14:00,2.12,0.0,85.9
2026-06-24T15:00,2.111,0.0,85.5
2026-06-24T16:00,2.103,0.0,85.14
2026-06-24T17:00,2.094,0.0,84.73
2026-06-24T18:00,2.082,0.0,84.19
2026-06-24T19:00,2.071,0.0,83.7
2026-06-24T20:00,2.059,0.0,83.16
2026-06-24T21:00,2.046,0.0,82.57
2026-06-24T22:00,2.035,0.0,82.08
2026-06-24T23:00,2.021,0.0,81.45
2026-06-25T00:00,2.007,0.0,80.82
2026-06-25T01:00,1.992,0.0,80.14
2026-06-25T02:00,1.979,0.0,79.56
2026-06-25T03:00,1.964,0.0,78.88
2026-06-25T04:00,1.949,0.0,78.21
2026-06-25T05:00,1.934,0.0,77.53
2026-06-25T06:00,1.919,0.0,76.86
2026-06-25T07:00,1.904,0.0,76.18
2026-06-25T08:00,1.891,0.0,75.6
2026-06-25T09:00,1.877,0.0,74.97
2026-06-25T10:00,1.864,0.0,74.38
2026-06-25T11:00,1.851,0.0,73.8
2026-06-25T12:00,1.835,0.0,73.08
2026-06-25T13:00,1.821,0.0,72.45
2026-06-25T14:00,1.806,0.0,71.77
2026-06-25T15:00,1.794,0.0,71.23
2026-06-25T16:00,1.78,0.0,70.6
2026-06-25T17:00,1.767,0.0,70.02
2026-06-25T18:00,1.756,0.0,69.52
2026-06-25T19:00,1.744,0.0,68.98
2026-06-25T20:00,1.733,0.0,68.49
2026-06-25T21:00,1.723,0.0,68.04
2026-06-25T22:00,1.712,0.0,67.54
2026-06-25T23:00,1.702,0.0,67.09
2026-06-26T00:00,1.691,0.0,66.6
2026-06-26T01:00,1.68,0.0,66.1
2026-06-26T02:00,1.67,0.0,65.65
2026-06-26T03:00,1.661,0.0,65.25
2026-06-26T04:00,1.652,0.0,64.84
2026-06-26T05:00,1.643,0.0,64.44
2026-06-26T06:00,1.634,0.0,64.03
2026-06-26T07:00,1.626,0.0,63.67
2026-06-26T08:00,1.618,0.0,63.31
2026-06-26T09:00,1.611,0.0,63.0
2026-06-26T10:00,1.605,0.0,62.73
2026-06-26T11:00,1.599,0.0,62.46
2026-06-26T12:00,1.59,0.0,62.05
2026-06-26T13:00,1.584,0.0,61.78
2026-06-26T14:00,1.576,0.0,61.42
2026-06-26T15:00,1.569,0.0,61.11
2026-06-26T16:00,1.562,0.0,60.79
2026-06-26T17:00,1.555,0.0,60.48
2026-06-26T18:00,1.549,0.0,60.21
2026-06-26T19:00,1.543,0.0,59.94
2026-06-26T20:00,1.537,0.0,59.67
2026-06-26T21:00,1.532,0.0,59.44
2026-06-26T22:00,1.525,0.0,59.13
2026-06-26T23:00,1.519,0.0,58.86
2026-06-27T00:00,1.513,0.0,58.59
2026-06-27T01:00,1.508,0.0,58.36
2026-06-27T02:00,1.503,0.0,58.14
2026-06-27T03:00,1.499,0.0,57.96
2026-06-27T04:00,1.494,0.0,57.73
2026-06-27T05:00,1.488,0.0,57.46
2026-06-27T06:00,1.484,0.0,57.28
2026-06-27T07:00,1.48,0.0,57.1
2026-06-27T08:00,1.476,0.0,56.92
2026-06-27T09:00,1.472,0.0,56.74
2026-06-27T10:00,1.469,0.0,56.61
2026-06-27T11:00,1.464,0.0,56.38
2026-06-27T12:00,1.458,0.0,56.11
2026-06-27T13:00,1.453,0.0,55.89
2026-06-27T14:00,1.451,0.6,55.8
2026-06-27T15:00,1.448,0.0,55.66
2026-06-27T16:00,1.443,0.0,55.44
2026-06-27T17:00,1.44,0.0,55.3
2026-06-27T18:00,1.434,0.0,55.03
2026-06-27T19:00,1.43,0.0,54.85
2026-06-27T20:00,1.424,0.0,54.58
2026-06-27T21:00,1.42,0.0,54.4
2026-06-27T22:00,1.417,0.0,54.27
2026-06-27T23:00,1.413,0.0,54.09
2026-06-28T00:00,1.408,1.0,53.86
2026-06-28T01:00,1.408,0.0,53.86
2026-06-28T02:00,1.405,0.4,53.73
2026-06-28T03:00,1.404,0.2,53.68
2026-06-28T04:00,1.401,0.0,53.55
2026-06-28T05:00,1.398,0.0,53.41
2026-06-28T06:00,1.395,0.2,53.28
2026-06-28T07:00,1.393,0.4,53.19
2026-06-28T08:00,1.389,0.0,53.01
2026-06-28T09:00,1.388,0.0,52.96
2026-06-28T10:00,1.386,0.0,52.87
2026-06-28T11:00,1.383,0.2,52.74
2026-06-28T12:00,1.381,0.0,52.65
2026-06-28T13:00,1.373,0.0,52.29
2026-06-28T14:00,1.371,0.0,52.2
2026-06-28T15:00,1.372,0.0,52.24
2026-06-28T16:00,1.369,0.0,52.11
2026-06-28T17:00,1.37,0.0,52.15
2026-06-28T18:00,1.366,0.0,51.97
2026-06-28T19:00,1.356,0.2,51.52
2026-06-28T20:00,1.37,3.4,52.15
2026-06-28T21:00,1.376,1.2,52.42
2026-06-28T22:00,1.378,0.0,52.51
2026-06-28T23:00,1.378,0.2,52.51
2026-06-29T00:00,1.365,3.0,51.93
2026-06-29T01:00,1.41,7.6,53.95
2026-06-29T02:00,1.43,0.0,54.85
2026-06-29T03:00,1.433,0.0,54.99
2026-06-29T04:00,1.43,4.0,54.85
2026-06-29T05:00,1.478,7.2,57.01
2026-06-29T06:00,1.514,0.2,58.63
2026-06-29T07:00,1.523,0.0,59.04
2026-06-29T08:00,1.537,0.0,59.67
2026-06-29T09:00,1.542,1.6,59.89
2026-06-29T10:00,1.568,1.0,61.06
2026-06-29T11:00,1.584,0.0,61.78
2026-06-29T12:00,1.601,0.0,62.55
2026-06-29T13:00,1.621,0.0,63.45
2026-06-29T14:00,1.642,0.4,64.39
2026-06-29T15:00,1.681,4.6,66.15
2026-06-29T16:00,1.714,0.4,67.63
2026-06-29T17:00,1.781,3.8,70.65
2026-06-29T18:00,1.8,4.4,71.5
2026-06-29T19:00,1.863,0.6,74.34
2026-06-29T20:00,1.904,2.6,76.18
2026-06-29T21:00,1.945,4.4,78.03
2026-06-29T22:00,2.071,5.6,83.7
2026-06-29T23:00,2.102,3.0,85.09
2026-06-30T00:00,2.188,2.6,88.96
2026-06-30T01:00,2.264,2.6,92.38
2026-06-30T02:00,2.369,0.2,97.11
2026-06-30T03:00,2.46,0.0,101.2
2026-06-30T04:00,2.55,0.0,105.25
2026-06-30T05:00,2.639,0.2,109.26
2026-06-30T06:00,2.725,0.0,113.13
2026-06-30T07:00,2.809,0.0,116.91
2026-06-30T08:00,2.892,0.2,120.64
2026-06-30T09:00,2.971,0.0,124.2
2026-06-30T10:00,3.049,0.0,127.71
2026-06-30T11:00,3.125,0.0,131.13
2026-06-30T12:00,3.199,0.0,134.46
2026-06-30T13:00,3.275,0.0,138.06
2026-06-30T14:00,3.351,0.2,141.67
2026-06-30T15:00,3.423,0.0,145.15
2026-06-30T16:00,3.497,0.0,148.85
2026-06-30T17:00,3.569,0.0,152.45
2026-06-30T18:00,3.641,0.0,156.05
2026-06-30T19:00,3.711,0.0,159.55
2026-06-30T20:00,3.778,0.0,162.9
2026-06-30T21:00,3.843,0.0,166.15
2026-06-30T22:00,3.907,0.0,169.35
2026-06-30T23:00,3.967,0.0,172.35
2026-07-01T00:00,4.025,0.0,175.25
2026-07-01T01:00,4.082,0.0,178.1
2026-07-01T02:00,4.135,0.0,180.75
2026-07-01T03:00,4.186,0.0,183.3
2026-07-01T04:00,4.235,0.0,185.75
2026-07-01T05:00,4.282,0.0,188.1
2026-07-01T06:00,4.325,0.0,190.25
2026-07-01T07:00,4.368,0.0,192.4
2026-07-01T08:00,4.411,0.0,194.55
2026-07-01T09:00,4.452,0.0,196.6
2026-07-01T10:00,4.495,0.0,198.75
2026-07-01T11:00,4.539,0.0,200.95
2026-07-01T12:00,4.582,0.0,203.1
2026-07-01T13:00,4.625,0.0,205.25
2026-07-01T14:00,4.671,0.0,207.55
2026-07-01T15:00,4.715,0.0,209.75
2026-07-01T16:00,4.761,0.0,212.05
2026-07-01T17:00,4.806,0.0,214.3
2026-07-01T18:00,4.849,0.0,216.45
2026-07-01T19:00,4.894,0.0,218.7
2026-07-01T20:00,4.941,0.0,221.05
2026-07-01T21:00,4.986,0.0,223.3
2026-07-01T22:00,5.028,0.0,225.4
2026-07-01T23:00,5.069,0.0,227.45
2026-07-02T00:00,5.106,0.0,229.3
2026-07-02T01:00,5.144,0.0,231.2
2026-07-02T02:00,5.179,0.0,232.95
2026-07-02T03:00,5.215,0.0,234.75
2026-07-02T04:00,5.248,0.0,236.4
2026-07-02T05:00,5.278,0.0,237.9
2026-07-02T06:00,5.308,0.0,239.4
2026-07-02T07:00,5.334,0.0,240.7
2026-07-02T08:00,5.36,0.0,242.0
2026-07-02T09:00,5.382,0.0,243.1
2026-07-02T10:00,5.402,0.0,244.1
2026-07-02T11:00,5.421,0.0,245.05
2026-07-02T12:00,5.438,0.0,245.9
2026-07-02T13:00,5.451,0.0,246.55
2026-07-02T14:00,5.464,0.0,247.2
2026-07-02T15:00,5.475,0.0,247.75
2026-07-02T16:00,5.485,0.0,248.25
2026-07-02T17:00,5.485,0.0,248.25
2026-07-02T18:00,5.492,0.0,248.6
2026-07-02T19:00,5.5,0.0,249.0
2026-07-02T20:00,5.503,0.0,249.15
2026-07-02T21:00,5.504,0.0,249.2
2026-07-02T22:00,5.503,0.0,249.15
2026-07-02T23:00,5.5,0.0,249.0
2026-07-03T00:00,5.496,0.0,248.8
2026-07-03T01:00,5.492,0.0,248.6
2026-07-03T02:00,5.485,0.0,248.25
2026-07-03T03:00,5.478,0.0,247.9
2026-07-03T04:00,5.468,0.0,247.4
2026-07-03T05:00,5.457,0.0,246.85
2026-07-03T06:00,5.446,0.0,246.3
2026-07-03T07:00,5.435,0.0,245.75
2026-07-03T08:00,5.421,0.0,245.05
2026-07-03T09:00,5.406,0.0,244.3
2026-07-03T10:00,5.391,0.0,243.55
2026-07-03T11:00,5.374,0.0,242.7
2026-07-03T12:00,5.355,0.0,241.75
2026-07-03T13:00,5.338,0.0,240.9
2026-07-03T14:00,5.318,0.0,239.9
2026-07-03T15:00,5.298,0.0,238.9
2026-07-03T16:00,5.278,0.0,237.9
2026-07-03T17:00,5.257,0.0,236.85
2026-07-03T18:00,5.236,0.0,235.8
2026-07-03T19:00,5.214,0.0,234.7
2026-07-03T20:00,5.19,0.0,233.5
2026-07-03T21:00,5.165,0.0,232.25
2026-07-03T22:00,5.142,0.0,231.1
2026-07-03T23:00,5.116,0.0,229.8
2026-07-04T00:00,5.092,0.0,228.6
2026-07-04T01:00,5.066,0.0,227.3
2026-07-04T02:00,5.039,0.0,225.95
2026-07-04T03:00,5.012,0.0,224.6
2026-07-04T04:00,4.986,0.0,223.3
2026-07-04T05:00,4.958,0.0,221.9
2026-07-04T06:00,4.93,0.0,220.5
2026-07-04T07:00,4.902,0.0,219.1
2026-07-04T08:00,4.874,0.0,217.7
2026-07-04T09:00,4.846,0.0,216.3
2026-07-04T10:00,4.818,0.0,214.9
2026-07-04T11:00,4.788,0.0,213.4
2026-07-04T12:00,4.759,0.0,211.95
2026-07-04T13:00,4.727,0.0,210.35
2026-07-04T14:00,4.7,0.0,209.0
2026-07-04T15:00,4.67,0.0,207.5
2026-07-04T16:00,4.632,0.0,205.6
2026-07-04T17:00,4.6,0.0,204.0
2026-07-04T18:00,4.574,0.0,202.7
2026-07-04T19:00,4.547,0.0,201.35
2026-07-04T20:00,4.516,0.0,199.8
2026-07-04T21:00,4.485,0.0,198.25
2026-07-04T22:00,4.453,0.0,196.65
2026-07-04T23:00,4.421,0.0,195.05
2026-07-05T00:00,4.389,0.0,193.45
2026-07-05T01:00,4.357,0.0,191.85
2026-07-05T02:00,4.325,0.0,190.25
2026-07-05T03:00,4.293,0.0,188.65
2026-07-05T04:00,4.26,0.0,187.0
2026-07-05T05:00,4.227,0.0,185.35
2026-07-05T06:00,4.196,0.0,183.8
2026-07-05T07:00,4.163,0.0,182.15
2026-07-05T08:00,4.131,0.0,180.55
2026-07-05T09:00,4.099,0.0,178.95
2026-07-05T10:00,4.065,0.0,177.25
2026-07-05T11:00,4.031,0.0,175.55
2026-07-05T12:00,4.003,0.0,174.15
2026-07-05T13:00,3.971,0.0,172.55
2026-07-05T14:00,3.938,0.0,170.9
2026-07-05T15:00,3.907,0.0,169.35
2026-07-05T16:00,3.876,0.0,167.8
2026-07-05T17:00,3.846,0.0,166.3
2026-07-05T18:00,3.816,0.0,164.8
2026-07-05T19:00,3.785,0.0,163.25
2026-07-05T20:00,3.757,0.0,161.85
2026-07-05T21:00,3.725,0.0,160.25
2026-07-05T22:00,3.695,0.0,158.75
2026-07-05T23:00,3.666,0.0,157.3
2026-07-06T00:00,3.636,0.0,155.8
2026-07-06T01:00,3.607,0.0,154.35
2026-07-06T02:00,3.58,0.0,153.0
2026-07-06T03:00,3.552,0.0,151.6
2026-07-06T04:00,3.524,0.0,150.2
2026-07-06T05:00,3.496,0.0,148.8
2026-07-06T06:00,3.468,0.0,147.4
2026-07-06T07:00,3.443,0.0,146.15
2026-07-06T08:00,3.417,0.0,144.85
2026-07-06T09:00,3.391,0.0,143.57
2026-07-06T10:00,3.365,0.0,142.34
2026-07-06T11:00,3.339,0.0,141.1
2026-07-06T12:00,3.314,0.0,139.92
2026-07-06T13:00,3.289,0.0,138.73
2026-07-06T14:00,3.265,0.0,137.59
2026-07-06T15:00,3.239,0.0,136.35
2026-07-06T16:00,3.214,0.0,135.17
2026-07-06T17:00,3.193,0.0,134.19
2026-07-06T18:00,3.169,1.6,133.11
2026-07-06T19:00,3.176,7.4,133.42
2026-07-06T20:00,3.154,2.0,132.43
2026-07-06T21:00,3.135,1.4,131.58
2026-07-06T22:00,3.115,0.2,130.68
2026-07-06T23:00,3.093,0.2,129.69
2026-07-07T00:00,3.072,0.0,128.74
2026-07-07T01:00,3.049,0.0,127.71
2026-07-07T02:00,3.028,0.2,126.76
2026-07-07T03:00,3.008,0.2,125.86
2026-07-07T04:00,2.987,0.0,124.92
2026-07-07T05:00,2.968,0.0,124.06
2026-07-07T06:00,2.947,0.0,123.12
2026-07-07T07:00,2.928,0.0,122.26
2026-07-07T08:00,2.908,0.0,121.36
2026-07-07T09:00,2.889,0.0,120.51
2026-07-07T10:00,2.87,0.0,119.65
2026-07-07T11:00,2.853,0.0,118.89
2026-07-07T12:00,2.83,0.0,117.85
2026-07-07T13:00,2.815,0.0,117.18
2026-07-07T14:00,2.797,0.0,116.37
2026-07-07T15:00,2.779,0.0,115.56
2026-07-07T16:00,2.762,0.0,114.79
2026-07-07T17:00,2.744,0.0,113.98
2026-07-07T18:00,2.729,0.0,113.31
2026-07-07T19:00,2.714,0.0,112.63
2026-07-07T20:00,2.7,0.0,112.0
2026-07-07T21:00,2.685,0.0,111.33
2026-07-07T22:00,2.672,0.0,110.74
2026-07-07T23:00,2.659,0.0,110.16
2026-07-08T00:00,2.646,0.0,109.57
2026-07-08T01:00,2.633,0.0,108.99
2026-07-08T02:00,2.621,0.0,108.45
2026-07-08T03:00,2.608,0.0,107.86
2026-07-08T04:00,2.597,0.0,107.37
2026-07-08T05:00,2.586,0.0,106.87
2026-07-08T06:00,2.574,0.0,106.33
2026-07-08T07:00,2.563,0.0,105.84
2026-07-08T08:00,2.553,0.0,105.39
2026-07-08T09:00,2.541,0.0,104.85
2026-07-08T10:00,2.531,0.0,104.4
2026-07-08T11:00,2.523,0.0,104.04
2026-07-08T13:00,2.497,0.0,102.87
2026-07-08T14:00,2.483,0.0,102.24
2026-07-08T15:00,2.469,0.0,101.61
2026-07-08T16:00,2.457,0.0,101.07
2026-07-08T17:00,2.442,0.0,100.39
2026-07-08T18:00,2.43,0.0,99.85
2026-07-08T19:00,2.416,0.0,99.22
2026-07-08T20:00,2.403,0.0,98.64
2026-07-08T21:00,2.39,0.0,98.05
2026-07-08T22:00,2.376,0.0,97.42
2026-07-08T23:00,2.362,0.0,96.79
2026-07-09T00:00,2.35,0.0,96.25
2026-07-09T01:00,2.337,0.0,95.67
2026-07-09T02:00,2.323,0.0,95.04
2026-07-09T03:00,2.311,0.0,94.5
2026-07-09T04:00,2.298,0.0,93.91
2026-07-09T05:00,2.287,0.0,93.42
2026-07-09T06:00,2.274,0.0,92.83
2026-07-09T07:00,2.263,0.0,92.34
2026-07-09T08:00,2.252,0.0,91.84
2026-07-09T09:00,2.241,0.0,91.35
2026-07-09T10:00,2.231,0.0,90.9
2026-07-09T11:00,2.222,0.0,90.49
2026-07-09T12:00,2.209,0.0,89.91
2026-07-09T13:00,2.198,0.0,89.41
2026-07-09T14:00,2.187,0.0,88.92
2026-07-09T15:00,2.176,0.0,88.42
2026-07-09T16:00,2.165,0.0,87.93
2026-07-09T17:00,2.156,0.0,87.52
2026-07-09T18:00,2.143,0.0,86.94
2026-07-09T19:00,2.134,0.0,86.53
2026-07-09T20:00,2.123,0.0,86.04
2026-07-09T21:00,2.113,0.0,85.59
2026-07-09T22:00,2.102,0.0,85.09
2026-07-09T23:00,2.092,0.0,84.64
2026-07-10T00:00,2.082,0.0,84.19
2026-07-10T01:00,2.071,0.0,83.7
2026-07-10T02:00,2.061,0.0,83.25
2026-07-10T03:00,2.051,0.0,82.8
2026-07-10T04:00,2.042,0.0,82.39
2026-07-10T05:00,2.033,0.0,81.99
2026-07-10T06:00,2.024,0.0,81.58
2026-07-10T07:00,2.017,0.0,81.27
2026-07-10T08:00,2.01,0.0,80.95
2026-07-10T09:00,2.002,0.0,80.59
2026-07-10T10:00,1.995,0.0,80.28
2026-07-10T11:00,1.987,0.0,79.92
2026-07-10T12:00,1.978,0.0,79.51
2026-07-10T13:00,1.973,0.0,79.29
2026-07-10T14:00,1.965,2.8,78.93
2026-07-10T15:00,1.982,6.0,79.69
2026-07-10T16:00,1.999,4.6,80.46
2026-07-10T17:00,2.004,1.4,80.68
2026-07-10T18:00,2.005,2.4,80.73
2026-07-10T19:00,2.008,2.2,80.86
2026-07-10T20:00,2.016,0.2,81.22
2026-07-10T21:00,2.004,2.6,80.68
2026-07-10T22:00,2.031,6.8,81.9
2026-07-10T23:00,2.07,2.0,83.65
2026-07-11T00:00,2.078,6.4,84.01
2026-07-11T01:00,2.113,0.2,85.59
2026-07-11T02:00,2.121,0.0,85.95
2026-07-11T03:00,2.132,0.0,86.44
2026-07-11T04:00,2.144,0.4,86.98
2026-07-11T05:00,2.158,0.0,87.61
2026-07-11T06:00,2.174,0.0,88.33
2026-07-11T07:00,2.19,0.0,89.05
2026-07-11T08:00,2.205,0.0,89.73
2026-07-11T09:00,2.222,0.0,90.49
2026-07-11T10:00,2.239,0.0,91.26
2026-07-11T11:00,2.261,0.0,92.25
2026-07-11T12:00,2.281,0.0,93.15
2026-07-11T13:00,2.302,2.4,94.09
2026-07-11T14:00,2.348,4.4,96.16
2026-07-11T15:00,2.393,1.2,98.19
2026-07-11T16:00,2.421,4.8,99.45
2026-07-11T17:00,2.505,7.0,103.23
2026-07-11T18:00,2.567,2.4,106.02
2026-07-11T19:00,2.628,0.8,108.76
2026-07-11T20:00,2.681,0.0,111.15
2026-07-11T21:00,2.734,0.0,113.53
2026-07-11T22:00,2.79,0.0,116.05
2026-07-11T23:00,2.847,0.0,118.62
2026-07-12T00:00,2.904,0.0,121.18
2026-07-12T01:00,2.964,0.0,123.88
2026-07-12T02:00,3.022,0.0,126.49
2026-07-12T03:00,3.083,0.0,129.24
2026-07-12T04:00,3.146,0.0,132.07
2026-07-12T05:00,3.213,0.0,135.12
2026-07-12T06:00,3.281,0.0,138.35
2026-07-12T07:00,3.353,0.0,141.77
2026-07-12T08:00,3.428,0.0,145.4
2026-07-12T09:00,3.506,0.0,149.3
2026-07-12T10:00,3.581,0.0,153.05
2026-07-12T11:00,3.66,0.0,157.0
2026-07-12T12:00,3.739,0.0,160.95
2026-07-12T13:00,3.813,0.2,164.65
2026-07-12T14:00,3.892,0.0,168.6
2026-07-12T15:00,3.962,0.0,172.1
2026-07-12T16:00,4.034,0.0,175.7
2026-07-12T17:00,4.099,0.0,178.95
2026-07-12T18:00,4.164,0.0,182.2
2026-07-12T19:00,4.225,0.0,185.25
2026-07-12T20:00,4.281,0.0,188.05
2026-07-12T21:00,4.335,0.0,190.75
2026-07-12T22:00,4.386,0.0,193.3
2026-07-12T23:00,4.433,0.0,195.65
2026-07-13T00:00,4.475,0.0,197.75
2026-07-13T01:00,4.517,0.0,199.85
2026-07-13T02:00,4.555,0.0,201.75
2026-07-13T03:00,4.59,0.0,203.5
2026-07-13T04:00,4.622,0.0,205.1
2026-07-13T05:00,4.652,0.0,206.6
2026-07-13T06:00,4.679,0.0,207.95
2026-07-13T07:00,4.705,0.0,209.25
2026-07-13T08:00,4.729,0.0,210.45
2026-07-13T09:00,4.751,0.0,211.55
2026-07-13T10:00,4.771,0.0,212.55
2026-07-13T11:00,4.79,0.0,213.5
2026-07-13T12:00,4.805,0.0,214.25
2026-07-13T13:00,4.819,0.0,214.95
2026-07-13T14:00,4.831,0.0,215.55
2026-07-13T15:00,4.838,0.0,215.9
2026-07-13T16:00,4.847,0.0,216.35
2026-07-13T17:00,4.848,0.0,216.4
2026-07-13T18:00,4.853,0.0,216.65
2026-07-13T19:00,4.859,0.0,216.95
2026-07-13T20:00,4.861,0.0,217.05
2026-07-13T21:00,4.86,0.0,217.0
2026-07-13T22:00,4.858,0.0,216.9
2026-07-13T23:00,4.853,0.0,216.65
2026-07-14T00:00,4.848,0.0,216.4
2026-07-14T01:00,4.842,0.0,216.1
2026-07-14T02:00,4.835,0.0,215.75
2026-07-14T03:00,4.825,0.0,215.25
2026-07-14T04:00,4.815,0.0,214.75
2026-07-14T05:00,4.804,0.0,214.2
2026-07-14T06:00,4.793,0.0,213.65
2026-07-14T07:00,4.781,0.0,213.05
2026-07-14T08:00,4.769,0.0,212.45
2026-07-14T09:00,4.756,0.0,211.8
2026-07-14T10:00,4.737,0.0,210.85
2026-07-14T11:00,4.726,0.0,210.3
2026-07-14T12:00,4.709,0.0,209.45
2026-07-14T13:00,4.693,0.0,208.65
2026-07-14T14:00,4.675,0.0,207.75
2026-07-14T15:00,4.656,0.0,206.8
2026-07-14T16:00,4.639,0.0,205.95
2026-07-14T17:00,4.621,0.0,205.05
2026-07-14T18:00,4.602,0.0,204.1
2026-07-14T19:00,4.583,0.0,203.15
2026-07-14T20:00,4.562,0.0,202.1
2026-07-14T21:00,4.54,0.0,201.0
2026-07-14T22:00,4.518,0.0,199.9
2026-07-14T23:00,4.495,0.0,198.75
2026-07-15T00:00,4.472,0.0,197.6
2026-07-15T01:00,4.448,0.0,196.4
2026-07-15T02:00,4.424,0.0,195.2
2026-07-15T03:00,4.399,0.0,193.95
2026-07-15T04:00,4.373,0.0,192.65
2026-07-15T05:00,4.349,0.0,191.45
2026-07-15T06:00,4.322,0.0,190.1
2026-07-15T07:00,4.295,0.0,188.75
2026-07-15T08:00,4.269,0.0,187.45
2026-07-15T09:00,4.241,0.0,186.05
2026-07-15T10:00,4.211,0.0,184.55
2026-07-15T11:00,4.182,0.0,183.1
2026-07-15T12:00,4.151,0.0,181.55
2026-07-15T13:00,4.123,0.0,180.15
2026-07-15T14:00,4.092,0.0,178.6
2026-07-15T15:00,4.061,0.0,177.05
2026-07-15T16:00,4.03,0.0,175.5
2026-07-15T17:00,3.998,0.0,173.9
2026-07-15T18:00,3.966,0.0,172.3
2026-07-15T19:00,3.935,0.0,170.75
2026-07-15T20:00,3.902,0.0,169.1
2026-07-15T21:00,3.871,0.0,167.55
2026-07-15T22:00,3.839,0.0,165.95
2026-07-15T23:00,3.806,0.0,164.3
2026-07-16T00:00,3.774,0.0,162.7
2026-07-16T01:00,3.744,0.0,161.2
2026-07-16T02:00,3.712,0.0,159.6
2026-07-16T03:00,3.681,0.0,158.05
2026-07-16T04:00,3.651,0.0,156.55
2026-07-16T05:00,3.62,0.0,155.0
2026-07-16T06:00,3.59,0.0,153.5
2026-07-16T07:00,3.561,0.0,152.05
2026-07-16T08:00,3.532,0.0,150.6
2026-07-16T09:00,3.503,0.0,149.15
2026-07-16T10:00,3.477,0.0,147.85
2026-07-16T11:00,3.45,0.0,146.5
2026-07-16T12:00,3.423,0.0,145.15
2026-07-16T13:00,3.395,0.0,143.76
2026-07-16T14:00,3.368,0.0,142.48
2026-07-16T15:00,3.342,0.0,141.25
2026-07-16T16:00,3.311,0.0,139.77
2026-07-16T17:00,3.29,0.0,138.78
2026-07-16T18:00,3.264,0.0,137.54
2026-07-16T19:00,3.241,0.0,136.45
2026-07-16T20:00,3.216,0.0,135.26
2026-07-16T21:00,3.192,0.0,134.14
2026-07-16T22:00,3.168,0.0,133.06
2026-07-16T23:00,3.144,0.0,131.98
2026-07-17T00:00,3.122,0.0,130.99
2026-07-17T01:00,3.099,0.0,129.96
2026-07-17T02:00,3.078,0.0,129.01
2026-07-17T03:00,3.056,0.0,128.02
2026-07-17T04:00,3.034,0.0,127.03
2026-07-17T05:00,3.014,0.0,126.13
2026-07-17T06:00,2.992,0.0,125.14
2026-07-17T07:00,2.971,0.0,124.2
2026-07-17T08:00,2.952,0.0,123.34
2026-07-17T09:00,2.931,0.0,122.4
2026-07-17T10:00,2.912,0.0,121.54
2026-07-17T11:00,2.891,0.0,120.6
2026-07-17T12:00,2.869,0.0,119.61
2026-07-17T13:00,2.852,0.0,118.84
2026-07-17T14:00,2.834,0.0,118.03
2026-07-17T15:00,2.812,0.0,117.04
2026-07-17T16:00,2.795,0.0,116.28
2026-07-17T17:00,2.777,0.0,115.47
2026-07-17T18:00,2.759,0.0,114.66
2026-07-17T19:00,2.742,0.0,113.89
2026-07-17T20:00,2.727,0.0,113.22
2026-07-17T21:00,2.71,0.0,112.45
2026-07-17T22:00,2.694,0.0,111.73
2026-07-17T23:00,2.679,0.0,111.06
2026-07-18T00:00,2.663,0.0,110.34
2026-07-18T01:00,2.648,0.0,109.66
2026-07-18T02:00,2.634,0.0,109.03
2026-07-18T03:00,2.619,0.0,108.36
2026-07-18T04:00,2.605,0.0,107.73
2026-07-18T05:00,2.59,0.0,107.05
2026-07-18T06:00,2.577,0.0,106.47
2026-07-18T07:00,2.563,0.0,105.84
2026-07-18T08:00,2.55,0.0,105.25
2026-07-18T09:00,2.538,0.0,104.71
2026-07-18T10:00,2.524,0.0,104.08
2026-07-18T11:00,2.509,0.0,103.41
2026-07-18T12:00,2.499,0.0,102.96
2026-07-18T13:00,2.488,0.0,102.46
2026-07-18T14:00,2.474,0.0,101.83
2026-07-18T15:00,2.46,0.0,101.2
2026-07-18T16:00,2.448,0.0,100.66
2026-07-18T17:00,2.437,0.0,100.17
2026-07-18T18:00,2.424,0.0,99.58
2026-07-18T19:00,2.412,0.0,99.04
2026-07-18T20:00,2.401,0.0,98.55
2026-07-18T21:00,2.388,0.0,97.96
2026-07-18T22:00,2.377,0.0,97.47
2026-07-18T23:00,2.365,0.0,96.93
2026-07-19T00:00,2.354,0.0,96.43
2026-07-19T01:00,2.343,0.0,95.94
2026-07-19T02:00,2.331,0.0,95.4
2026-07-19T03:00,2.322,0.0,94.99
2026-07-19T04:00,2.311,0.0,94.5
2026-07-19T05:00,2.3,0.0,94.0
2026-07-19T06:00,2.29,0.0,93.55
2026-07-19T07:00,2.279,0.0,93.06
2026-07-19T08:00,2.27,0.0,92.65
2026-07-19T09:00,2.26,0.0,92.2
2026-07-19T10:00,2.251,0.0,91.8
2026-07-19T11:00,2.237,0.0,91.17
2026-07-19T12:00,2.224,0.0,90.58
2026-07-19T13:00,2.219,0.0,90.36
2026-07-19T14:00,2.207,0.0,89.82
2026-07-19T15:00,2.194,0.0,89.23
2026-07-19T16:00,2.185,0.0,88.83
2026-07-19T17:00,2.183,0.0,88.74
2026-07-19T18:00,2.173,0.0,88.29
2026-07-19T19:00,2.163,0.0,87.84
2026-07-19T20:00,2.154,0.0,87.43
2026-07-19T21:00,2.144,0.0,86.98
2026-07-19T22:00,2.135,0.0,86.58
2026-07-19T23:00,2.125,0.0,86.13
2026-07-20T00:00,2.117,0.0,85.77
2026-07-20T01:00,2.108,0.0,85.36
2026-07-20T02:00,2.098,0.0,84.91
2026-07-20T03:00,2.091,0.0,84.6
2026-07-20T04:00,2.083,0.0,84.24
2026-07-20T05:00,2.076,0.0,83.92
2026-07-20T06:00,2.068,0.0,83.56
2026-07-20T07:00,2.061,0.0,83.25
2026-07-20T08:00,2.054,0.0,82.93
2026-07-20T09:00,2.046,0.0,82.57
2026-07-20T10:00,2.04,0.0,82.3
2026-07-20T11:00,2.031,0.0,81.9
2026-07-20T12:00,2.025,0.0,81.63
2026-07-20T13:00,2.012,0.0,81.04
2026-07-20T14:00,2.003,0.0,80.64
2026-07-20T15:00,1.998,0.0,80.41
2026-07-20T16:00,1.99,0.0,80.05
2026-07-20T17:00,1.985,0.0,79.83
2026-07-20T18:00,1.977,0.0,79.47
2026-07-20T19:00,1.969,0.0,79.11
2026-07-20T20:00,1.961,0.0,78.75
2026-07-20T21:00,1.954,0.0,78.43
2026-07-20T22:00,1.947,0.0,78.12
2026-07-20T23:00,1.94,0.0,77.8
2026-07-21T00:00,1.933,0.0,77.49
2026-07-21T01:00,1.928,0.0,77.26
2026-07-21T02:00,1.921,0.0,76.95
2026-07-21T03:00,1.914,0.0,76.63
2026-07-21T04:00,1.909,0.0,76.41
2026-07-21T05:00,1.904,0.0,76.18
2026-07-21T06:00,1.898,0.0,75.91
2026-07-21T07:00,1.894,0.0,75.73
2026-07-21T08:00,1.889,0.0,75.51
2026-07-21T09:00,1.884,0.0,75.28
2026-07-21T10:00,1.877,0.0,74.97
2026-07-21T11:00,1.872,0.0,74.74
2026-07-21T12:00,1.86,0.0,74.2
2026-07-21T13:00,1.861,0.0,74.25
2026-07-21T14:00,1.855,0.0,73.98
2026-07-21T15:00,1.848,0.0,73.66
2026-07-21T16:00,1.843,0.0,73.44
2026-07-21T17:00,1.836,0.0,73.12
2026-07-21T18:00,1.831,0.0,72.9
2026-07-21T19:00,1.824,0.0,72.58
2026-07-21T20:00,1.82,0.0,72.4
2026-07-21T21:00,1.815,0.0,72.18
2026-07-21T22:00,1.811,0.0,72.0
2026-07-21T23:00,1.808,0.0,71.86
2026-07-22T00:00,1.806,0.0,71.77
2026-07-22T01:00,1.803,0.0,71.64
2026-07-22T02:00,1.803,0.0,71.64
2026-07-22T03:00,1.803,0.0,71.64
2026-07-22T04:00,1.803,0.4,71.64
2026-07-22T05:00,1.805,12.8,71.73
2026-07-22T06:00,1.875,6.2,74.88
2026-07-22T07:00,1.884,3.4,75.28
2026-07-22T08:00,1.918,2.2,76.81
2026-07-22T09:00,1.924,1.8,77.08
2026-07-22T10:00,1.944,1.6,77.98
2026-07-22T11:00,1.958,1.8,78.61
2026-07-22T12:00,1.973,3.8,79.29
2026-07-22T13:00,2.023,5.4,81.54
2026-07-22T14:00,2.068,3.2,83.56
2026-07-22T15:00,2.108,2.4,85.36
2026-07-22T16:00,2.148,0.8,87.16
2026-07-22T17:00,2.186,0.8,88.87
2026-07-22T18:00,2.223,0.0,90.54
2026-07-22T19:00,2.264,0.0,92.38
2026-07-22T20:00,2.31,0.0,94.45
2026-07-22T21:00,2.358,0.0,96.61
2026-07-22T22:00,2.41,0.0,98.95
2026-07-22T23:00,2.466,0.0,101.47
2026-07-23T00:00,2.527,0.0,104.22
2026-07-23T01:00,2.594,0.0,107.23
2026-07-23T02:00,2.664,0.0,110.38
2026-07-23T03:00,2.737,0.0,113.67
2026-07-23T04:00,2.811,0.2,117.0
2026-07-23T05:00,2.887,0.0,120.42
2026-07-23T06:00,2.962,0.2,123.79
2026-07-23T07:00,3.037,0.0,127.17
2026-07-23T08:00,3.11,0.0,130.45
2026-07-23T09:00,3.181,0.0,133.65
2026-07-23T10:00,3.245,0.0,136.64
2026-07-23T11:00,3.312,0.0,139.82
2026-07-23T12:00,3.375,0.0,142.81
2026-07-23T13:00,3.432,0.0,145.6
2026-07-23T14:00,3.487,0.0,148.35
2026-07-23T15:00,3.538,0.0,150.9
2026-07-23T16:00,3.585,0.0,153.25
2026-07-23T17:00,3.635,0.0,155.75
2026-07-23T18:00,3.676,0.0,157.8
2026-07-23T19:00,3.717,0.0,159.85
2026-07-23T20:00,3.755,0.0,161.75
2026-07-23T21:00,3.789,0.0,163.45
2026-07-23T22:00,3.82,0.0,165.0
2026-07-23T23:00,3.849,0.0,166.45
2026-07-24T00:00,3.876,0.0,167.8
2026-07-24T01:00,3.9,0.0,169.0
2026-07-24T02:00,3.921,0.0,170.05
2026-07-24T03:00,3.94,0.0,171.0
2026-07-24T04:00,3.956,0.0,171.8
2026-07-24T05:00,3.971,0.0,172.55
2026-07-24T06:00,3.982,0.0,173.1
2026-07-24T07:00,3.99,0.0,173.5
2026-07-24T08:00,3.998,0.0,173.9
2026-07-24T09:00,4.003,0.0,174.15
2026-07-24T10:00,4.005,0.0,174.25
2026-07-24T11:00,4.006,0.0,174.3
2026-07-24T12:00,4.004,0.0,174.2
2026-07-24T13:00,4.001,0.0,174.05
2026-07-24T14:00,3.997,0.0,173.85
2026-07-24T15:00,3.992,0.0,173.6
2026-07-24T16:00,3.987,0.0,173.35
2026-07-24T17:00,3.98,0.0,173.0
2026-07-24T18:00,3.97,0.0,172.5
2026-07-24T19:00,3.96,0.0,172.0
2026-07-24T20:00,3.949,0.0,171.45
2026-07-24T21:00,3.936,0.0,170.8
2026-07-24T22:00,3.923,0.0,170.15
2026-07-24T23:00,3.909,0.6,169.45
2026-07-25T00:00,3.894,0.6,168.7
2026-07-25T01:00,3.879,0.0,167.95
2026-07-25T02:00,3.862,0.0,167.1
2026-07-25T03:00,3.845,0.0,166.25
2026-07-25T04:00,3.827,0.2,165.35
2026-07-25T05:00,3.808,0.0,164.4
2026-07-25T06:00,3.789,0.0,163.45
2026-07-25T07:00,3.771,0.0,162.55
2026-07-25T08:00,3.751,0.0,161.55
2026-07-25T09:00,3.731,0.0,160.55
2026-07-25T10:00,3.71,0.0,159.5
2026-07-25T11:00,3.691,0.0,158.55
2026-07-25T12:00,3.669,0.0,157.45
2026-07-25T13:00,3.647,0.0,156.35
2026-07-25T14:00,3.626,0.0,155.3
2026-07-25T15:00,3.607,0.0,154.35
2026-07-25T16:00,3.587,0.0,153.35
2026-07-25T17:00,3.564,0.0,152.2
2026-07-25T18:00,3.545,0.0,151.25
2026-07-25T19:00,3.524,0.0,150.2
2026-07-25T20:00,3.504,0.0,149.2
2026-07-25T21:00,3.484,0.0,148.2
2026-07-25T22:00,3.462,0.0,147.1
2026-07-25T23:00,3.442,0.0,146.1
2026-07-26T00:00,3.422,0.0,145.1
2026-07-26T01:00,3.402,0.0,144.1
2026-07-26T02:00,3.381,0.0,143.1
2026-07-26T03:00,3.361,0.0,142.15
2026-07-26T04:00,3.341,0.0,141.2
2026-07-26T05:00,3.321,0.0,140.25
2026-07-26T06:00,3.302,0.0,139.35
2026-07-26T07:00,3.282,0.0,138.4
2026-07-26T08:00,3.263,0.0,137.49
2026-07-26T09:00,3.244,0.0,136.59
2026-07-26T10:00,3.224,0.0,135.64
2026-07-26T11:00,3.207,0.0,134.83
2026-07-26T12:00,3.188,0.0,133.96
2026-07-26T13:00,3.17,0.0,133.15
2026-07-26T14:00,3.153,0.0,132.39
2026-07-26T15:00,3.136,0.0,131.62
2026-07-26T16:00,3.118,0.0,130.81
2026-07-26T17:00,3.1,0.0,130.0
2026-07-26T18:00,3.083,0.0,129.24
2026-07-26T19:00,3.066,0.0,128.47
2026-07-26T20:00,3.05,0.0,127.75
2026-07-26T21:00,3.033,0.0,126.99
2026-07-26T22:00,3.016,0.0,126.22
2026-07-26T23:00,2.999,0.0,125.46
2026-07-27T00:00,2.982,0.0,124.69
2026-07-27T01:00,2.965,0.0,123.93
2026-07-27T02:00,2.949,0.0,123.21
2026-07-27T03:00,2.932,0.0,122.44
2026-07-27T04:00,2.915,0.0,121.68
2026-07-27T05:00,2.898,0.0,120.91
2026-07-27T06:00,2.881,0.0,120.15
2026-07-27T07:00,2.866,0.0,119.47
2026-07-27T08:00,2.849,0.0,118.71
2026-07-27T09:00,2.832,0.0,117.94
2026-07-27T10:00,2.814,0.0,117.13
2026-07-27T11:00,2.797,0.0,116.37
2026-07-27T12:00,2.786,0.0,115.87
2026-07-27T13:00,2.77,0.0,115.15
2026-07-27T14:00,2.752,0.0,114.34
2026-07-27T15:00,2.737,0.0,113.67
2026-07-27T16:00,2.722,0.0,112.99
2026-07-27T17:00,2.707,0.0,112.32
2026-07-27T18:00,2.692,0.0,111.64
2026-07-27T19:00,2.678,0.0,111.01
2026-07-27T20:00,2.664,0.0,110.38
2026-07-27T21:00,2.651,0.0,109.8
2026-07-27T22:00,2.638,0.0,109.21
2026-07-27T23:00,2.624,0.0,108.58
2026-07-28T00:00,2.61,0.0,107.95
2026-07-28T01:00,2.595,0.0,107.28
2026-07-28T02:00,2.582,0.0,106.69
2026-07-28T03:00,2.57,0.0,106.15
2026-07-28T04:00,2.557,0.0,105.57
2026-07-28T05:00,2.543,0.0,104.94
2026-07-28T06:00,2.53,0.0,104.35
2026-07-28T07:00,2.518,0.0,103.81
2026-07-28T08:00,2.506,0.0,103.27
2026-07-28T09:00,2.493,0.0,102.69
2026-07-28T10:00,2.479,0.0,102.06
2026-07-28T11:00,2.468,0.0,101.56
2026-07-28T12:00,2.457,0.0,101.07
2026-07-28T13:00,2.446,0.0,100.57
2026-07-28T14:00,2.43,0.0,99.85
2026-07-28T15:00,2.417,0.0,99.27
2026-07-28T16:00,2.411,0.0,99.0
2026-07-28T17:00,2.401,0.0,98.55
2026-07-28T18:00,2.389,0.0,98.01
2026-07-28T19:00,2.378,0.0,97.51
2026-07-28T20:00,2.368,0.0,97.06
2026-07-28T21:00,2.357,0.0,96.57
2026-07-28T22:00,2.348,0.0,96.16
2026-07-28T23:00,2.339,0.0,95.76
2026-07-29T00:00,2.329,0.0,95.31
2026-07-29T01:00,2.318,0.0,94.81
2026-07-29T02:00,2.308,0.0,94.36
2026-07-29T03:00,2.298,0.0,93.91
2026-07-29T04:00,2.288,0.0,93.46
2026-07-29T05:00,2.28,0.0,93.1
2026-07-29T06:00,2.271,0.0,92.7
2026-07-29T07:00,2.261,0.0,92.25
2026-07-29T08:00,2.253,0.0,91.89
2026-07-29T09:00,2.239,2.0,91.26
2026-07-29T10:00,2.254,6.8,91.93
2026-07-29T11:00,2.258,6.8,92.11
2026-07-29T12:00,2.28,3.2,93.1
2026-07-29T13:00,2.287,0.6,93.42
2026-07-29T14:00,2.307,4.6,94.32
2026-07-29T15:00,2.306,0.0,94.27
2026-07-29T16:00,2.308,0.0,94.36
2026-07-29T17:00,2.309,0.0,94.41
2026-07-29T18:00,2.313,0.0,94.59
2026-07-29T19:00,2.317,0.0,94.77
2026-07-29T20:00,2.321,0.0,94.95
2026-07-29T21:00,2.324,0.0,95.08
2026-07-29T22:00,2.329,0.0,95.31
2026-07-29T23:00,2.333,0.0,95.49
2026-07-30T00:00,2.338,0.0,95.71
2026-07-30T01:00,2.343,0.0,95.94
2026-07-30T02:00,2.351,0.0,96.3
2026-07-30T03:00,2.359,0.0,96.66
2026-07-30T04:00,2.367,0.0,97.02
2026-07-30T05:00,2.377,0.0,97.47
2026-07-30T06:00,2.388,0.0,97.96
2026-07-30T07:00,2.401,0.0,98.55
2026-07-30T08:00,2.415,0.0,99.18
2026-07-30T09:00,2.43,0.0,99.85
2026-07-30T10:00,2.445,0.0,100.53
2026-07-30T11:00,2.462,0.0,101.29
2026-07-30T12:00,2.479,0.0,102.06
2026-07-30T13:00,2.495,0.0,102.78
2026-07-30T14:00,2.512,0.0,103.54
2026-07-30T15:00,2.526,0.0,104.17
2026-07-30T16:00,2.543,0.0,104.94
2026-07-30T17:00,2.558,0.0,105.61
2026-07-30T18:00,2.573,0.0,106.29
2026-07-30T19:00,2.584,0.0,106.78
2026-07-30T20:00,2.596,0.0,107.32
2026-07-30T21:00,2.607,0.0,107.82
2026-07-30T22:00,2.615,0.0,108.18
2026-07-30T23:00,2.622,0.0,108.49
2026-07-31T00:00,2.629,0.0,108.81
2026-07-31T01:00,2.633,0.0,108.99
2026-07-31T02:00,2.638,0.0,109.21
2026-07-31T03:00,2.641,0.0,109.35
2026-07-31T04:00,2.643,0.0,109.44
2026-07-31T05:00,2.643,0.0,109.44
2026-07-31T06:00,2.644,0.0,109.48
2026-07-31T07:00,2.643,0.0,109.44
2026-07-31T08:00,2.642,0.0,109.39
2026-07-31T09:00,2.637,0.0,109.17
2026-07-31T10:00,2.633,0.0,108.99
2026-07-31T11:00,2.629,0.0,108.81
2026-07-31T12:00,2.623,0.0,108.54
2026-07-31T13:00,2.619,0.0,108.36
2026-07-31T14:00,2.614,0.0,108.13
2026-07-31T15:00,2.606,0.0,107.77
2026-07-31T16:00,2.6,0.0,107.5
2026-07-31T17:00,2.592,0.0,107.14
2026-07-31T18:00,2.584,0.0,106.78
2026-07-31T19:00,2.578,0.0,106.51
2026-07-31T20:00,2.569,0.0,106.11
2026-07-31T21:00,2.561,0.0,105.75
2026-07-31T22:00,2.553,0.0,105.39
2026-07-31T23:00,2.543,0.0,104.94
2026-08-01T00:00,2.533,0.0,104.49
2026-08-01T01:00,2.523,0.0,104.04
2026-08-01T02:00,2.514,0.0,103.63
2026-08-01T03:00,2.504,0.0,103.18
2026-08-01T04:00,2.494,0.0,102.73
2026-08-01T05:00,2.483,0.0,102.24
2026-08-01T06:00,2.474,0.0,101.83
2026-08-01T07:00,2.465,0.0,101.43
2026-08-01T08:00,2.455,0.0,100.98
2026-08-01T09:00,2.444,0.0,100.48
2026-08-01T10:00,2.433,0.0,99.99
2026-08-01T11:00,2.424,0.0,99.58
2026-08-01T12:00,2.412,0.0,99.04
2026-08-01T13:00,2.4,0.0,98.5
2026-08-01T14:00,2.393,0.0,98.19
2026-08-01T15:00,2.382,0.0,97.69
2026-08-01T16:00,2.36,0.0,96.7
2026-08-01T17:00,2.357,0.0,96.57
2026-08-01T18:00,2.35,0.0,96.25
2026-08-01T19:00,2.34,0.0,95.8
2026-08-01T20:00,2.331,0.0,95.4
2026-08-01T21:00,2.323,0.0,95.04
2026-08-01T22:00,2.314,0.0,94.63
2026-08-01T23:00,2.304,0.0,94.18
2026-08-02T00:00,2.295,0.0,93.78
2026-08-02T01:00,2.285,0.0,93.33
2026-08-02T02:00,2.276,0.0,92.92
2026-08-02T03:00,2.267,0.0,92.52
2026-08-02T04:00,2.258,0.0,92.11
2026-08-02T05:00,2.25,0.0,91.75
2026-08-02T06:00,2.242,0.0,91.39
2026-08-02T07:00,2.233,0.0,90.99
2026-08-02T08:00,2.226,0.0,90.67
2026-08-02T09:00,2.218,0.0,90.31
2026-08-02T10:00,2.207,0.0,89.82
2026-08-02T11:00,2.201,0.0,89.55
2026-08-02T12:00,2.194,0.0,89.23
2026-08-02T13:00,2.185,0.0,88.83
2026-08-02T14:00,2.176,0.0,88.42
2026-08-02T15:00,2.154,0.0,87.43
2026-08-02T16:00,2.149,0.0,87.21
2026-08-02T17:00,2.142,0.0,86.89
2026-08-02T18:00,2.146,0.0,87.07
2026-08-02T19:00,2.138,0.0,86.71
2026-08-02T20:00,2.131,0.0,86.4
2026-08-02T21:00,2.125,0.0,86.13
2026-08-02T22:00,2.117,0.0,85.77
2026-08-02T23:00,2.11,0.0,85.45
2026-08-03T00:00,2.102,0.0,85.09
2026-08-03T01:00,2.094,0.0,84.73
2026-08-03T02:00,2.085,0.0,84.33
2026-08-03T03:00,2.078,0.0,84.01
2026-08-03T04:00,2.071,0.0,83.7
2026-08-03T05:00,2.062,0.0,83.29
2026-08-03T06:00,2.055,0.0,82.98
2026-08-03T07:00,2.048,0.0,82.66
2026-08-03T08:00,2.041,0.0,82.35
2026-08-03T09:00,2.032,0.0,81.94
2026-08-03T10:00,2.023,0.0,81.54
2026-08-03T11:00,2.017,0.0,81.27
2026-08-03T12:00,2.012,0.0,81.04
2026-08-03T13:00,2.0,0.0,80.5
2026-08-03T14:00,1.994,0.0,80.23
2026-08-03T15:00,1.987,0.0,79.92
2026-08-03T16:00,1.98,0.0,79.6
2026-08-03T17:00,1.974,0.0,79.33
2026-08-03T18:00,1.968,0.0,79.06
2026-08-03T19:00,1.962,0.0,78.79
2026-08-03T20:00,1.955,0.0,78.48
2026-08-03T21:00,1.95,0.0,78.25
2026-08-03T22:00,1.946,0.0,78.07
2026-08-03T23:00,1.941,0.0,77.85
2026-08-04T00:00,1.935,0.0,77.58
2026-08-04T01:00,1.93,0.0,77.35
2026-08-04T02:00,1.923,0.0,77.04
2026-08-04T03:00,1.919,0.0,76.86
2026-08-04T04:00,1.914,0.0,76.63
2026-08-04T05:00,1.909,0.0,76.41
2026-08-04T06:00,1.903,0.0,76.14
2026-08-04T07:00,1.899,0.0,75.96
2026-08-04T08:00,1.896,0.0,75.82
2026-08-04T09:00,1.892,0.0,75.64
2026-08-04T10:00,1.887,0.0,75.42
2026-08-04T11:00,1.885,0.0,75.33
2026-08-04T12:00,1.878,0.0,75.01
2026-08-04T13:00,1.872,0.0,74.74
2026-08-04T14:00,1.868,0.0,74.56
2026-08-04T15:00,1.864,0.0,74.38
2026-08-04T16:00,1.86,0.0,74.2
2026-08-04T17:00,1.855,0.0,73.98
2026-08-04T18:00,1.85,0.0,73.75
2026-08-04T19:00,1.845,0.0,73.53
2026-08-04T20:00,1.841,0.0,73.35
2026-08-04T21:00,1.837,0.0,73.17
2026-08-04T22:00,1.833,0.0,72.99
2026-08-04T23:00,1.829,0.0,72.81
2026-08-05T00:00,1.824,0.0,72.58
2026-08-05T01:00,1.819,0.0,72.36
2026-08-05T02:00,1.814,0.0,72.13
2026-08-05T03:00,1.808,0.0,71.86
2026-08-05T04:00,1.805,0.0,71.73
2026-08-05T05:00,1.799,0.0,71.46
2026-08-05T06:00,1.795,0.0,71.28
2026-08-05T07:00,1.79,0.0,71.05
2026-08-05T08:00,1.786,0.0,70.87
2026-08-05T09:00,1.783,0.0,70.74
2026-08-05T10:00,1.778,0.0,70.51
2026-08-05T11:00,1.776,0.6,70.42
2026-08-05T12:00,1.772,0.8,70.24
2026-08-05T13:00,1.768,0.0,70.06
2026-08-05T14:00,1.764,0.0,69.88
2026-08-05T15:00,1.761,0.0,69.75
2026-08-05T16:00,1.758,0.0,69.61
2026-08-05T17:00,1.754,0.0,69.43
2026-08-05T18:00,1.75,0.0,69.25
2026-08-05T19:00,1.748,0.0,69.16
2026-08-05T20:00,1.746,0.0,69.07
2026-08-05T21:00,1.742,0.0,68.89
2026-08-05T22:00,1.742,0.0,68.89
2026-08-05T23:00,1.738,0.0,68.71
2026-08-06T00:00,1.736,0.0,68.62
2026-08-06T01:00,1.733,0.0,68.49
2026-08-06T02:00,1.73,0.0,68.35
2026-08-06T03:00,1.729,0.0,68.31
2026-08-06T04:00,1.725,0.0,68.13
2026-08-06T05:00,1.723,0.0,68.04
2026-08-06T06:00,1.72,0.0,67.9
2026-08-06T07:00,1.718,0.0,67.81
2026-08-06T08:00,1.715,0.0,67.68
2026-08-06T09:00,1.712,0.0,67.54
2026-08-06T10:00,1.708,0.0,67.36
2026-08-06T11:00,1.706,0.0,67.27
2026-08-06T12:00,1.703,0.0,67.14
2026-08-06T13:00,1.711,6.4,67.5
2026-08-06T14:00,1.721,1.0,67.95
2026-08-06T15:00,1.721,0.0,67.95
2026-08-06T16:00,1.722,0.0,67.99
2026-08-06T17:00,1.721,0.0,67.95
2026-08-06T18:00,1.72,0.0,67.9
2026-08-06T19:00,1.72,0.0,67.9
2026-08-06T20:00,1.717,0.0,67.77
2026-08-06T21:00,1.715,0.0,67.68
2026-08-06T22:00,1.714,0.0,67.63
2026-08-06T23:00,1.712,0.0,67.54
2026-08-07T00:00,1.711,0.0,67.5
2026-08-07T01:00,1.719,4.8,67.86
2026-08-07T02:00,1.752,9.8,69.34
2026-08-07T03:00,1.798,6.2,71.41
2026-08-07T04:00,1.816,0.0,72.22
2026-08-07T05:00,1.815,1.8,72.18
2026-08-07T06:00,1.856,8.0,74.02
2026-08-07T07:00,1.879,0.6,75.06
2026-08-07T08:00,1.884,0.0,75.28
2026-08-07T09:00,1.89,0.0,75.55
2026-08-07T10:00,1.896,0.0,75.82
2026-08-07T11:00,1.903,0.0,76.14
2026-08-07T12:00,1.91,0.0,76.45
2026-08-07T13:00,1.917,0.2,76.77
2026-08-07T14:00,1.932,0.0,77.44
2026-08-07T15:00,1.942,0.0,77.89
2026-08-07T16:00,1.95,0.0,78.25
2026-08-07T17:00,1.961,0.0,78.75
2026-08-07T18:00,1.972,0.0,79.24
2026-08-07T19:00,1.985,0.0,79.83
2026-08-07T20:00,2.0,0.0,80.5
2026-08-07T21:00,2.015,0.0,81.18
2026-08-07T22:00,2.03,0.0,81.85
2026-08-07T23:00,2.047,0.0,82.62
2026-08-08T00:00,2.065,0.0,83.43
2026-08-08T01:00,2.084,0.0,84.28
2026-08-08T02:00,2.102,0.0,85.09
2026-08-08T03:00,2.121,0.0,85.95
2026-08-08T04:00,2.14,0.0,86.8
2026-08-08T05:00,2.167,4.0,88.02
2026-08-08T06:00,2.184,0.2,88.78
2026-08-08T07:00,2.199,0.0,89.46
2026-08-08T08:00,2.216,0.0,90.22
2026-08-08T09:00,2.231,0.0,90.9
2026-08-08T10:00,2.243,0.0,91.44
2026-08-08T11:00,2.256,0.0,92.02
2026-08-08T12:00,2.266,0.0,92.47
2026-08-08T13:00,2.275,0.0,92.88
2026-08-08T14:00,2.281,0.0,93.15
2026-08-08T15:00,2.285,0.0,93.33
2026-08-08T16:00,2.295,0.0,93.78
2026-08-08T17:00,2.299,0.0,93.96
2026-08-08T18:00,2.305,0.0,94.23
2026-08-08T19:00,2.306,13.8,94.27
2026-08-08T20:00,2.384,0.6,97.78
2026-08-08T21:00,2.382,0.2,97.69
2026-08-08T22:00,2.382,0.0,97.69
2026-08-08T23:00,2.38,0.0,97.6
2026-08-09T00:00,2.374,0.0,97.33
2026-08-09T01:00,2.37,0.0,97.15
2026-08-09T02:00,2.367,0.0,97.02
2026-08-09T03:00,2.364,0.0,96.88
2026-08-09T04:00,2.36,0.0,96.7
2026-08-09T05:00,2.356,0.0,96.52
2026-08-09T06:00,2.35,0.0,96.25
2026-08-09T07:00,2.344,0.0,95.98
2026-08-09T08:00,2.337,0.0,95.67
2026-08-09T09:00,2.351,9.0,96.3
2026-08-09T10:00,2.356,1.2,96.52
2026-08-09T11:00,2.352,0.4,96.34
2026-08-09T12:00,2.349,0.0,96.21
2026-08-09T13:00,2.344,0.4,95.98
2026-08-09T14:00,2.341,0.6,95.85
2026-08-09T15:00,2.342,0.0,95.89
2026-08-09T16:00,2.34,0.0,95.8
2026-08-09T17:00,2.341,0.0,95.85
2026-08-09T18:00,2.341,0.0,95.85
2026-08-09T19:00,2.343,0.0,95.94
2026-08-09T20:00,2.345,0.0,96.03
2026-08-09T21:00,2.348,0.0,96.16
2026-08-09T22:00,2.351,0.0,96.3
2026-08-09T23:00,2.356,0.0,96.52
2026-08-10T00:00,2.36,0.0,96.7
2026-08-10T01:00,2.366,0.0,96.97
2026-08-10T02:00,2.372,0.0,97.24
2026-08-10T03:00,2.378,0.0,97.51
2026-08-10T04:00,2.385,0.0,97.83
2026-08-10T05:00,2.39,0.0,98.05
2026-08-10T06:00,2.396,0.0,98.32
2026-08-10T07:00,2.402,0.0,98.59
2026-08-10T08:00,2.409,0.0,98.91
2026-08-10T09:00,2.415,0.0,99.18
2026-08-10T10:00,2.42,0.0,99.4
2026-08-10T11:00,2.424,0.2,99.58
2026-08-10T12:00,2.431,0.0,99.9
2026-08-10T13:00,2.435,0.0,100.08
2026-08-10T14:00,2.439,0.0,100.26
2026-08-10T15:00,2.439,0.0,100.26
2026-08-10T16:00,2.44,0.0,100.3
2026-08-10T17:00,2.443,0.0,100.44
2026-08-10T18:00,2.444,0.0,100.48
2026-08-10T19:00,2.444,0.0,100.48
2026-08-10T20:00,2.444,0.0,100.48
2026-08-10T21:00,2.443,0.0,100.44
2026-08-10T22:00,2.441,0.0,100.35
2026-08-10T23:00,2.44,0.0,100.3
2026-08-11T00:00,2.437,0.0,100.17
2026-08-11T01:00,2.434,0.0,100.03
2026-08-11T02:00,2.431,0.0,99.9
2026-08-11T03:00,2.428,0.0,99.76
2026-08-11T04:00,2.426,0.0,99.67
2026-08-11T05:00,2.422,0.0,99.49
2026-08-11T06:00,2.42,0.0,99.4
2026-08-11T07:00,2.418,0.0,99.31
2026-08-11T08:00,2.415,0.0,99.18
2026-08-11T09:00,2.411,0.0,99.0
2026-08-11T10:00,2.406,0.0,98.77
2026-08-11T11:00,2.401,0.0,98.55
2026-08-11T12:00,2.397,0.0,98.37
2026-08-11T13:00,2.393,0.2,98.19
2026-08-11T14:00,2.389,0.0,98.01
2026-08-11T15:00,2.386,0.8,97.87
2026-08-11T16:00,2.382,0.0,97.69
2026-08-11T17:00,2.377,0.4,97.47
2026-08-11T18:00,2.371,0.0,97.2
2026-08-11T19:00,2.367,0.2,97.02
2026-08-11T20:00,2.361,0.0,96.75
2026-08-11T21:00,2.355,0.0,96.48
2026-08-11T22:00,2.348,0.2,96.16
2026-08-11T23:00,2.342,0.0,95.89
2026-08-12T00:00,2.334,0.0,95.53
2026-08-12T01:00,2.329,0.0,95.31
2026-08-12T02:00,2.323,0.0,95.04
2026-08-12T03:00,2.318,0.0,94.81
2026-08-12T04:00,2.313,0.0,94.59
2026-08-12T05:00,2.308,0.0,94.36
2026-08-12T06:00,2.304,0.0,94.18
2026-08-12T07:00,2.3,0.0,94.0
2026-08-12T08:00,2.297,0.0,93.87
2026-08-12T09:00,2.293,0.0,93.69
2026-08-12T10:00,2.289,0.0,93.51
2026-08-12T11:00,2.285,0.0,93.33
2026-08-12T12:00,2.282,0.0,93.19
2026-08-12T13:00,2.278,0.0,93.01
2026-08-12T14:00,2.276,0.0,92.92
2026-08-12T15:00,2.275,0.0,92.88
2026-08-12T16:00,2.274,0.0,92.83
2026-08-12T17:00,2.273,0.0,92.79
2026-08-12T18:00,2.272,0.0,92.74
2026-08-12T19:00,2.27,0.0,92.65
2026-08-12T20:00,2.269,0.0,92.61
2026-08-12T21:00,2.267,0.0,92.52
2026-08-12T22:00,2.267,0.0,92.52
2026-08-12T23:00,2.266,0.0,92.47
2026-08-13T00:00,2.263,0.0,92.34
2026-08-13T01:00,2.26,0.0,92.2
2026-08-13T02:00,2.259,0.0,92.16
2026-08-13T03:00,2.256,0.0,92.02
2026-08-13T04:00,2.254,0.0,91.93
2026-08-13T05:00,2.251,0.0,91.8
2026-08-13T06:00,2.249,0.0,91.71
2026-08-13T07:00,2.246,0.0,91.57
2026-08-13T08:00,2.243,0.0,91.44
2026-08-13T09:00,2.239,0.0,91.26
2026-08-13T10:00,2.232,0.0,90.94
2026-08-13T11:00,2.231,0.0,90.9
2026-08-13T12:00,2.224,0.0,90.58
2026-08-13T13:00,2.216,0.0,90.22
2026-08-13T14:00,2.213,0.0,90.09
2026-08-13T15:00,2.206,0.0,89.77
2026-08-13T16:00,2.202,0.4,89.59
2026-08-13T17:00,2.198,0.2,89.41
2026-08-13T18:00,2.193,0.0,89.19
2026-08-13T19:00,2.188,0.0,88.96
2026-08-13T20:00,2.183,0.2,88.74
2026-08-13T21:00,2.276,18.4,92.92
2026-08-13T22:00,2.274,0.0,92.83
2026-08-13T23:00,2.266,1.2,92.47
2026-08-14T00:00,2.279,0.2,93.06
2026-08-14T01:00,2.333,8.6,95.49
2026-08-14T02:00,2.36,0.2,96.7
2026-08-14T03:00,2.382,0.0,97.69
2026-08-14T04:00,2.411,0.0,99.0
2026-08-14T05:00,2.441,0.0,100.35
2026-08-14T06:00,2.476,0.0,101.92
2026-08-14T07:00,2.512,0.0,103.54
2026-08-14T08:00,2.549,0.0,105.21
2026-08-14T09:00,2.586,0.0,106.87
2026-08-14T10:00,2.619,0.0,108.36
2026-08-14T11:00,2.653,0.0,109.89
2026-08-14T12:00,2.689,0.0,111.51
2026-08-14T13:00,2.727,0.0,113.22
2026-08-14T14:00,2.767,0.0,115.02
2026-08-14T15:00,2.81,0.0,116.95
2026-08-14T16:00,2.857,0.0,119.07
2026-08-14T17:00,2.907,0.0,121.32
2026-08-14T18:00,2.95,7.0,123.25
2026-08-14T19:00,3.087,9.4,129.42
2026-08-14T20:00,3.141,2.0,131.85
2026-08-14T21:00,3.237,5.0,136.26
2026-08-14T22:00,3.333,3.2,140.82
2026-08-14T23:00,3.411,5.4,144.55
2026-08-15T00:00,3.536,0.4,150.8
2026-08-15T01:00,3.618,1.2,154.9
2026-08-15T02:00,3.709,2.4,159.45
2026-08-15T03:00,3.813,2.4,164.65
2026-08-15T04:00,3.916,3.2,169.8
2026-08-15T05:00,4.004,3.4,174.2
2026-08-15T06:00,4.102,0.8,179.1
2026-08-15T07:00,4.181,0.0,183.05
2026-08-15T08:00,4.26,0.0,187.0
2026-08-15T09:00,4.338,4.8,190.9
2026-08-15T10:00,4.422,0.0,195.1
2026-08-15T11:00,4.495,1.6,198.75
2026-08-15T12:00,4.562,0.0,202.1
2026-08-15T13:00,4.63,0.0,205.5
2026-08-15T14:00,4.693,0.0,208.65
2026-08-15T15:00,4.759,0.0,211.95
2026-08-15T16:00,4.824,0.0,215.2
2026-08-15T17:00,4.887,0.0,218.35
2026-08-15T18:00,4.952,0.0,221.6
2026-08-15T19:00,5.016,0.0,224.8
2026-08-15T20:00,5.078,0.0,227.9
2026-08-15T21:00,5.138,0.0,230.9
2026-08-15T22:00,5.198,0.0,233.9
2026-08-15T23:00,5.257,0.0,236.85
2026-08-16T00:00,5.314,0.0,239.7
2026-08-16T01:00,5.371,0.0,242.55
2026-08-16T02:00,5.426,0.0,245.3
2026-08-16T03:00,5.48,0.0,248.0
2026-08-16T04:00,5.531,0.0,250.55
2026-08-16T05:00,5.58,0.0,253.0
2026-08-16T06:00,5.629,0.0,255.52
2026-08-16T07:00,5.675,0.0,257.94
2026-08-16T08:00,5.719,0.0,260.25
2026-08-16T09:00,5.76,0.0,262.4
2026-08-16T10:00,5.8,0.0,264.5
2026-08-16T11:00,5.838,0.0,266.5
2026-08-16T12:00,5.877,0.0,268.54
2026-08-16T13:00,5.913,0.0,270.43
2026-08-16T14:00,5.945,0.0,272.11
2026-08-16T15:00,5.972,0.0,273.53
2026-08-16T16:00,5.998,0.0,274.9
2026-08-16T17:00,6.03,0.0,276.58
2026-08-16T18:00,6.058,0.0,278.05
2026-08-16T19:00,6.083,0.0,279.36
2026-08-16T20:00,6.106,0.0,280.57
2026-08-16T21:00,6.127,0.0,281.67
2026-08-16T22:00,6.147,0.0,282.72
2026-08-16T23:00,6.163,0.0,283.56
2026-08-17T00:00,6.178,0.0,284.35
2026-08-17T01:00,6.192,0.0,285.08
2026-08-17T02:00,6.205,0.0,285.76
2026-08-17T03:00,6.217,0.0,286.39
2026-08-17T04:00,6.227,0.0,286.92
2026-08-17T05:00,6.236,0.0,287.39
2026-08-17T06:00,6.243,0.0,287.76
2026-08-17T07:00,6.252,0.0,288.23
2026-08-17T08:00,6.256,0.0,288.44
2026-08-17T09:00,6.26,0.0,288.65
2026-08-17T10:00,6.264,0.0,288.86
2026-08-17T11:00,6.267,0.0,289.02
2026-08-17T12:00,6.268,0.0,289.07
2026-08-17T13:00,6.267,0.0,289.02
2026-08-17T14:00,6.267,0.0,289.02
2026-08-17T15:00,6.267,0.0,289.02
2026-08-17T16:00,6.265,0.0,288.91
2026-08-17T17:00,6.262,0.0,288.76
2026-08-17T18:00,6.259,0.0,288.6
2026-08-17T19:00,6.253,0.0,288.28
2026-08-17T20:00,6.248,0.0,288.02
2026-08-17T21:00,6.243,0.0,287.76
2026-08-17T22:00,6.236,0.0,287.39
2026-08-17T23:00,6.228,0.0,286.97
2026-08-18T00:00,6.219,0.0,286.5
2026-08-18T01:00,6.209,0.0,285.97
2026-08-18T02:00,6.198,0.0,285.4
2026-08-18T03:00,6.187,0.0,284.82
2026-08-18T04:00,6.175,0.0,284.19
2026-08-18T05:00,6.161,0.0,283.45
2026-08-18T06:00,6.147,0.0,282.72
2026-08-18T07:00,6.133,0.0,281.98
2026-08-18T08:00,6.118,0.0,281.2
2026-08-18T09:00,6.101,0.0,280.3
2026-08-18T10:00,6.083,0.0,279.36
2026-08-18T11:00,6.068,0.0,278.57
2026-08-18T12:00,6.048,0.0,277.52
2026-08-18T13:00,6.028,0.0,276.47
2026-08-18T14:00,6.007,0.0,275.37
2026-08-18T15:00,5.987,0.0,274.32
2026-08-18T16:00,5.964,0.0,273.11
2026-08-18T17:00,5.943,0.0,272.01
2026-08-18T18:00,5.921,0.0,270.85
2026-08-18T19:00,5.896,0.0,269.54
2026-08-18T20:00,5.872,0.0,268.28
2026-08-18T21:00,5.847,0.0,266.97
2026-08-18T22:00,5.821,0.0,265.6
2026-08-18T23:00,5.797,0.0,264.34
2026-08-19T00:00,5.769,0.0,262.87
2026-08-19T01:00,5.742,0.0,261.46
2026-08-19T02:00,5.714,0.0,259.99
2026-08-19T03:00,5.684,0.0,258.41
2026-08-19T04:00,5.655,0.0,256.89
2026-08-19T05:00,5.624,0.0,255.26
2026-08-19T06:00,5.592,0.0,253.6
2026-08-19T07:00,5.561,0.0,252.05
2026-08-19T08:00,5.53,0.0,250.5
2026-08-19T09:00,5.496,0.0,248.8
2026-08-19T10:00,5.46,0.0,247.0
2026-08-19T11:00,5.425,0.0,245.25
2026-08-19T12:00,5.393,0.0,243.65
2026-08-19T13:00,5.354,0.0,241.7
2026-08-19T14:00,5.319,0.0,239.95
2026-08-19T15:00,5.282,0.0,238.1
2026-08-19T16:00,5.242,0.0,236.1
2026-08-19T17:00,5.206,0.0,234.3
2026-08-19T18:00,5.168,0.0,232.4
2026-08-19T19:00,5.13,0.0,230.5
2026-08-19T20:00,5.092,0.0,228.6
2026-08-19T21:00,5.054,0.0,226.7
2026-08-19T22:00,5.016,0.0,224.8
2026-08-19T23:00,4.977,0.0,222.85
2026-08-20T00:00,4.939,0.0,220.95
2026-08-20T01:00,4.901,0.0,219.05
2026-08-20T02:00,4.864,0.0,217.2
2026-08-20T03:00,4.829,0.0,215.45
2026-08-20T04:00,4.792,0.0,213.6
2026-08-20T05:00,4.757,0.0,211.85
2026-08-20T06:00,4.721,0.0,210.05
2026-08-20T07:00,4.688,0.0,208.4
2026-08-20T08:00,4.652,0.0,206.6
2026-08-20T09:00,4.616,0.0,204.8
2026-08-20T10:00,4.582,0.0,203.1
2026-08-20T11:00,4.551,0.0,201.55
2026-08-20T12:00,4.518,0.0,199.9
2026-08-20T13:00,4.484,0.0,198.2
2026-08-20T14:00,4.453,0.0,196.65
2026-08-20T15:00,4.423,0.0,195.15
2026-08-20T16:00,4.392,0.0,193.6
2026-08-20T17:00,4.361,0.0,192.05
2026-08-20T18:00,4.33,0.0,190.5
2026-08-20T19:00,4.302,0.0,189.1
2026-08-20T20:00,4.272,0.0,187.6
2026-08-20T21:00,4.242,0.0,186.1
2026-08-20T22:00,4.212,0.0,184.6
2026-08-20T23:00,4.183,0.0,183.15
2026-08-21T00:00,4.148,0.0,181.4
2026-08-21T01:00,4.127,0.0,180.35
2026-08-21T02:00,4.098,0.0,178.9
2026-08-21T03:00,4.064,0.0,177.2
2026-08-21T04:00,4.042,0.0,176.1
2026-08-21T05:00,4.015,0.0,174.75
2026-08-21T06:00,3.979,0.0,172.95
2026-08-21T07:00,3.964,0.0,172.2
2026-08-21T08:00,3.934,0.0,170.7
2026-08-21T09:00,3.912,0.0,169.6
2026-08-21T10:00,3.881,0.0,168.05
2026-08-21T11:00,3.856,0.0,166.8
2026-08-21T12:00,3.832,0.0,165.6
2026-08-21T13:00,3.809,0.0,164.45
2026-08-21T14:00,3.782,0.0,163.1
2026-08-21T15:00,3.755,0.0,161.75
2026-08-21T16:00,3.731,0.0,160.55
2026-08-21T17:00,3.707,0.0,159.35
2026-08-21T18:00,3.68,0.0,158.0
2026-08-21T19:00,3.656,0.0,156.8
2026-08-21T20:00,3.629,0.0,155.45
2026-08-21T21:00,3.603,0.0,154.15
2026-08-21T22:00,3.576,0.0,152.8
2026-08-21T23:00,3.55,0.0,151.5
2026-08-22T00:00,3.523,0.0,150.15
2026-08-22T01:00,3.497,0.0,148.85
2026-08-22T02:00,3.47,0.0,147.5
2026-08-22T03:00,3.445,0.0,146.25
2026-08-22T04:00,3.418,0.0,144.9
2026-08-22T05:00,3.393,0.0,143.67
2026-08-22T06:00,3.364,0.0,142.29
2026-08-22T07:00,3.34,0.0,141.15
2026-08-22T08:00,3.314,0.0,139.92
2026-08-22T09:00,3.288,0.0,138.68
2026-08-22T10:00,3.261,0.0,137.4
2026-08-22T11:00,3.24,0.0,136.4
2026-08-22T12:00,3.213,0.0,135.12
2026-08-22T13:00,3.185,0.0,133.83
2026-08-22T14:00,3.16,0.0,132.7
2026-08-22T15:00,3.131,0.0,131.4
2026-08-22T16:00,3.112,0.0,130.54
2026-08-22T17:00,3.09,0.0,129.55
2026-08-22T18:00,3.069,0.0,128.61
2026-08-22T19:00,3.044,0.0,127.48
2026-08-22T20:00,3.022,0.0,126.49
2026-08-22T21:00,2.999,0.0,125.46
2026-08-22T22:00,2.978,0.0,124.51
2026-08-22T23:00,2.955,0.0,123.48
2026-08-23T00:00,2.934,0.0,122.53
2026-08-23T01:00,2.912,0.0,121.54
2026-08-23T02:00,2.89,0.0,120.55
2026-08-23T03:00,2.87,0.0,119.65
2026-08-23T04:00,2.85,0.0,118.75
2026-08-23T05:00,2.831,0.0,117.9
2026-08-23T06:00,2.811,0.0,117.0
2026-08-23T07:00,2.792,0.0,116.14
2026-08-23T08:00,2.774,0.0,115.33
2026-08-23T09:00,2.755,0.0,114.48
2026-08-23T10:00,2.737,0.0,113.67
2026-08-23T11:00,2.722,0.0,112.99
2026-08-23T12:00,2.703,0.0,112.14
2026-08-23T13:00,2.688,0.0,111.46
2026-08-23T14:00,2.671,0.0,110.7
2026-08-23T15:00,2.652,0.0,109.84
2026-08-23T16:00,2.634,0.0,109.03
2026-08-23T17:00,2.618,0.0,108.31
2026-08-23T18:00,2.61,0.0,107.95
2026-08-23T19:00,2.594,0.0,107.23
2026-08-23T20:00,2.58,0.0,106.6
2026-08-23T21:00,2.567,0.0,106.02
2026-08-23T22:00,2.552,0.0,105.34
2026-08-23T23:00,2.538,0.0,104.71
2026-08-24T00:00,2.524,0.0,104.08
2026-08-24T01:00,2.51,0.0,103.45
2026-08-24T02:00,2.497,0.0,102.87
2026-08-24T03:00,2.483,0.0,102.24
2026-08-24T04:00,2.47,0.0,101.65
2026-08-24T05:00,2.457,0.0,101.07
2026-08-24T06:00,2.444,0.0,100.48
2026-08-24T07:00,2.433,0.0,99.99
2026-08-24T08:00,2.421,0.0,99.45
2026-08-24T09:00,2.407,0.0,98.82
2026-08-24T10:00,2.396,0.0,98.32
2026-08-24T11:00,2.385,0.0,97.83
2026-08-24T12:00,2.372,0.0,97.24
2026-08-24T13:00,2.364,0.0,96.88
2026-08-24T14:00,2.353,0.0,96.39
2026-08-24T15:00,2.341,0.0,95.85
2026-08-24T16:00,2.33,0.0,95.35
2026-08-24T17:00,2.32,0.0,94.9
2026-08-24T18:00,2.31,0.0,94.45
2026-08-24T19:00,2.301,0.0,94.05
2026-08-24T20:00,2.291,0.0,93.6
2026-08-24T21:00,2.282,0.0,93.19
2026-08-24T22:00,2.273,0.0,92.79
2026-08-24T23:00,2.263,0.0,92.34
2026-08-25T00:00,2.253,0.0,91.89
2026-08-25T01:00,2.245,0.0,91.53
2026-08-25T02:00,2.235,0.0,91.08
2026-08-25T03:00,2.227,0.0,90.72
2026-08-25T04:00,2.219,0.0,90.36
2026-08-25T05:00,2.211,0.0,90.0
2026-08-25T06:00,2.203,0.0,89.64
2026-08-25T07:00,2.197,0.0,89.37
2026-08-25T08:00,2.191,0.0,89.1
2026-08-25T09:00,2.182,0.0,88.69
2026-08-25T10:00,2.174,0.0,88.33
2026-08-25T12:00,2.159,0.0,87.66
2026-08-25T13:00,2.152,0.0,87.34
2026-08-25T14:00,2.146,0.0,87.07
2026-08-25T15:00,2.139,0.0,86.76
2026-08-25T16:00,2.13,0.0,86.35
2026-08-25T17:00,2.126,0.0,86.17
2026-08-25T18:00,2.121,0.0,85.95
2026-08-25T19:00,2.115,0.0,85.68
2026-08-25T20:00,2.109,0.0,85.41
2026-08-25T21:00,2.103,0.0,85.14
2026-08-25T22:00,2.097,0.0,84.87
2026-08-25T23:00,2.089,0.0,84.51
2026-08-26T00:00,2.083,0.0,84.24
2026-08-26T01:00,2.074,0.0,83.83
2026-08-26T02:00,2.067,0.0,83.52
2026-08-26T03:00,2.06,0.0,83.2
2026-08-26T04:00,2.052,0.0,82.84
2026-08-26T05:00,2.044,0.0,82.48
2026-08-26T06:00,2.038,0.0,82.21
2026-08-26T07:00,2.032,0.0,81.94
2026-08-26T08:00,2.026,0.0,81.67
2026-08-26T09:00,2.019,0.0,81.36
2026-08-26T10:00,2.013,0.0,81.09
2026-08-26T11:00,2.007,0.0,80.82
2026-08-26T12:00,2.0,0.0,80.5
2026-08-26T13:00,1.994,0.0,80.23
2026-08-26T14:00,1.987,0.0,79.92
2026-08-26T15:00,1.982,1.4,79.69
2026-08-26T16:00,1.977,0.0,79.47
2026-08-26T17:00,1.973,0.0,79.29
2026-08-26T18:00,1.968,0.2,79.06
2026-08-26T19:00,1.964,0.0,78.88
2026-08-26T20:00,1.958,0.0,78.61
2026-08-26T21:00,1.953,0.0,78.39
2026-08-26T22:00,1.948,0.0,78.16
2026-08-26T23:00,1.929,0.0,77.31
2026-08-27T00:00,1.924,0.0,77.08
2026-08-27T01:00,1.918,0.0,76.81
2026-08-27T02:00,1.913,0.0,76.59
2026-08-27T03:00,1.908,0.0,76.36
2026-08-27T04:00,1.903,0.0,76.14
2026-08-27T05:00,1.897,0.0,75.87
2026-08-27T06:00,1.892,0.0,75.64
2026-08-27T07:00,1.887,0.0,75.42
2026-08-27T08:00,1.882,0.0,75.19
2026-08-27T09:00,1.876,0.0,74.92
2026-08-27T10:00,1.87,0.0,74.65
2026-08-27T11:00,1.867,0.0,74.52
2026-08-27T12:00,1.863,0.0,74.34
2026-08-27T13:00,1.856,0.0,74.02
2026-08-27T14:00,1.853,0.0,73.89
2026-08-27T15:00,1.849,0.0,73.71
2026-08-27T16:00,1.844,0.0,73.48
2026-08-27T17:00,1.84,0.0,73.3
2026-08-27T18:00,1.835,0.0,73.08
2026-08-27T19:00,1.831,0.0,72.9
2026-08-27T20:00,1.827,0.0,72.72
2026-08-27T21:00,1.823,0.0,72.54
2026-08-27T22:00,1.819,0.0,72.36
2026-08-27T23:00,1.816,0.0,72.22
2026-08-28T00:00,1.811,0.0,72.0
2026-08-28T01:00,1.805,0.0,71.73
2026-08-28T02:00,1.802,0.0,71.59
2026-08-28T03:00,1.797,0.0,71.37
2026-08-28T04:00,1.792,0.0,71.14
2026-08-28T05:00,1.789,0.0,71.01
2026-08-28T06:00,1.785,0.0,70.83
2026-08-28T07:00,1.781,0.0,70.65
2026-08-28T08:00,1.778,0.0,70.51
2026-08-28T09:00,1.773,0.0,70.29
2026-08-28T10:00,1.767,0.0,70.02
2026-08-28T11:00,1.765,0.0,69.93
2026-08-28T12:00,1.748,0.0,69.16
2026-08-28T13:00,1.751,0.0,69.3
2026-08-28T14:00,1.743,0.0,68.94
2026-08-28T15:00,1.739,0.0,68.76
2026-08-28T16:00,1.74,0.0,68.8
2026-08-28T17:00,1.737,0.0,68.67
2026-08-28T18:00,1.735,0.0,68.58
2026-08-28T19:00,1.731,0.0,68.4
2026-08-28T20:00,1.727,0.0,68.22
2026-08-28T21:00,1.723,0.0,68.04
2026-08-28T22:00,1.716,0.0,67.72
2026-08-28T23:00,1.71,0.0,67.45
2026-08-29T00:00,1.705,0.0,67.23
2026-08-29T01:00,1.699,0.0,66.96
2026-08-29T02:00,1.692,0.0,66.64
2026-08-29T03:00,1.687,0.0,66.42
2026-08-29T04:00,1.684,0.0,66.28
2026-08-29T05:00,1.68,0.0,66.1
2026-08-29T06:00,1.677,0.0,65.97
2026-08-29T07:00,1.675,0.0,65.88
2026-08-29T08:00,1.672,0.0,65.74
2026-08-29T09:00,1.668,0.0,65.56
2026-08-29T10:00,1.664,0.2,65.38
2026-08-29T11:00,1.655,0.0,64.98
2026-08-29T12:00,1.641,0.0,64.35
2026-08-29T13:00,1.64,0.0,64.3
2026-08-29T14:00,1.736,16.8,68.62
2026-08-29T15:00,1.718,0.0,67.81
2026-08-29T16:00,1.705,0.0,67.23
2026-08-29T17:00,1.698,0.0,66.91
2026-08-29T18:00,1.691,0.0,66.6
2026-08-29T19:00,1.684,0.0,66.28
2026-08-29T20:00,1.679,0.8,66.06
2026-08-29T21:00,1.682,0.2,66.19
2026-08-29T22:00,1.677,0.2,65.97
2026-08-29T23:00,1.676,0.0,65.92
2026-08-30T00:00,1.672,0.0,65.74
2026-08-30T01:00,1.669,0.0,65.61
2026-08-30T02:00,1.664,0.0,65.38
2026-08-30T03:00,1.66,0.0,65.2
2026-08-30T04:00,1.657,0.0,65.07
2026-08-30T05:00,1.654,0.6,64.93
2026-08-30T06:00,1.645,1.6,64.53
2026-08-30T07:00,1.655,0.4,64.98
2026-08-30T08:00,1.654,0.0,64.93
2026-08-30T09:00,1.672,7.0,65.74
2026-08-30T10:00,1.694,5.8,66.73
2026-08-30T11:00,1.692,0.8,66.64
2026-08-30T12:00,1.689,0.0,66.51
2026-08-30T13:00,1.716,6.4,67.72
2026-08-30T14:00,1.728,6.2,68.26
2026-08-30T15:00,1.773,4.0,70.29
2026-08-30T16:00,1.842,4.4,73.39
2026-08-30T17:00,1.872,0.0,74.74
2026-08-30T18:00,1.9,0.0,76.0
2026-08-30T19:00,1.929,0.0,77.31
2026-08-30T20:00,1.969,4.0,79.11
2026-08-30T21:00,2.001,0.0,80.55
2026-08-30T22:00,2.031,0.0,81.9
2026-08-30T23:00,2.059,0.0,83.16
2026-08-31T00:00,2.087,1.2,84.42
2026-08-31T01:00,2.15,16.8,87.25
2026-08-31T02:00,2.265,2.8,92.43
2026-08-31T03:00,2.308,0.0,94.36
2026-08-31T04:00,2.36,0.0,96.7
2026-08-31T05:00,2.415,0.0,99.18
2026-08-31T06:00,2.474,0.0,101.83
2026-08-31T07:00,2.54,0.0,104.8
2026-08-31T08:00,2.61,0.2,107.95
2026-08-31T09:00,2.718,18.6,112.81
2026-08-31T10:00,2.887,4.6,120.42
2026-08-31T11:00,2.993,2.6,125.19
2026-08-31T12:00,3.107,0.6,130.32
2026-08-31T13:00,3.24,7.2,136.4
2026-08-31T14:00,3.387,6.0,143.38
2026-08-31T15:00,3.514,2.2,149.7
2026-08-31T16:00,3.657,2.6,156.85
2026-08-31T17:00,3.778,0.0,162.9
2026-08-31T18:00,3.936,16.0,170.8
2026-08-31T19:00,4.095,3.2,178.75
2026-08-31T20:00,4.228,3.4,185.4
2026-08-31T21:00,4.393,16.0,193.65
2026-08-31T22:00,4.602,12.0,204.1
2026-08-31T23:00,4.777,0.6,212.85
2026-09-01T00:00,4.924,0.0,220.2
2026-09-01T01:00,5.074,0.0,227.7
2026-09-01T02:00,5.221,0.0,235.05
2026-09-01T03:00,5.359,0.0,241.95
2026-09-01T04:00,5.487,0.0,248.35
2026-09-01T05:00,5.607,0.0,254.37
2026-09-01T06:00,5.714,0.2,259.99
2026-09-01T07:00,5.817,0.0,265.39
2026-09-01T08:00,5.911,0.0,270.33
2026-09-01T09:00,6.002,0.0,275.11
2026-09-01T10:00,6.087,0.0,279.57
2026-09-01T11:00,6.171,0.0,283.98
2026-09-01T12:00,6.25,0.0,288.13
2026-09-01T13:00,6.329,0.0,292.27
2026-09-01T14:00,6.404,0.0,296.21
2026-09-01T15:00,6.476,0.0,299.99
2026-09-01T16:00,6.546,0.2,303.67
2026-09-01T17:00,6.609,6.0,307.04
2026-09-01T18:00,6.696,4.6,312.26
2026-09-01T19:00,6.758,0.0,315.98
2026-09-01T20:00,6.818,0.0,319.63
2026-09-01T21:00,6.875,0.0,323.19
2026-09-01T22:00,6.93,0.0,326.63
2026-09-01T23:00,6.981,0.0,329.81
2026-09-02T00:00,7.032,0.0,333.08
2026-09-02T01:00,7.081,0.2,336.27
2026-09-02T02:00,7.127,0.0,339.26
2026-09-02T03:00,7.174,0.0,342.31
2026-09-02T04:00,7.222,0.0,345.54
2026-09-02T05:00,7.264,0.0,348.48
2026-09-02T06:00,7.308,0.0,351.56
2026-09-02T07:00,7.346,0.0,354.22
2026-09-02T08:00,7.382,0.0,356.74
2026-09-02T09:00,7.419,0.0,359.43
2026-09-02T10:00,7.452,0.0,361.9
2026-09-02T11:00,7.486,0.0,364.45
2026-09-02T12:00,7.523,0.0,367.23
2026-09-02T13:00,7.556,0.0,369.7
2026-09-02T14:00,7.586,0.0,371.95
2026-09-02T15:00,7.614,0.0,374.05
2026-09-02T16:00,7.645,0.0,376.38
2026-09-02T17:00,7.675,0.0,378.63
2026-09-02T18:00,7.701,0.0,380.58
2026-09-02T19:00,7.73,0.0,382.75
2026-09-02T20:00,7.756,0.0,384.7
2026-09-02T21:00,7.784,0.0,386.8
2026-09-02T22:00,7.81,0.0,388.75
2026-09-02T23:00,7.833,0.0,390.48
2026-09-03T00:00,7.856,0.0,392.2
2026-09-03T01:00,7.878,0.0,393.85
2026-09-03T02:00,7.899,0.0,395.43
2026-09-03T03:00,7.919,0.0,396.93
2026-09-03T04:00,7.94,0.0,398.5
2026-09-03T05:00,7.96,0.0,400.0
2026-09-03T06:00,7.977,0.0,401.28
2026-09-03T07:00,7.995,0.0,402.63
2026-09-03T08:00,8.015,0.0,404.13
2026-09-03T09:00,8.025,0.0,404.88
2026-09-03T10:00,8.045,0.0,406.38
2026-09-03T11:00,8.055,0.0,407.13
2026-09-03T12:00,8.065,0.0,407.88
2026-09-03T13:00,8.075,0.0,408.63
2026-09-03T14:00,8.095,0.0,410.13
2026-09-03T15:00,8.095,0.0,410.13
2026-09-03T16:00,8.105,0.0,410.88
2026-09-03T17:00,8.115,0.0,411.63
2026-09-03T18:00,8.115,0.0,411.63
2026-09-03T19:00,8.125,0.0,412.38
2026-09-03T20:00,8.125,0.0,412.38
2026-09-03T21:00,8.135,0.0,413.13
2026-09-03T22:00,8.135,0.0,413.13
2026-09-03T23:00,8.135,0.0,413.13
2026-09-04T00:00,8.135,0.0,413.13
2026-09-04T01:00,8.135,0.0,413.13
2026-09-04T02:00,8.135,0.0,413.13
2026-09-04T03:00,8.125,0.0,412.38
2026-09-04T04:00,8.125,0.0,412.38
2026-09-04T05:00,8.125,0.0,412.38
2026-09-04T06:00,8.115,0.0,411.63
2026-09-04T07:00,8.115,0.0,411.63
2026-09-04T08:00,8.105,0.0,410.88
2026-09-04T09:00,8.095,0.0,410.13
2026-09-04T10:00,8.085,0.0,409.38
2026-09-04T11:00,8.075,0.0,408.63
2026-09-04T12:00,8.075,0.0,408.63
2026-09-04T13:00,8.055,0.0,407.13
2026-09-04T14:00,8.045,0.0,406.38
2026-09-04T15:00,8.035,0.0,405.63
2026-09-04T16:00,8.025,0.0,404.88
2026-09-04T17:00,8.015,0.0,404.13
2026-09-04T18:00,8.0,0.0,403.0
2026-09-04T19:00,7.985,0.0,401.88
2026-09-04T20:00,7.971,0.0,400.83
2026-09-04T21:00,7.956,0.0,399.7
2026-09-04T22:00,7.939,0.0,398.43
2026-09-04T23:00,7.922,0.2,397.15
2026-09-05T00:00,7.904,0.2,395.8
2026-09-05T01:00,7.887,0.0,394.53
2026-09-05T02:00,7.868,0.0,393.1
2026-09-05T03:00,7.848,0.0,391.6
2026-09-05T04:00,7.829,0.0,390.18
2026-09-05T05:00,7.808,0.0,388.6
2026-09-05T06:00,7.786,0.0,386.95
2026-09-05T07:00,7.765,0.0,385.38
2026-09-05T08:00,7.742,0.8,383.65
2026-09-05T09:00,7.719,0.2,381.93
2026-09-05T10:00,7.695,0.0,380.13
2026-09-05T11:00,7.671,0.0,378.33
2026-09-05T12:00,7.646,0.6,376.45
2026-09-05T13:00,7.621,0.6,374.58
2026-09-05T14:00,7.594,0.2,372.55
2026-09-05T15:00,7.568,0.0,370.6
2026-09-05T16:00,7.539,0.0,368.43
2026-09-05T17:00,7.511,0.0,366.33
2026-09-05T18:00,7.481,0.0,364.08
2026-09-05T19:00,7.45,0.2,361.75
2026-09-05T20:00,7.418,0.0,359.35
2026-09-05T21:00,7.387,0.0,357.09
2026-09-05T22:00,7.354,0.0,354.78
2026-09-05T23:00,7.32,0.0,352.4
2026-09-06T00:00,7.284,0.0,349.88
2026-09-06T01:00,7.248,0.0,347.36
2026-09-06T02:00,7.211,0.0,344.77
2026-09-06T03:00,7.174,0.0,342.31
2026-09-06T04:00,7.135,0.0,339.78
2026-09-06T05:00,7.094,0.0,337.11
2026-09-06T06:00,7.055,0.0,334.58
2026-09-06T07:00,7.016,0.0,332.04
2026-09-06T08:00,6.974,0.0,329.38
2026-09-06T09:00,6.933,0.0,326.81
2026-09-06T10:00,6.89,0.0,324.13
2026-09-06T11:00,6.849,0.0,321.56
2026-09-06T12:00,6.805,0.0,318.81
2026-09-06T13:00,6.76,0.0,316.1
2026-09-06T14:00,6.713,0.0,313.28
2026-09-06T15:00,6.669,0.0,310.64
2026-09-06T16:00,6.624,0.0,307.94
2026-09-06T17:00,6.579,0.0,305.4
2026-09-06T18:00,6.534,0.0,303.04
2026-09-06T19:00,6.487,0.0,300.57
2026-09-06T20:00,6.44,0.0,298.1
2026-09-06T21:00,6.394,0.0,295.69
2026-09-06T22:00,6.345,0.0,293.11
2026-09-06T23:00,6.295,0.0,290.49
2026-09-07T00:00,6.248,0.0,288.02
2026-09-07T01:00,6.199,0.0,285.45
2026-09-07T02:00,6.151,0.0,282.93
2026-09-07T03:00,6.102,0.0,280.36
2026-09-07T04:00,6.054,0.0,277.84
2026-09-07T05:00,6.004,0.0,275.21
2026-09-07T06:00,5.956,0.0,272.69
2026-09-07T07:00,5.907,0.0,270.12
2026-09-07T08:00,5.859,0.0,267.6
2026-09-07T09:00,5.81,0.0,265.03
2026-09-07T10:00,5.762,0.0,262.51
2026-09-07T11:00,5.712,0.0,259.88
2026-09-07T12:00,5.665,0.0,257.41
2026-09-07T13:00,5.618,0.0,254.95
2026-09-07T15:00,5.521,0.0,250.05
2026-09-07T16:00,5.473,0.0,247.65
2026-09-07T17:00,5.426,0.0,245.3
2026-09-07T18:00,5.379,0.0,242.95
2026-09-07T19:00,5.331,0.0,240.55
2026-09-07T20:00,5.282,0.0,238.1
2026-09-07T21:00,5.234,0.0,235.7
2026-09-07T22:00,5.185,0.0,233.25
2026-09-07T23:00,5.137,0.0,230.85
2026-09-08T00:00,5.089,0.0,228.45
2026-09-08T01:00,5.042,0.0,226.1
2026-09-08T02:00,4.995,0.0,223.75
2026-09-08T03:00,4.949,0.0,221.45
2026-09-08T04:00,4.904,0.0,219.2
2026-09-08T05:00,4.859,0.0,216.95
2026-09-08T06:00,4.813,0.0,214.65
2026-09-08T07:00,4.77,0.0,212.5
2026-09-08T08:00,4.726,0.0,210.3
2026-09-08T09:00,4.683,0.0,208.15
2026-09-08T10:00,4.641,0.0,206.05
2026-09-08T11:00,4.596,0.0,203.8
2026-09-08T12:00,4.557,0.0,201.85
2026-09-08T13:00,4.516,0.0,199.8
2026-09-08T14:00,4.476,0.0,197.8
2026-09-08T15:00,4.436,0.0,195.8
2026-09-08T16:00,4.397,0.0,193.85
2026-09-08T17:00,4.36,0.0,192.0
2026-09-08T18:00,4.321,0.0,190.05
2026-09-08T19:00,4.284,0.0,188.2
2026-09-08T20:00,4.249,0.0,186.45
2026-09-08T21:00,4.213,0.0,184.65
2026-09-08T22:00,4.177,0.0,182.85
2026-09-08T23:00,4.142,0.0,181.1
2026-09-09T00:00,4.108,0.0,179.4
2026-09-09T01:00,4.073,0.0,177.65
2026-09-09T02:00,4.04,0.0,176.0
2026-09-09T03:00,4.006,0.0,174.3
2026-09-09T04:00,3.974,0.0,172.7
2026-09-09T05:00,3.941,0.0,171.05
2026-09-09T06:00,3.91,0.0,169.5
2026-09-09T07:00,3.879,0.0,167.95
2026-09-09T08:00,3.848,1.2,166.4
2026-09-09T09:00,3.816,0.0,164.8
2026-09-09T10:00,3.787,0.0,163.35
2026-09-09T11:00,3.756,2.0,161.8
2026-09-09T12:00,3.735,3.8,160.75
2026-09-09T13:00,3.704,0.0,159.2
2026-09-09T14:00,3.673,0.0,157.65
2026-09-09T15:00,3.644,0.0,156.2
2026-09-09T16:00,3.614,0.0,154.7
2026-09-09T17:00,3.585,0.4,153.25
2026-09-09T18:00,3.575,6.4,152.75
2026-09-09T19:00,3.551,0.4,151.55
2026-09-09T20:00,3.529,1.6,150.45
2026-09-09T21:00,3.518,0.4,149.9
2026-09-09T22:00,3.503,0.0,149.15
2026-09-09T23:00,3.487,0.0,148.35
2026-09-10T00:00,3.47,0.0,147.5
2026-09-10T01:00,3.452,0.2,146.6
2026-09-10T02:00,3.43,2.6,145.5
2026-09-10T03:00,3.439,17.6,145.95
2026-09-10T04:00,3.509,8.0,149.45
2026-09-10T05:00,3.532,5.6,150.6
2026-09-10T06:00,3.566,1.2,152.3
2026-09-10T07:00,3.599,4.2,153.95
2026-09-10T08:00,3.665,3.0,157.25
2026-09-10T09:00,3.73,4.8,160.5
2026-09-10T10:00,3.783,4.0,163.15
2026-09-10T11:00,3.85,0.2,166.5
2026-09-10T12:00,3.904,0.0,169.2
2026-09-10T13:00,3.96,1.8,172.0
2026-09-10T14:00,4.022,1.2,175.1
2026-09-10T15:00,4.082,1.0,178.1
2026-09-10T16:00,4.143,2.4,181.15
2026-09-10T17:00,4.212,0.6,184.6
2026-09-10T18:00,4.274,0.0,187.7
2026-09-10T19:00,4.337,0.4,190.85
2026-09-10T20:00,4.402,0.8,194.1
2026-09-10T21:00,4.469,0.2,197.45
2026-09-10T22:00,4.532,0.0,200.6
2026-09-10T23:00,4.597,0.4,203.85
2026-09-11T00:00,4.659,1.6,206.95
2026-09-11T01:00,4.732,1.4,210.6
2026-09-11T02:00,4.795,0.0,213.75
2026-09-11T03:00,4.859,0.0,216.95
2026-09-11T04:00,4.918,0.0,219.9
2026-09-11T05:00,4.977,0.0,222.85
2026-09-11T06:00,5.036,0.0,225.8
2026-09-11T07:00,5.095,2.2,228.75
2026-09-11T08:00,5.149,0.0,231.45
2026-09-11T09:00,5.201,0.0,234.05
2026-09-11T10:00,5.253,0.0,236.65
2026-09-11T11:00,5.302,0.0,239.1
2026-09-11T12:00,5.35,0.0,241.5
2026-09-11T13:00,5.395,0.0,243.75
2026-09-11T14:00,5.438,0.0,245.9
2026-09-11T15:00,5.481,0.2,248.05
2026-09-11T16:00,5.521,0.0,250.05
2026-09-11T17:00,5.587,25.4,253.35
2026-09-11T18:00,5.718,13.0,260.2
2026-09-11T19:00,5.806,9.4,264.82
2026-09-11T20:00,5.874,3.4,268.39
2026-09-11T21:00,5.969,4.4,273.37
2026-09-11T22:00,6.071,1.0,278.73
2026-09-11T23:00,6.159,0.0,283.35
2026-09-12T00:00,6.241,0.0,287.65
2026-09-12T01:00,6.321,0.0,291.85
2026-09-12T02:00,6.395,0.0,295.74
2026-09-12T03:00,6.464,0.0,299.36
2026-09-12T04:00,6.528,0.0,302.72
2026-09-12T05:00,6.589,0.0,305.92
2026-09-12T06:00,6.649,0.0,309.44
2026-09-12T07:00,6.702,0.0,312.62
2026-09-12T08:00,6.755,0.0,315.8
2026-09-12T09:00,6.805,0.0,318.81
2026-09-12T10:00,6.853,0.0,321.81
2026-09-12T11:00,6.901,0.0,324.81
2026-09-12T12:00,6.949,0.0,327.81
2026-09-12T13:00,6.997,0.0,330.81
2026-09-12T14:00,7.044,0.0,333.86
2026-09-12T15:00,7.09,0.0,336.85
2026-09-12T16:00,7.134,0.0,339.71
2026-09-12T17:00,7.186,0.0,343.09
2026-09-12T18:00,7.234,0.0,346.38
2026-09-12T19:00,7.282,0.0,349.74
2026-09-12T20:00,7.33,0.0,353.1
2026-09-12T21:00,7.374,0.0,356.18
2026-09-12T22:00,7.415,0.0,359.13
2026-09-12T23:00,7.454,0.0,362.05
2026-09-13T00:00,7.491,0.0,364.83
2026-09-13T01:00,7.528,0.0,367.6
2026-09-13T02:00,7.563,0.2,370.23
2026-09-13T03:00,7.597,0.0,372.78
2026-09-13T04:00,7.629,0.4,375.18
2026-09-13T05:00,7.661,1.2,377.58
2026-09-13T06:00,7.688,0.2,379.6
2026-09-13T07:00,7.717,0.0,381.78
2026-09-13T08:00,7.743,0.0,383.73
2026-09-13T09:00,7.767,0.0,385.53
2026-09-13T10:00,7.793,0.0,387.48
2026-09-13T11:00,7.816,0.0,389.2
2026-09-13T12:00,7.84,0.0,391.0
2026-09-13T13:00,7.862,0.0,392.65
2026-09-13T14:00,7.885,0.0,394.38
2026-09-13T15:00,7.905,0.0,395.88
2026-09-13T16:00,7.925,0.0,397.38
2026-09-13T17:00,7.942,0.0,398.65
2026-09-13T18:00,7.962,0.0,400.15
2026-09-13T19:00,7.979,0.0,401.43
2026-09-13T20:00,7.995,0.0,402.63
2026-09-13T21:00,8.015,0.0,404.13
2026-09-13T22:00,8.025,0.0,404.88
2026-09-13T23:00,8.035,0.0,405.63
2026-09-14T00:00,8.055,0.4,407.13
2026-09-14T01:00,8.065,0.0,407.88
2026-09-14T02:00,8.075,0.0,408.63
2026-09-14T03:00,8.085,0.2,409.38
2026-09-14T04:00,8.095,0.0,410.13
2026-09-14T05:00,8.105,0.0,410.88
2026-09-14T06:00,8.115,0.0,411.63
2026-09-14T07:00,8.125,0.0,412.38
2026-09-14T08:00,8.135,0.0,413.13
2026-09-14T09:00,8.145,0.0,413.88
2026-09-14T10:00,8.145,0.0,413.88
2026-09-14T11:00,8.155,0.0,414.63
2026-09-14T12:00,8.165,0.0,415.38
2026-09-14T13:00,8.165,0.0,415.38
2026-09-14T14:00,8.165,0.0,415.38
2026-09-14T15:00,8.175,0.2,416.13
2026-09-14T16:00,8.175,0.4,416.13
2026-09-14T17:00,8.175,0.4,416.13
2026-09-14T18:00,8.175,0.2,416.13
2026-09-14T19:00,8.175,0.2,416.13
2026-09-14T20:00,8.175,0.2,416.13
2026-09-14T21:00,8.175,0.0,416.13
2026-09-14T22:00,8.175,0.0,416.13
2026-09-14T23:00,8.175,0.0,416.13
2026-09-15T00:00,8.165,0.0,415.38
2026-09-15T01:00,8.165,0.0,415.38
2026-09-15T02:00,8.155,0.0,414.63
2026-09-15T03:00,8.145,0.0,413.88
2026-09-15T04:00,8.145,0.2,413.88
2026-09-15T05:00,8.135,0.0,413.13
2026-09-15T06:00,8.125,0.0,412.38
2026-09-15T07:00,8.115,0.0,411.63
2026-09-15T08:00,8.105,0.0,410.88
2026-09-15T09:00,8.095,0.0,410.13
2026-09-15T10:00,8.085,0.0,409.38
2026-09-15T11:00,8.075,0.0,408.63
2026-09-15T12:00,8.065,0.0,407.88
2026-09-15T13:00,8.045,0.0,406.38
2026-09-15T14:00,8.035,0.0,405.63
2026-09-15T15:00,8.015,0.0,404.13
2026-09-15T16:00,7.999,0.0,402.93
2026-09-15T17:00,7.986,0.0,401.95
2026-09-15T18:00,7.968,0.0,400.6
2026-09-15T19:00,7.952,0.0,399.4
2026-09-15T20:00,7.934,0.0,398.05
2026-09-15T21:00,7.915,0.0,396.63
2026-09-15T22:00,7.896,0.0,395.2
2026-09-15T23:00,7.877,0.0,393.78
2026-09-16T00:00,7.856,0.0,392.2
2026-09-16T01:00,7.834,0.0,390.55
2026-09-16T02:00,7.812,0.0,388.9
2026-09-16T03:00,7.791,0.0,387.33
2026-09-16T04:00,7.768,0.0,385.6
2026-09-16T05:00,7.743,0.0,383.73
2026-09-16T06:00,7.72,0.0,382.0
2026-09-16T07:00,7.696,0.0,380.2
2026-09-16T08:00,7.671,0.0,378.33
2026-09-16T09:00,7.645,0.0,376.38
2026-09-16T10:00,7.619,0.0,374.43
2026-09-16T11:00,7.593,0.0,372.48
2026-09-16T12:00,7.564,0.0,370.3
2026-09-16T13:00,7.536,0.0,368.2
2026-09-16T14:00,7.505,0.0,365.88
2026-09-16T15:00,7.474,0.0,363.55
2026-09-16T16:00,7.443,0.0,361.23
2026-09-16T18:00,7.381,0.0,356.67
2026-09-16T19:00,7.349,0.0,354.43
2026-09-16T20:00,7.316,0.0,352.12
2026-09-16T21:00,7.281,0.0,349.67
2026-09-16T22:00,7.245,0.0,347.15
2026-09-16T23:00,7.209,0.0,344.63
2026-09-17T00:00,7.171,0.0,342.12
2026-09-17T01:00,7.133,0.0,339.65
2026-09-17T02:00,7.095,0.0,337.18
2026-09-17T03:00,7.057,0.0,334.71
2026-09-17T04:00,7.016,0.0,332.04
2026-09-17T05:00,6.976,0.0,329.5
2026-09-17T06:00,6.934,0.0,326.88
2026-09-17T07:00,6.893,0.0,324.31
2026-09-17T08:00,6.851,0.0,321.69
2026-09-17T09:00,6.808,0.0,319.0
2026-09-17T10:00,6.764,0.0,316.34
2026-09-17T11:00,6.722,0.0,313.82
2026-09-17T12:00,6.678,0.0,311.18
2026-09-17T13:00,6.634,0.0,308.54
2026-09-17T14:00,6.588,0.0,305.87
2026-09-17T15:00,6.541,0.0,303.4
2026-09-17T16:00,6.496,0.0,301.04
2026-09-17T17:00,6.451,0.0,298.68
2026-09-17T18:00,6.405,0.0,296.26
2026-09-17T19:00,6.358,0.0,293.8
2026-09-17T20:00,6.311,0.0,291.33
2026-09-17T21:00,6.264,0.0,288.86
2026-09-17T22:00,6.217,0.0,286.39
2026-09-17T23:00,6.169,0.0,283.87
2026-09-18T00:00,6.121,0.0,281.35
2026-09-18T01:00,6.074,0.0,278.89
2026-09-18T02:00,6.028,0.0,276.47
2026-09-18T03:00,5.98,0.0,273.95
2026-09-18T04:00,5.935,0.0,271.59
2026-09-18T05:00,5.888,0.0,269.12
2026-09-18T06:00,5.843,0.0,266.76
2026-09-18T07:00,5.797,0.0,264.34
2026-09-18T08:00,5.752,0.0,261.98
2026-09-18T09:00,5.706,0.0,259.57
2026-09-18T10:00,5.66,0.0,257.15
2026-09-18T11:00,5.615,0.0,254.79
2026-09-18T12:00,5.572,0.0,252.6
2026-09-18T13:00,5.529,0.0,250.45
2026-09-18T14:00,5.487,0.0,248.35
2026-09-18T15:00,5.444,0.0,246.2
2026-09-18T16:00,5.402,0.0,244.1
2026-09-18T17:00,5.361,0.0,242.05
2026-09-18T18:00,5.32,0.0,240.0
2026-09-18T19:00,5.279,0.0,237.95
2026-09-18T20:00,5.239,0.0,235.95
2026-09-18T21:00,5.198,0.0,233.9
2026-09-18T22:00,5.158,0.0,231.9
2026-09-18T23:00,5.119,0.0,229.95
2026-09-19T00:00,5.08,0.0,228.0
2026-09-19T01:00,5.043,0.0,226.15
2026-09-19T02:00,5.005,0.0,224.25
2026-09-19T03:00,4.969,0.0,222.45
2026-09-19T04:00,4.933,0.0,220.65
2026-09-19T05:00,4.897,0.0,218.85
2026-09-19T06:00,4.862,0.0,217.1
2026-09-19T07:00,4.828,0.0,215.4
2026-09-19T08:00,4.795,0.0,213.75
2026-09-19T09:00,4.761,0.0,212.05
2026-09-19T10:00,4.728,0.0,210.4
2026-09-19T11:00,4.695,0.4,208.75
2026-09-19T12:00,4.664,0.4,207.2
2026-09-19T13:00,4.632,2.2,205.6
2026-09-19T14:00,4.606,3.0,204.3
2026-09-19T15:00,4.581,1.4,203.05
2026-09-19T16:00,4.553,1.4,201.65
2026-09-19T17:00,4.529,1.0,200.45
2026-09-19T18:00,4.505,1.2,199.25
2026-09-19T19:00,4.481,0.4,198.05
2026-09-19T20:00,4.455,0.2,196.75
2026-09-19T21:00,4.431,0.2,195.55
2026-09-19T22:00,4.406,0.0,194.3
2026-09-19T23:00,4.382,0.2,193.1
2026-09-20T00:00,4.358,1.0,191.9
2026-09-20T01:00,4.338,2.2,190.9
2026-09-20T02:00,4.32,0.6,190.0
2026-09-20T03:00,4.3,0.2,189.0
2026-09-20T04:00,4.281,0.0,188.05
2026-09-20T05:00,4.262,0.0,187.1
2026-09-20T06:00,4.242,0.0,186.1
2026-09-20T07:00,4.226,0.0,185.3
2026-09-20T08:00,4.207,0.0,184.35
2026-09-20T09:00,4.19,0.0,183.5
2026-09-20T10:00,4.176,0.0,182.8
2026-09-20T11:00,4.158,0.0,181.9
2026-09-20T12:00,4.147,0.0,181.35
2026-09-20T13:00,4.134,0.0,180.7
2026-09-20T14:00,4.122,0.0,180.1
2026-09-20T15:00,4.111,0.0,179.55
2026-09-20T16:00,4.098,0.0,178.9
2026-09-20T17:00,4.089,0.0,178.45
2026-09-20T18:00,4.075,0.0,177.75
2026-09-20T19:00,4.064,0.0,177.2
2026-09-20T20:00,4.053,0.0,176.65
2026-09-20T21:00,4.041,0.0,176.05
2026-09-20T22:00,4.03,0.0,175.5
2026-09-20T23:00,4.017,0.0,174.85
2026-09-21T00:00,4.005,0.0,174.25
2026-09-21T01:00,3.993,0.0,173.65
2026-09-21T02:00,3.981,0.0,173.05
2026-09-21T03:00,3.969,0.0,172.45
2026-09-21T04:00,3.956,0.0,171.8
2026-09-21T05:00,3.944,0.0,171.2
2026-09-21T06:00,3.932,0.0,170.6
2026-09-21T07:00,3.919,0.0,169.95
2026-09-21T08:00,3.904,0.0,169.2
2026-09-21T09:00,3.892,0.0,168.6
2026-09-21T10:00,3.874,0.0,167.7
2026-09-21T11:00,3.864,0.0,167.2
2026-09-21T12:00,3.849,0.0,166.45
2026-09-21T13:00,3.833,0.0,165.65
2026-09-21T14:00,3.815,0.0,164.75
2026-09-21T15:00,3.802,0.0,164.1
2026-09-21T16:00,3.789,0.0,163.45
2026-09-21T17:00,3.776,0.0,162.8
2026-09-21T18:00,3.76,0.0,162.0
2026-09-21T19:00,3.746,0.2,161.3
2026-09-21T20:00,3.731,5.6,160.55
2026-09-21T21:00,3.755,21.6,161.75
2026-09-21T22:00,3.832,6.4,165.6
2026-09-21T23:00,3.833,2.6,165.65
2026-09-22T00:00,3.841,3.4,166.05
2026-09-22T01:00,3.862,3.8,167.1
2026-09-22T02:00,3.912,5.2,169.6
2026-09-22T03:00,3.942,0.2,171.1
2026-09-22T04:00,3.968,0.2,172.4
2026-09-22T05:00,3.993,0.0,173.65
2026-09-22T06:00,4.019,0.0,174.95
2026-09-22T07:00,4.046,0.0,176.3
2026-09-22T08:00,4.073,0.0,177.65
2026-09-22T09:00,4.104,0.0,179.2
2026-09-22T10:00,4.137,0.0,180.85
2026-09-22T11:00,4.172,0.0,182.6
2026-09-22T12:00,4.213,0.0,184.65
2026-09-22T13:00,4.257,0.0,186.85
2026-09-22T14:00,4.305,0.0,189.25
2026-09-22T15:00,4.358,0.0,191.9
2026-09-22T16:00,4.411,0.0,194.55
2026-09-22T17:00,4.468,0.0,197.4
2026-09-22T18:00,4.524,0.0,200.2
2026-09-22T19:00,4.582,0.0,203.1
2026-09-22T20:00,4.642,0.0,206.1
2026-09-22T21:00,4.699,0.0,208.95
2026-09-22T22:00,4.756,0.0,211.8
2026-09-22T23:00,4.812,0.0,214.6
2026-09-23T00:00,4.867,0.0,217.35
2026-09-23T01:00,4.917,0.0,219.85
2026-09-23T02:00,4.97,0.0,222.5
2026-09-23T03:00,5.02,0.0,225.0
2026-09-23T04:00,5.066,0.0,227.3
2026-09-23T05:00,5.112,0.4,229.6
2026-09-23T06:00,5.154,0.0,231.7
2026-09-23T07:00,5.198,0.0,233.9
2026-09-23T08:00,5.239,0.0,235.95
2026-09-23T09:00,5.277,0.0,237.85
2026-09-23T10:00,5.313,0.0,239.65
2026-09-23T11:00,5.348,0.0,241.4
2026-09-23T12:00,5.379,0.0,242.95
2026-09-23T13:00,5.409,0.0,244.45
2026-09-23T14:00,5.439,0.0,245.95
2026-09-23T15:00,5.467,0.0,247.35
2026-09-23T16:00,5.494,0.0,248.7
2026-09-23T17:00,5.52,0.0,250.0
2026-09-23T18:00,5.543,0.0,251.15
2026-09-23T19:00,5.564,0.0,252.2
2026-09-23T20:00,5.585,0.0,253.25
2026-09-23T21:00,5.604,0.0,254.21
2026-09-23T22:00,5.623,0.0,255.21
2026-09-23T23:00,5.639,0.0,256.05
2026-09-24T00:00,5.655,0.0,256.89
2026-09-24T01:00,5.671,0.0,257.73
2026-09-24T02:00,5.686,0.0,258.52
2026-09-24T03:00,5.697,0.0,259.09
2026-09-24T04:00,5.709,0.0,259.72
2026-09-24T05:00,5.721,0.0,260.35
2026-09-24T06:00,5.731,0.0,260.88
2026-09-24T07:00,5.741,0.0,261.4
2026-09-24T08:00,5.748,0.0,261.77
2026-09-24T09:00,5.754,0.0,262.09
2026-09-24T10:00,5.76,0.0,262.4
2026-09-24T11:00,5.764,0.0,262.61
2026-09-24T12:00,5.769,0.0,262.87
2026-09-24T13:00,5.773,0.0,263.08
2026-09-24T14:00,5.774,0.0,263.14
2026-09-24T15:00,5.772,0.0,263.03
2026-09-24T16:00,5.777,0.0,263.29
2026-09-24T17:00,5.777,0.0,263.29
2026-09-24T18:00,5.778,0.0,263.35
2026-09-24T19:00,5.777,0.0,263.29
2026-09-24T20:00,5.774,0.0,263.14
2026-09-24T21:00,5.77,0.0,262.93
2026-09-24T22:00,5.766,0.0,262.72
2026-09-24T23:00,5.762,0.0,262.51
2026-09-25T00:00,5.754,0.0,262.09
2026-09-25T01:00,5.747,0.0,261.72
2026-09-25T02:00,5.74,0.0,261.35
2026-09-25T03:00,5.73,0.0,260.83
2026-09-25T04:00,5.721,0.0,260.35
2026-09-25T05:00,5.711,0.0,259.83
2026-09-25T06:00,5.7,0.0,259.25
2026-09-25T07:00,5.688,0.0,258.62
2026-09-25T08:00,5.678,0.0,258.1
2026-09-25T09:00,5.664,0.0,257.36
2026-09-25T10:00,5.647,0.0,256.47
2026-09-25T11:00,5.633,0.0,255.73
2026-09-25T12:00,5.621,0.0,255.1
2026-09-25T13:00,5.605,0.0,254.26
2026-09-25T14:00,5.585,0.0,253.25
2026-09-25T15:00,5.569,0.0,252.45
2026-09-25T16:00,5.552,0.0,251.6
2026-09-25T17:00,5.532,0.0,250.6
2026-09-25T18:00,5.518,0.0,249.9
2026-09-25T19:00,5.498,0.0,248.9
2026-09-25T20:00,5.479,0.0,247.95
2026-09-25T21:00,5.46,0.0,247.0
2026-09-25T22:00,5.44,0.0,246.0
2026-09-25T23:00,5.418,0.0,244.9
2026-09-26T00:00,5.397,0.0,243.85
2026-09-26T01:00,5.375,0.0,242.75
2026-09-26T02:00,5.353,0.0,241.65
2026-09-26T03:00,5.329,0.0,240.45
2026-09-26T04:00,5.307,0.0,239.35
2026-09-26T05:00,5.283,0.0,238.15
2026-09-26T06:00,5.259,0.0,236.95
2026-09-26T07:00,5.235,0.0,235.75
2026-09-26T08:00,5.211,0.0,234.55
2026-09-26T09:00,5.189,0.0,233.45
2026-09-26T10:00,5.159,0.0,231.95
2026-09-26T11:00,5.138,0.0,230.9
2026-09-26T12:00,5.112,0.0,229.6
2026-09-26T13:00,5.084,0.0,228.2
2026-09-26T14:00,5.059,0.0,226.95
2026-09-26T15:00,5.033,0.0,225.65
2026-09-26T16:00,5.008,0.0,224.4
2026-09-26T17:00,4.974,0.0,222.7
2026-09-26T18:00,4.945,0.0,221.25
2026-09-26T19:00,4.934,0.0,220.7
2026-09-26T20:00,4.91,0.0,219.5
2026-09-26T21:00,4.885,0.0,218.25
2026-09-26T22:00,4.859,0.0,216.95
2026-09-26T23:00,4.835,0.0,215.75
2026-09-27T00:00,4.809,0.0,214.45
2026-09-27T01:00,4.784,0.0,213.2
2026-09-27T02:00,4.76,0.0,212.0
2026-09-27T03:00,4.734,0.0,210.7
2026-09-27T04:00,4.71,0.0,209.5
2026-09-27T05:00,4.685,0.0,208.25
2026-09-27T06:00,4.659,0.0,206.95
2026-09-27T07:00,4.636,0.0,205.8
2026-09-27T08:00,4.61,0.0,204.5
2026-09-27T09:00,4.586,0.0,203.3
2026-09-27T10:00,4.561,0.0,202.05
2026-09-27T11:00,4.538,0.0,200.9
2026-09-27T12:00,4.513,0.0,199.65
2026-09-27T13:00,4.486,0.0,198.3
2026-09-27T14:00,4.46,0.0,197.0
2026-09-27T15:00,4.437,0.0,195.85
2026-09-27T16:00,4.415,0.0,194.75
2026-09-27T17:00,4.393,0.0,193.65
2026-09-27T18:00,4.37,0.0,192.5
2026-09-27T19:00,4.347,0.0,191.35
2026-09-27T20:00,4.324,0.0,190.2
2026-09-27T21:00,4.304,0.0,189.2
2026-09-27T22:00,4.278,0.0,187.9
2026-09-27T23:00,4.255,0.0,186.75
2026-09-28T00:00,4.233,0.0,185.65
2026-09-28T01:00,4.21,0.0,184.5
2026-09-28T02:00,4.189,0.0,183.45
2026-09-28T03:00,4.166,0.0,182.3
2026-09-28T04:00,4.145,0.0,181.25
2026-09-28T05:00,4.123,0.0,180.15
2026-09-28T06:00,4.103,0.0,179.15
2026-09-28T07:00,4.084,0.0,178.2
2026-09-28T08:00,4.062,0.0,177.1
2026-09-28T09:00,4.041,0.0,176.05
2026-09-28T10:00,4.021,0.0,175.05
2026-09-28T11:00,4.003,0.4,174.15
2026-09-28T12:00,3.986,0.0,173.3
2026-09-28T13:00,3.966,0.2,172.3
2026-09-28T14:00,3.948,0.0,171.4
2026-09-28T15:00,3.931,0.2,170.55
2026-09-28T16:00,3.912,0.2,169.6
2026-09-28T17:00,3.899,5.8,168.95
2026-09-28T18:00,3.891,1.2,168.55
2026-09-28T19:00,3.874,0.0,167.7
2026-09-28T20:00,3.857,0.6,166.85
2026-09-28T21:00,3.846,0.8,166.3
2026-09-28T22:00,3.836,6.8,165.8
2026-09-28T23:00,3.835,0.2,165.75
2026-09-29T00:00,3.819,0.0,164.95
2026-09-29T01:00,3.808,0.0,164.4
2026-09-29T02:00,3.796,0.0,163.8
2026-09-29T03:00,3.782,0.0,163.1
2026-09-29T04:00,3.769,0.0,162.45
2026-09-29T05:00,3.757,0.0,161.85
2026-09-29T06:00,3.746,0.2,161.3
2026-09-29T07:00,3.735,0.0,160.75
2026-09-29T08:00,3.723,0.0,160.15
2026-09-29T09:00,3.71,0.0,159.5
2026-09-29T10:00,3.698,0.0,158.9
2026-09-29T11:00,3.684,0.0,158.2
2026-09-29T12:00,3.674,0.0,157.7
2026-09-29T13:00,3.656,0.0,156.8
2026-09-29T14:00,3.653,0.4,156.65
2026-09-29T15:00,3.641,0.4,156.05
2026-09-29T16:00,3.629,0.0,155.45
2026-09-29T17:00,3.675,20.2,157.75
2026-09-29T18:00,3.683,1.6,158.15
2026-09-29T19:00,3.673,0.0,157.65
2026-09-29T20:00,3.664,0.0,157.2
2026-09-29T21:00,3.654,0.0,156.7
2026-09-29T22:00,3.645,0.0,156.25
2026-09-29T23:00,3.637,0.0,155.85
2026-09-30T00:00,3.628,0.0,155.4
2026-09-30T01:00,3.62,0.0,155.0
2026-09-30T02:00,3.61,1.2,154.5
2026-09-30T03:00,3.611,0.4,154.55
2026-09-30T04:00,3.605,0.0,154.25
2026-09-30T05:00,3.602,0.0,154.1
2026-09-30T06:00,3.601,0.0,154.05
2026-09-30T07:00,3.603,0.0,154.15
2026-09-30T08:00,3.606,0.2,154.3
2026-09-30T09:00,3.612,0.0,154.6
2026-09-30T10:00,3.62,0.0,155.0
2026-09-30T11:00,3.627,0.0,155.35
2026-09-30T12:00,3.641,0.0,156.05
2026-09-30T13:00,3.65,0.0,156.5
2026-09-30T14:00,3.667,0.0,157.35
2026-09-30T15:00,3.683,0.6,158.15
2026-09-30T16:00,3.697,0.2,158.85
2026-09-30T17:00,3.712,0.0,159.6
2026-09-30T18:00,3.725,0.0,160.25
2026-09-30T19:00,3.738,0.0,160.9
2026-09-30T20:00,3.75,0.0,161.5
2026-09-30T21:00,3.762,0.2,162.1
2026-09-30T22:00,3.772,0.0,162.6
2026-09-30T23:00,3.781,0.0,163.05
2026-10-01T00:00,3.789,0.0,163.45
2026-10-01T01:00,3.796,0.0,163.8
2026-10-01T02:00,3.802,0.0,164.1
2026-10-01T03:00,3.805,0.0,164.25
2026-10-01T04:00,3.806,0.0,164.3
2026-10-01T05:00,3.803,1.2,164.15
2026-10-01T06:00,3.812,5.6,164.6
2026-10-01T07:00,3.832,0.8,165.6
2026-10-01T08:00,3.831,0.6,165.55
2026-10-01T09:00,3.832,0.4,165.6
2026-10-01T10:00,3.829,0.0,165.45
2026-10-01T11:00,3.826,0.0,165.3
2026-10-01T12:00,3.82,0.0,165.0
2026-10-01T13:00,3.815,0.0,164.75
2026-10-01T14:00,3.81,0.0,164.5
2026-10-01T15:00,3.804,0.0,164.2
2026-10-01T16:00,3.8,0.0,164.0
2026-10-01T17:00,3.825,7.2,165.25
2026-10-01T18:00,3.829,0.0,165.45
2026-10-01T19:00,3.827,0.0,165.35
2026-10-01T20:00,3.827,0.0,165.35
2026-10-01T23:00,3.834,0.0,165.7
2026-10-02T00:00,3.835,0.0,165.75
2026-10-02T01:00,3.836,0.0,165.8
2026-10-02T02:00,3.838,0.0,165.9
2026-10-02T03:00,3.839,0.0,165.95
2026-10-02T04:00,3.839,0.0,165.95
2026-10-02T05:00,3.839,0.0,165.95
2026-10-02T06:00,3.838,0.0,165.9
2026-10-02T07:00,3.838,0.0,165.9
2026-10-02T08:00,3.837,0.0,165.85
2026-10-02T09:00,3.836,0.0,165.8
2026-10-02T10:00,3.834,0.0,165.7
2026-10-02T11:00,3.831,0.0,165.55
2026-10-02T12:00,3.827,0.0,165.35
